Date,Adj Close,Close,High,Low,Open,Volume
2021-02-10,67.23855590820312,80.01000213623047,80.44999694824219,79.44000244140625,79.98999786376953,2767300
2021-02-11,66.34772491455078,78.94999694824219,80.23999786376953,78.7699966430664,80.13999938964844,2284100
2021-02-12,66.06200408935547,78.61000061035156,79.33000183105469,78.18000030517578,78.91000366210938,1917700
2021-02-16,65.70904541015625,78.19000244140625,78.79000091552734,77.91000366210938,78.56999969482422,2233100
2021-02-17,65.9611587524414,78.48999786376953,79.3499984741211,78.22000122070312,78.48999786376953,2152000
2021-02-18,67.6335220336914,80.4800033569336,80.69000244140625,78.51000213623047,78.51000213623047,3468100
2021-02-19,66.45699310302734,79.08000183105469,80.4800033569336,78.72000122070312,80.12999725341797,3658400
2021-02-22,64.51569366455078,76.7699966430664,79.05999755859375,75.41999816894531,78.87000274658203,3651600
2021-02-23,65.62500762939453,78.08999633789062,78.76000213623047,76.94000244140625,77.29000091552734,3660500
2021-02-24,64.79302978515625,77.0999984741211,78.25,76.8499984741211,78.16999816894531,3507500
2021-02-25,64.1207504272461,76.30000305175781,78.05999755859375,75.73999786376953,78.05999755859375,4283700
2021-02-26,62.902191162109375,74.8499984741211,77.33000183105469,74.80000305175781,76.5,4432500
2021-03-01,64.46530151367188,76.70999908447266,77.5999984741211,75.4000015258789,75.41999816894531,3091300
2021-03-02,64.24678802490234,76.44999694824219,77.1500015258789,75.88999938964844,76.86000061035156,3851900
2021-03-03,64.13753509521484,76.31999969482422,76.45999908447266,74.95999908447266,76.2300033569336,2936800
2021-03-04,64.9190902709961,77.25,78.12000274658203,76.19000244140625,76.33000183105469,4102500
2021-03-05,66.30571746826172,78.9000015258789,79.29000091552734,77.25,77.5,4182700
2021-03-08,67.64189910888672,80.48999786376953,80.95999908447266,78.69999694824219,78.83000183105469,3215800
2021-03-09,67.73434448242188,80.5999984741211,81.18000030517578,80.30999755859375,80.87000274658203,2869000
2021-03-10,68.23857879638672,81.19999694824219,81.58000183105469,80.38999938964844,81.2300033569336,3518600
2021-03-11,67.2301254272461,80.0,81.80999755859375,79.9800033569336,80.83999633789062,3129900
2021-03-12,68.1041259765625,81.04000091552734,81.47000122070312,79.69000244140625,80.41999816894531,2637900
2021-03-15,69.14619445800781,82.27999877929688,82.33000183105469,81.05000305175781,81.05999755859375,3209500
2021-03-16,70.17144775390625,83.5,83.55000305175781,81.80000305175781,81.80000305175781,5104300
2021-03-17,69.01172637939453,82.12000274658203,83.70999908447266,81.97000122070312,83.37000274658203,3034900
2021-03-18,69.41511535644531,82.5999984741211,82.69000244140625,81.23999786376953,82.27999877929688,2349800
2021-03-19,70.31432342529297,83.66999816894531,84.13999938964844,81.97000122070312,82.87000274658203,9525500
2021-03-22,70.28070068359375,83.62999725341797,84.3499984741211,83.13999938964844,84.1500015258789,2854300
2021-03-23,71.12947845458984,84.63999938964844,85.16000366210938,83.5,84.0,2652000
2021-03-24,71.4236068725586,84.98999786376953,85.47000122070312,83.80000305175781,84.20999908447266,2895100
2021-03-25,71.19670867919922,84.72000122070312,85.83999633789062,84.33999633789062,85.52999877929688,3383500
2021-03-26,71.4236068725586,84.98999786376953,85.04000091552734,83.68000030517578,84.44999694824219,3074500
2021-03-29,72.13793182373047,85.83999633789062,86.12999725341797,84.26000213623047,84.58000183105469,2639800
2021-03-30,71.20510864257812,84.7300033569336,85.5199966430664,83.69999694824219,85.5199966430664,2428300
2021-03-31,71.17989349365234,84.69999694824219,85.08999633789062,84.12999725341797,84.5199966430664,3250700
2021-04-01,71.88581085205078,85.54000091552734,85.58000183105469,84.30000305175781,84.9000015258789,2180000
2021-04-05,72.5160903930664,86.29000091552734,86.72000122070312,85.1500015258789,85.22000122070312,1702300
2021-04-06,72.91947937011719,86.7699966430664,86.81999969482422,85.66000366210938,86.38999938964844,1733300
2021-04-07,72.85225677490234,86.69000244140625,87.16000366210938,86.29000091552734,86.91999816894531,1883100
2021-04-08,72.33123016357422,86.06999969482422,86.98999786376953,86.0,86.81999969482422,2814800
2021-04-09,72.17993927001953,85.88999938964844,86.69999694824219,85.81999969482422,86.06999969482422,2952800
2021-04-12,72.27238464355469,86.0,86.72000122070312,85.7300033569336,86.04000091552734,3324800
2021-04-13,72.8774642944336,86.72000122070312,86.93000030517578,85.0,85.70999908447266,2460600
2021-04-14,73.17158508300781,87.06999969482422,87.08999633789062,85.9800033569336,86.4000015258789,2563300
2021-04-15,73.79345703125,87.80999755859375,87.91999816894531,86.83000183105469,87.19000244140625,3004300
2021-04-16,74.41534423828125,88.55000305175781,88.9000015258789,87.7699966430664,88.19000244140625,2378400
2021-04-19,74.4993896484375,88.6500015258789,89.0,88.06999969482422,88.55000305175781,2753000
2021-04-20,75.75154113769531,90.13999938964844,90.62000274658205,88.69999694824219,89.0,3333200
2021-04-21,75.08765411376953,89.3499984741211,90.4499969482422,89.04000091552734,89.81999969482422,2662700
2021-04-22,73.9111328125,87.94999694824219,89.16000366210938,87.43000030517578,87.63999938964844,2755900
2021-04-23,73.70101928710938,87.69999694824219,88.4000015258789,87.36000061035156,88.4000015258789,3093200
2021-04-26,73.61699676513672,87.5999984741211,88.05000305175781,87.04000091552734,88.05000305175781,1743600
2021-04-27,73.28084564208984,87.19999694824219,87.91000366210938,87.08000183105469,87.33999633789062,2173400
2021-04-28,72.88587951660156,86.7300033569336,87.5999984741211,86.36000061035156,87.41999816894531,4908700
2021-04-29,74.02877044677734,88.08999633789062,88.12999725341797,86.55999755859375,86.5999984741211,2592900
2021-04-30,74.54981231689453,88.70999908447266,88.80000305175781,87.54000091552734,88.25,2817900
2021-05-03,74.52458953857422,88.68000030517578,89.5,88.45999908447266,89.06999969482422,2071000
2021-05-04,74.27247619628906,88.37999725341797,89.05999755859375,87.7300033569336,88.41999816894531,2747100
2021-05-05,73.50775146484375,87.47000122070312,88.30000305175781,86.69999694824219,88.29000091552734,1906200
2021-05-06,74.05396270751953,88.12000274658203,88.44000244140625,87.1500015258789,87.70999908447266,1644200
2021-05-07,73.89298248291016,87.19000244140625,88.05000305175781,86.88999938964844,87.06999969482422,2617000
2021-05-10,74.20653533935547,87.55999755859375,88.30999755859375,87.30999755859375,87.55000305175781,4291800
2021-05-11,73.23192596435547,86.41000366210938,88.0999984741211,85.83000183105469,87.58000183105469,6084100
2021-05-12,72.0199966430664,84.9800033569336,86.62999725341797,84.8499984741211,86.29000091552734,3702200
2021-05-13,73.32513427734375,86.5199966430664,87.11000061035156,84.69999694824219,85.0,3025800
2021-05-14,73.5285415649414,86.76000213623047,87.45999908447266,86.62000274658203,86.91999816894531,2193500
2021-05-17,72.41832733154297,85.44999694824219,86.9000015258789,85.1500015258789,86.47000122070312,4317800
2021-05-18,72.67256164550781,85.75,86.06999969482422,85.1500015258789,85.87999725341797,3130700
2021-05-19,72.816650390625,85.91999816894531,86.08000183105469,84.77999877929688,85.58999633789062,2498900
2021-05-20,73.10479736328125,86.26000213623047,86.97000122070312,85.69999694824219,85.86000061035156,2196700
2021-05-21,73.43529510498047,86.6500015258789,86.87000274658203,86.19999694824219,86.61000061035156,2015900
2021-05-24,73.36751556396484,86.56999969482422,87.12000274658203,86.44000244140625,87.05999755859375,1551200
2021-05-25,72.82511901855469,85.93000030517578,86.7699966430664,85.5999984741211,86.6500015258789,1845700
2021-05-26,72.67256164550781,85.75,86.19999694824219,85.56999969482422,86.0999984741211,1985700
2021-05-27,72.5030746459961,85.55000305175781,85.95999908447266,85.4800033569336,85.91999816894531,2452700
2021-05-28,72.88446044921875,86.0,86.41999816894531,85.80999755859375,86.0,2297800
2021-06-01,72.12168884277344,85.0999984741211,86.26000213623047,84.9800033569336,86.16999816894531,2137200
2021-06-02,72.58781433105469,85.6500015258789,85.94999694824219,84.91999816894531,85.25,1817700
2021-06-03,72.85054779052734,85.95999908447266,86.41000366210938,84.97000122070312,85.12000274658203,5428000
2021-06-04,72.90985870361328,86.02999877929688,86.29000091552734,85.62000274658203,85.97000122070312,1984800
2021-06-07,72.60476684570312,85.66999816894531,86.30000305175781,85.5,86.30000305175781,2206300
2021-06-08,70.31653594970703,82.97000122070312,85.80999755859375,81.94000244140625,85.80999755859375,6890000
2021-06-09,71.57083129882812,84.44999694824219,84.73999786376953,83.08000183105469,83.4000015258789,3277100
2021-06-10,71.8081283569336,84.7300033569336,85.05000305175781,84.23999786376953,84.83999633789062,2386600
2021-06-11,71.83355712890625,84.76000213623047,85.12999725341797,84.4000015258789,84.63999938964844,3335100
2021-06-14,72.1471176147461,85.12999725341797,85.19000244140625,84.66000366210938,84.7300033569336,1933700
2021-06-15,72.24034118652344,85.23999786376953,85.56999969482422,84.87999725341797,85.4000015258789,2239200
2021-06-16,71.52845001220703,84.4000015258789,85.97000122070312,84.25,85.66999816894531,2668100
2021-06-17,71.51996612548828,84.38999938964844,85.19000244140625,83.9800033569336,84.33000183105469,2559900
2021-06-18,69.79110717773438,82.3499984741211,84.27999877929688,82.18000030517578,84.18000030517578,4480800
2021-06-21,70.50297546386719,83.19000244140625,83.45999908447266,82.12000274658203,82.52999877929688,2431400
2021-06-22,70.56233215332031,83.26000213623047,83.91000366210938,83.18000030517578,83.51000213623047,2659400
2021-06-23,70.04534149169922,82.6500015258789,83.4800033569336,82.37000274658203,83.12999725341797,2674000
2021-06-24,70.21483612060547,82.8499984741211,83.19999694824219,82.13999938964844,82.5,2694400
2021-06-25,71.84202575683594,84.7699966430664,84.95999908447266,82.5999984741211,82.8499984741211,3458600
2021-06-28,71.95219421386719,84.9000015258789,85.54000091552734,84.58999633789062,84.83999633789062,2674100
2021-06-29,71.130126953125,83.93000030517578,85.45999908447266,83.6500015258789,84.79000091552734,2753700
2021-06-30,71.68948364257812,84.58999633789062,84.7300033569336,83.81999969482422,84.01000213623047,2687500
2021-07-01,72.25730895996094,85.26000213623047,85.62000274658203,84.45999908447266,84.7300033569336,2217300
2021-07-02,72.20645904541016,85.19999694824219,85.58000183105469,84.83999633789062,85.58000183105469,2487100
2021-07-06,72.24034118652344,85.23999786376953,85.37999725341797,84.0199966430664,85.16999816894531,1863400
2021-07-07,72.56240844726562,85.62000274658203,85.68000030517578,84.83999633789062,85.3499984741211,2147100
2021-07-08,72.2996826171875,85.30999755859375,86.11000061035156,85.0999984741211,85.70999908447266,2495300
2021-07-09,72.36746215820312,85.38999938964844,85.51000213623047,84.44999694824219,85.08999633789062,2122900
2021-07-12,72.3844223022461,85.41000366210938,85.47000122070312,84.77999877929688,85.33999633789062,1651700
2021-07-13,72.24034118652344,85.23999786376953,85.72000122070312,84.80999755859375,85.30999755859375,2067000
2021-07-14,73.0370101928711,86.18000030517578,86.55000305175781,84.81999969482422,85.5999984741211,2156800
2021-07-15,73.88449096679688,87.18000030517578,87.26000213623047,85.5199966430664,85.94000244140625,2662400
2021-07-16,74.147216796875,87.48999786376953,88.12999725341797,86.8499984741211,87.01000213623047,2199200
2021-07-19,72.68952178955078,85.7699966430664,88.05999755859375,85.0,87.58999633789062,3906300
2021-07-20,72.66409301757812,85.73999786376953,86.81999969482422,85.66000366210938,86.27999877929688,3070100
2021-07-21,71.79964447021484,84.72000122070312,86.05000305175781,84.61000061035156,85.61000061035156,2973500
2021-07-22,71.93524932861328,84.87999725341797,87.16999816894531,84.61000061035156,84.61000061035156,2972400
2021-07-23,72.86748504638672,85.9800033569336,86.0999984741211,84.68000030517578,84.7699966430664,3368500
2021-07-26,74.30823516845703,87.68000030517578,87.81999969482422,85.4000015258789,85.70999908447266,4389600
2021-07-27,75.7574462890625,89.38999938964844,89.7699966430664,87.31999969482422,87.54000091552734,3547100
2021-07-28,75.41844940185547,88.98999786376953,89.80999755859375,88.26000213623047,89.55999755859375,2936800
2021-07-29,75.54557800292969,89.13999938964844,89.51000213623047,88.83000183105469,88.94000244140625,1950400
2021-07-30,74.68112182617188,88.12000274658203,89.93000030517578,87.88999938964844,89.16999816894531,3601700
2021-08-02,74.86759185791016,88.33999633789062,88.87999725341797,87.66000366210938,88.25,2309300
2021-08-03,75.5031967163086,89.08999633789062,89.62999725341797,88.2300033569336,88.72000122070312,2143500
2021-08-04,75.28285217285156,88.83000183105469,89.0199966430664,87.95999908447266,89.0,3502600
2021-08-05,75.98625946044922,89.66000366210938,89.77999877929688,88.38999938964844,89.0,2972700
2021-08-06,75.71507263183594,89.33999633789062,89.98999786376953,89.08999633789062,89.43000030517578,2106900
2021-08-09,75.85179901123047,88.76000213623047,88.9800033569336,88.13999938964844,88.77999877929688,1823400
2021-08-10,75.84326171875,88.75,89.22000122070312,88.26000213623047,88.68000030517578,2468800
2021-08-11,76.20217895507812,89.16999816894531,89.66999816894531,88.75,89.19999694824219,3565800
2021-08-12,76.01416778564453,88.94999694824219,89.4800033569336,88.81999969482422,89.36000061035156,1789100
2021-08-13,76.64655303955078,89.69000244140625,89.9000015258789,89.0,89.6500015258789,4169800
2021-08-16,77.16785430908203,90.3000030517578,91.26000213623048,89.68000030517578,89.86000061035156,1930200
2021-08-17,77.3729476928711,90.54000091552734,90.5999984741211,89.9000015258789,90.02999877929688,2079600
2021-08-18,76.69783020019531,89.75,90.58999633789062,89.51000213623047,90.30999755859376,3398300
2021-08-19,77.25331115722656,90.4000015258789,91.16999816894533,90.0199966430664,90.43000030517578,2702800
2021-08-20,77.83441925048828,91.08000183105467,91.48999786376952,89.69999694824219,89.94999694824219,2681000
2021-08-23,77.01403045654297,90.12000274658205,91.36000061035156,89.80999755859375,91.33000183105467,3053700
2021-08-24,76.25346374511719,89.2300033569336,90.02999877929688,88.69999694824219,90.02999877929688,1690300
2021-08-25,76.33892059326172,89.33000183105469,89.5999984741211,88.52999877929688,89.2300033569336,2754900
2021-08-26,76.27053833007812,89.25,89.41000366210938,88.72000122070312,89.27999877929688,1626900
2021-08-27,76.30473327636719,89.29000091552734,89.80000305175781,89.0999984741211,89.31999969482422,1840100
2021-08-30,76.58673095703125,89.62000274658203,89.95999908447266,89.01000213623047,89.20999908447266,2222000
2021-08-31,76.54400634765625,89.56999969482422,90.0999984741211,89.2300033569336,89.54000091552734,1933400
2021-09-01,77.33875274658203,90.5,90.81999969482422,89.5199966430664,90.0,2532400
2021-09-02,77.70623016357422,90.93000030517578,91.0,90.3000030517578,90.45999908447266,1512000
2021-09-03,77.2618637084961,90.41000366210938,91.08999633789062,90.2699966430664,90.48999786376952,1407500
2021-09-07,75.97998046875,88.91000366210938,90.2699966430664,88.66999816894531,90.2699966430664,1967800
2021-09-08,77.49259185791016,90.68000030517578,91.05999755859376,88.79000091552734,89.0,3047800
2021-09-09,77.25331115722656,90.4000015258789,90.83000183105467,90.27999877929688,90.48999786376952,1474000
2021-09-10,75.91161346435547,88.83000183105469,90.44000244140624,88.75,90.36000061035156,2067900
2021-09-13,75.47579193115234,88.31999969482422,89.7699966430664,87.7699966430664,89.56999969482422,2408200
2021-09-14,75.05706024169922,87.83000183105469,88.93000030517578,87.52999877929688,88.93000030517578,1884000
2021-09-15,74.62976837158203,87.33000183105469,88.11000061035156,87.23999786376953,87.5,2565800
2021-09-16,73.4760971069336,85.9800033569336,87.61000061035156,85.80000305175781,87.04000091552734,3650400
2021-09-17,71.8695068359375,84.0999984741211,86.12999725341797,83.55000305175781,85.9800033569336,6934700
2021-09-20,71.18582916259766,83.30000305175781,84.29000091552734,82.26000213623047,84.0999984741211,4842800
2021-09-21,70.9209213256836,82.98999786376953,84.0199966430664,82.97000122070312,83.44999694824219,3267900
2021-09-22,70.69019317626953,82.72000122070312,83.44999694824219,82.44999694824219,83.27999877929688,2326300
2021-09-23,70.3398208618164,82.30999755859375,83.31999969482422,82.13999938964844,82.5999984741211,2565300
2021-09-24,70.11762237548828,82.05000305175781,82.77999877929688,81.83000183105469,82.26000213623047,2527100
2021-09-27,69.52798461914062,81.36000061035156,82.83999633789062,81.2699966430664,81.9800033569336,2713700
2021-09-28,69.45960998535156,81.27999877929688,81.7699966430664,80.91000366210938,81.62999725341797,3483700
2021-09-29,70.22017669677734,82.16999816894531,82.72000122070312,81.06999969482422,81.33000183105469,2177100
2021-09-30,69.37415313720703,81.18000030517578,82.41000366210938,81.12000274658203,82.13999938964844,2935600
2021-10-01,69.5450668334961,81.37999725341797,82.06999969482422,80.87999725341797,81.79000091552734,3181500
2021-10-04,70.96366119384766,83.04000091552734,83.33999633789062,81.30000305175781,81.33999633789062,3370400
2021-10-05,70.94657135009766,83.0199966430664,83.36000061035156,82.66999816894531,82.97000122070312,2587000
2021-10-06,72.2625961303711,84.55999755859375,84.66999816894531,82.51000213623047,82.83000183105469,2697800
2021-10-07,71.90370178222656,84.13999938964844,85.25,83.95999908447266,84.81999969482422,2263700
2021-10-08,71.42512512207031,83.58000183105469,84.12000274658203,83.4800033569336,84.11000061035156,1879300
2021-10-11,70.5107192993164,82.51000213623047,83.58000183105469,82.22000122070312,83.5199966430664,2221100
2021-10-12,70.5448989868164,82.55000305175781,82.94000244140625,82.13999938964844,82.55999755859375,2898800
2021-10-13,71.32257843017578,83.45999908447266,83.5199966430664,81.8499984741211,82.73999786376953,2131300
2021-10-14,71.8267822265625,84.05000305175781,84.2699966430664,83.5199966430664,83.91000366210938,2252200
2021-10-15,71.34822082519531,83.48999786376953,84.4000015258789,83.20999908447266,84.0,1849000
2021-10-18,70.9209213256836,82.98999786376953,83.30999755859375,82.33999633789062,83.25,2002000
2021-10-19,71.61312866210938,83.80000305175781,83.98999786376953,83.19000244140625,83.41999816894531,2224000
2021-10-20,72.55316925048828,84.9000015258789,85.31999969482422,84.12000274658203,84.19999694824219,2330900
2021-10-21,72.80951690673828,85.19999694824219,85.30000305175781,84.58999633789062,84.79000091552734,1736700
2021-10-22,73.13426971435547,85.58000183105469,85.8499984741211,85.1500015258789,85.5199966430664,1770500
2021-10-25,72.35659790039062,84.66999816894531,85.66000366210938,84.58000183105469,85.56999969482422,1814100
2021-10-26,72.1429672241211,84.41999816894531,85.33999633789062,84.4000015258789,84.80999755859375,2829300
2021-10-27,72.04042053222656,84.30000305175781,85.73999786376953,84.08000183105469,85.73999786376953,3768600
2021-10-28,72.3907699584961,84.70999908447266,85.0,83.5199966430664,84.30000305175781,2523700
2021-10-29,72.3907699584961,84.70999908447266,85.25,84.12999725341797,84.70999908447266,2897600
2021-11-01,72.74971008300781,85.12999725341797,85.31999969482422,84.41000366210938,84.69999694824219,2079500
2021-11-02,72.89500427246094,85.30000305175781,85.54000091552734,84.30999755859375,85.20999908447266,2071400
2021-11-03,72.57879638671875,84.93000030517578,85.87000274658203,84.36000061035156,85.30000305175781,2067900
2021-11-04,71.6900405883789,83.88999938964844,85.19999694824219,82.80000305175781,84.93000030517578,2690200
2021-11-05,72.67279815673828,85.04000091552734,85.56999969482422,84.19999694824219,84.3499984741211,1940100
2021-11-08,71.69859313964844,83.9000015258789,85.19000244140625,83.55000305175781,85.16000366210938,4155000
2021-11-09,71.62958526611328,83.04000091552734,83.94000244140625,82.95999908447266,83.38999938964844,3267300
2021-11-10,72.6129379272461,84.18000030517578,84.31999969482422,83.4800033569336,83.55000305175781,4234900
2021-11-11,71.2586669921875,82.61000061035156,84.18000030517578,82.12000274658203,84.18000030517578,2882700
2021-11-12,70.7497329711914,82.0199966430664,82.58000183105469,81.9000015258789,82.44000244140625,2061000
2021-11-15,71.49156951904297,82.87999725341797,82.9000015258789,81.80999755859375,82.25,2099100
2021-11-16,71.21553802490234,82.55999755859375,83.18000030517578,82.4000015258789,82.9000015258789,1881200
2021-11-17,71.80209350585938,83.23999786376953,83.30999755859375,82.12000274658203,82.41000366210938,2146900
2021-11-18,71.4397964477539,82.81999969482422,83.36000061035156,82.48999786376953,83.2300033569336,2123000
2021-11-19,71.92285919189453,83.37999725341797,83.68000030517578,82.62999725341797,83.0199966430664,2477700
2021-11-22,72.71646118164062,84.30000305175781,85.05999755859375,82.95999908447266,83.30999755859375,3014900
2021-11-23,72.7250747680664,84.30999755859375,84.87000274658203,83.58999633789062,84.44999694824219,2166000
2021-11-24,72.30240631103516,83.81999969482422,84.76000213623047,83.69999694824219,84.76000213623047,2539200
2021-11-26,71.20689392089844,82.55000305175781,83.94999694824219,82.29000091552734,83.5199966430664,1636800
2021-11-29,71.86247253417969,83.30999755859375,83.76000213623047,82.19000244140625,82.70999908447266,2899200
2021-11-30,69.91302490234375,81.05000305175781,83.20999908447266,80.68000030517578,83.20999908447266,4122300
2021-12-01,69.24883270263672,80.27999877929688,82.52999877929688,80.22000122070312,81.56999969482422,3494100
2021-12-02,70.13728332519531,81.30999755859375,82.19999694824219,80.48999786376953,80.86000061035156,3442200
2021-12-03,71.02576446533203,82.33999633789062,82.56999969482422,81.02999877929688,81.98999786376953,2809100
2021-12-06,72.01775360107422,83.48999786376953,84.66999816894531,82.83999633789062,82.97000122070312,3864700
2021-12-07,72.3800277709961,83.91000366210938,84.0199966430664,82.66999816894531,83.19000244140625,3601900
2021-12-08,72.47492218017578,84.0199966430664,84.58000183105469,83.45999908447266,83.79000091552734,2343100
2021-12-09,72.04362487792969,83.5199966430664,84.12000274658203,83.16000366210938,83.97000122070312,2441400
2021-12-10,72.44904327392578,83.98999786376953,84.25,83.58999633789062,84.11000061035156,1955900
2021-12-13,73.30300903320312,84.9800033569336,85.4800033569336,83.9000015258789,83.91999816894531,3664800
2021-12-14,73.43238067626953,85.12999725341797,85.55000305175781,84.58999633789062,85.23999786376953,2341100
2021-12-15,75.24383544921875,87.2300033569336,87.41999816894531,85.2300033569336,85.33000183105469,3894500
2021-12-16,75.90803527832031,88.0,88.38999938964844,87.0199966430664,87.13999938964844,3521600
2021-12-17,74.64865112304688,86.54000091552734,88.23999786376953,86.4000015258789,87.58999633789062,5325600
2021-12-20,75.24383544921875,87.2300033569336,87.33000183105469,85.54000091552734,85.86000061035156,3349500
2021-12-21,74.82978820800781,86.75,87.76000213623047,86.2699966430664,87.63999938964844,2813500
2021-12-22,74.71765899658203,86.62000274658203,87.05000305175781,86.22000122070312,86.30000305175781,1776400
2021-12-23,74.63137817382812,86.5199966430664,86.98999786376953,86.33000183105469,86.5199966430664,1553100
2021-12-27,75.11445617675781,87.08000183105469,87.19000244140625,86.2699966430664,86.5,1609800
2021-12-28,76.08917236328125,88.20999908447266,88.30000305175781,87.25,87.25,1507500
2021-12-29,76.4083251953125,88.58000183105469,88.68000030517578,88.0999984741211,88.37000274658203,1170700
2021-12-30,76.50321197509766,88.69000244140625,88.76000213623047,87.98999786376953,88.63999938964844,1288900
2021-12-31,76.7447509765625,88.97000122070312,89.22000122070312,88.30000305175781,88.63999938964844,1520800
2022-01-03,76.4342041015625,88.61000061035156,88.7699966430664,87.52999877929688,88.62999725341797,2661600
2022-01-04,76.4687271118164,88.6500015258789,89.94000244140625,88.5,88.5,2349200
2022-01-05,77.17601776123047,89.47000122070312,90.29000091552734,88.66000366210938,88.66000366210938,3343300
2022-01-06,76.9258804321289,89.18000030517578,90.30999755859376,88.91000366210938,89.5,3296300
2022-01-07,78.32328796386719,90.8000030517578,91.2699966430664,88.55999755859375,88.98999786376953,3109600
2022-01-10,78.06451416015625,90.5,91.43000030517578,90.33999633789062,90.91000366210938,3206500
2022-01-11,77.43479919433594,89.7699966430664,90.62999725341795,89.18000030517578,90.2699966430664,2231600
2022-01-12,77.88336181640625,90.29000091552734,90.41000366210938,88.95999908447266,89.69999694824219,2244200
2022-01-13,78.37503814697266,90.86000061035156,91.58000183105467,89.91000366210938,90.26000213623048,2937700
2022-01-14,78.4785385131836,90.9800033569336,91.30999755859376,90.27999877929688,91.12999725341795,4088400
2022-01-18,77.90923309326172,90.31999969482422,90.81999969482422,89.19999694824219,90.51000213623048,2558800
2022-01-19,77.89199829101562,90.3000030517578,91.06999969482422,89.63999938964844,90.4499969482422,2535000
2022-01-20,77.56419372558594,89.91999816894531,91.02999877929688,89.81999969482422,90.45999908447266,2361500
2022-01-21,77.60733795166016,89.97000122070312,91.66000366210938,89.7300033569336,90.66000366210938,3969900
2022-01-24,76.87413024902344,89.12000274658203,91.18000030517578,87.08000183105469,90.4000015258789,4777200
2022-01-25,76.7361068725586,88.95999908447266,89.66000366210938,88.05000305175781,88.2699966430664,2837900
2022-01-26,76.62397003173828,88.83000183105469,89.80000305175781,88.31999969482422,88.76000213623047,3561600
2022-01-27,77.11566162109375,89.4000015258789,90.5199966430664,89.0,89.08000183105469,3239000
2022-01-28,77.7453384399414,90.12999725341795,90.29000091552734,88.47000122070312,89.1500015258789,4460800
2022-01-31,77.9782485961914,90.4000015258789,90.48999786376952,89.11000061035156,89.33999633789062,5909000
2022-02-01,76.2099380493164,88.3499984741211,90.12999725341795,87.91000366210938,89.91000366210938,4817000
2022-02-02,77.52969360351562,89.87999725341797,89.98999786376953,87.80999755859375,88.44000244140625,3518800
2022-02-03,77.79710388183594,90.19000244140624,90.5999984741211,89.61000061035156,90.0,2529800
2022-02-04,76.9172592163086,89.16999816894531,90.29000091552734,88.41999816894531,89.2699966430664,3439600
2022-02-07,77.46932220458984,89.80999755859375,90.37999725341795,88.77999877929688,88.77999877929688,3011400
2022-02-08,77.80574035644531,90.1999969482422,90.54000091552734,89.70999908447266,90.06999969482422,2415300
2022-02-09,77.77091979980469,89.37999725341797,90.12000274658205,89.05999755859375,90.0199966430664,2828700
2022-02-10,76.03939819335938,87.38999938964844,89.0,87.19000244140625,88.58999633789062,3065100
2022-02-11,76.26561737060547,87.6500015258789,88.6500015258789,87.5199966430664,87.55999755859375,3340500
2022-02-14,74.98655700683594,86.18000030517578,88.05000305175781,85.43000030517578,87.93000030517578,2659100
2022-02-15,74.3426742553711,85.44000244140625,86.80999755859375,84.95999908447266,86.4000015258789,3790700
2022-02-16,74.31657409667969,85.41000366210938,85.93000030517578,84.37000274658203,85.62999725341797,2622900
2022-02-17,74.38618469238281,85.48999786376953,85.87999725341797,84.19999694824219,85.06999969482422,3155000
2022-02-18,74.57759857177734,85.70999908447266,86.37000274658203,85.01000213623047,85.30000305175781,3909500
2022-02-22,74.82122802734375,85.98999786376953,86.6500015258789,85.1500015258789,85.70999908447266,2481200
2022-02-23,73.64657592773438,84.63999938964844,86.18000030517578,84.43000030517578,85.98999786376953,3615400
2022-02-24,75.31718444824219,86.55999755859375,87.20999908447266,84.87000274658203,87.16999816894531,6582000
2022-02-25,77.84053039550781,89.45999908447266,89.56999969482422,86.9000015258789,87.19000244140625,4073700
2022-02-28,78.87596893310547,90.6500015258789,90.88999938964844,88.44000244140625,88.73999786376953,5547300
2022-03-01,78.49312591552734,90.20999908447266,91.68000030517578,89.66000366210938,90.3499984741211,4013000
2022-03-02,79.38932800292969,91.23999786376952,91.48999786376952,89.9000015258789,89.9000015258789,3146500
2022-03-03,81.77345275878906,93.9800033569336,94.69000244140624,91.41999816894533,91.41999816894533,4173700
2022-03-04,83.81822204589844,96.33000183105467,96.38999938964844,93.08999633789062,93.66999816894533,4675100
2022-03-07,84.62744903564453,97.26000213623048,98.1500015258789,95.1500015258789,96.01000213623048,4111300
2022-03-08,82.87850952148438,95.25,98.08000183105467,95.18000030517578,97.56999969482422,3689900
2022-03-09,82.66966247558594,95.01000213623048,95.9000015258789,94.1999969482422,95.9000015258789,3006200
2022-03-10,83.52237701416016,95.98999786376952,96.22000122070312,93.98999786376952,94.61000061035156,2897900
2022-03-11,83.1308364868164,95.54000091552734,96.83000183105467,95.20999908447266,96.3499984741211,2254900
2022-03-14,82.43473052978516,94.73999786376952,96.3499984741211,94.54000091552734,95.4000015258789,2948400
2022-03-15,83.62678527832031,96.11000061035156,96.16000366210938,94.86000061035156,95.54000091552734,3673700
2022-03-16,82.72187042236328,95.06999969482422,96.0,93.38999938964844,95.91999816894533,2880000
2022-03-17,82.6087646484375,94.94000244140624,95.97000122070312,94.76000213623048,95.22000122070312,2863600
2022-03-18,81.85175323486328,94.06999969482422,95.33999633789062,93.38999938964844,94.94000244140624,5719000
2022-03-21,82.39125061035156,94.69000244140624,95.4000015258789,93.95999908447266,94.0,2426000
2022-03-22,82.87850952148438,95.25,95.5999984741211,94.29000091552734,94.7300033569336,3653900
2022-03-23,83.53978729248047,96.01000213623048,96.4800033569336,95.04000091552734,95.1999969482422,2989400
2022-03-24,83.9139404296875,96.44000244140624,97.19000244140624,95.66000366210938,96.29000091552734,3036600
2022-03-25,84.2619857788086,96.83999633789062,97.38999938964844,96.3499984741211,96.3499984741211,2032200
2022-03-28,84.9319839477539,97.61000061035156,97.62000274658205,95.97000122070312,96.77999877929688,2465400
2022-03-29,85.8717041015625,98.69000244140624,98.80999755859376,97.3499984741211,97.45999908447266,2943100
2022-03-30,86.50688934326172,99.41999816894533,99.44000244140624,98.16999816894533,98.69000244140624,2164100
2022-03-31,86.81141662597656,99.7699966430664,100.66999816894533,99.5199966430664,99.80999755859376,3670600
2022-04-01,88.325439453125,101.51000213623048,101.62000274658205,98.77999877929688,99.80999755859376,2569100
2022-04-04,87.57711791992188,100.6500015258789,101.08999633789062,99.16999816894533,100.8499984741211,2580800
2022-04-05,88.15139770507812,101.30999755859376,102.6999969482422,100.63999938964844,100.63999938964844,2235300
2022-04-06,90.91836547851562,104.48999786376952,104.80999755859376,101.2699966430664,101.48999786376952,3364500
2022-04-07,89.94385528564453,103.37000274658205,104.43000030517578,102.52999877929688,104.37000274658205,3226300
2022-04-08,89.61318969726562,102.98999786376952,104.13999938964844,102.6999969482422,103.58000183105467,2180400
2022-04-11,88.22972869873047,101.4000015258789,103.7300033569336,101.13999938964844,103.25,3621200
2022-04-12,89.02151489257812,102.30999755859376,103.02999877929688,101.0199966430664,101.47000122070312,2493900
2022-04-13,88.96932220458984,102.25,102.83999633789062,101.29000091552734,102.62999725341795,1737400
2022-04-14,88.78657531738281,102.04000091552734,102.76000213623048,101.87000274658205,102.7300033569336,2188300
2022-04-18,88.4559555053711,101.66000366210938,102.55999755859376,101.08999633789062,102.20999908447266,1818200
2022-04-19,89.12594604492188,102.43000030517578,102.63999938964844,101.52999877929688,101.81999969482422,1892100
2022-04-20,89.47399139404297,102.83000183105467,103.33999633789062,102.26000213623048,102.98999786376952,2335100
2022-04-21,88.85619354248047,102.12000274658205,103.51000213623048,101.9499969482422,102.54000091552734,3004600
2022-04-22,87.22907257080078,100.25,102.1500015258789,100.12000274658205,102.0,2426500
2022-04-25,87.44659423828125,100.5,101.04000091552734,98.52999877929688,100.48999786376952,3140100
2022-04-26,86.35025787353516,99.23999786376952,101.5199966430664,99.1999969482422,100.26000213623048,2050800
2022-04-27,86.60260772705078,99.52999877929688,100.9000015258789,98.1999969482422,99.4499969482422,3436000
2022-04-28,89.12594604492188,102.43000030517578,102.76000213623048,98.4499969482422,100.05999755859376,4355000
2022-04-29,86.23715209960938,99.11000061035156,102.23999786376952,98.81999969482422,101.93000030517578,3589200
2022-05-02,85.38442993164062,98.12999725341795,100.37999725341795,96.98999786376952,99.47000122070312,2652900
2022-05-03,85.77599334716797,98.58000183105467,100.13999938964844,98.06999969482422,98.75,2844800
2022-05-04,87.6380386352539,100.72000122070312,100.91000366210938,98.58999633789062,98.97000122070312,2987900
2022-05-05,86.71571350097656,99.66000366210938,101.05999755859376,98.72000122070312,100.1500015258789,2680400
2022-05-06,86.70702362060547,99.6500015258789,100.11000061035156,98.66000366210938,99.48999786376952,3291000
2022-05-09,87.42615509033203,99.69000244140624,100.73999786376952,97.8000030517578,98.9000015258789,3170300
2022-05-10,86.89117431640625,99.08000183105467,101.61000061035156,97.95999908447266,100.26000213623048,3174300
2022-05-11,87.50505828857422,99.77999877929688,101.3000030517578,98.77999877929688,98.93000030517578,3331400
2022-05-12,86.40882110595703,98.52999877929688,100.25,97.18000030517578,99.5,2905400
2022-05-13,87.42615509033203,99.69000244140624,99.81999969482422,97.88999938964844,98.75,2270400
2022-05-16,87.16304016113281,99.38999938964844,100.27999877929688,98.98999786376952,99.86000061035156,2142200
2022-05-17,88.04878997802734,100.4000015258789,100.4499969482422,98.0500030517578,99.66999816894533,2521200
2022-05-18,87.59275817871094,99.87999725341795,101.54000091552734,99.55999755859376,100.87000274658205,3580900
2022-05-19,86.8561019897461,99.04000091552734,99.58999633789062,97.56999969482422,99.47000122070312,2749800
2022-05-20,87.43489837646484,99.6999969482422,99.94000244140624,98.19000244140624,99.0500030517578,2925600
2022-05-23,87.93477630615234,100.2699966430664,101.41000366210938,99.58999633789062,100.55999755859376,2485500
2022-05-24,89.6448974609375,102.22000122070312,102.56999969482422,99.91000366210938,100.70999908447266,2534300
2022-05-25,89.87291717529297,102.4800033569336,102.98999786376952,101.75,102.3499984741211,2393000
2022-05-26,89.96061706542969,102.58000183105467,103.48999786376952,102.4800033569336,103.0999984741211,2574800
2022-05-27,90.8288116455078,103.56999969482422,103.62999725341795,101.9000015258789,102.41999816894533,2713400
2022-05-31,89.478271484375,102.02999877929688,103.1500015258789,101.19000244140624,102.77999877929688,3319500
2022-06-01,89.4870376586914,102.04000091552734,102.9000015258789,100.87999725341795,102.6500015258789,2234500
2022-06-02,89.67121124267578,102.25,102.72000122070312,100.01000213623048,102.5199966430664,2261200
2022-06-03,89.40811157226562,101.9499969482422,102.48999786376952,101.62999725341795,101.91000366210938,1682400
2022-06-06,89.50458526611328,102.05999755859376,102.79000091552734,101.52999877929688,102.3499984741211,1499000
2022-06-07,89.82907104492188,102.43000030517578,102.54000091552734,101.11000061035156,102.23999786376952,1461700
2022-06-08,88.16279602050781,100.52999877929688,102.19000244140624,100.25,102.19000244140624,1814500
2022-06-09,86.17205810546875,98.26000213623048,101.18000030517578,98.16999816894533,100.47000122070312,2279800
2022-06-10,86.17205810546875,98.26000213623048,99.16000366210938,97.01000213623048,97.44000244140624,3003000
2022-06-13,81.56791687011719,93.01000213623048,97.58000183105467,92.61000061035156,97.0999984741211,4241100
2022-06-14,79.31405639648438,90.44000244140624,93.8000030517578,89.36000061035156,93.12000274658205,3482800
2022-06-15,79.49824523925781,90.6500015258789,91.91000366210938,88.69000244140625,91.11000061035156,3954800
2022-06-16,78.21784973144531,89.19000244140625,89.9000015258789,88.26000213623047,89.11000061035156,3908000
2022-06-17,77.53379821777344,88.41000366210938,90.29000091552734,87.62999725341797,90.0999984741211,8000800
2022-06-21,78.88434600830078,89.94999694824219,90.5199966430664,88.44999694824219,88.55000305175781,3197400
2022-06-22,79.20006561279297,90.30999755859376,91.16000366210938,89.47000122070312,89.4800033569336,2632500
2022-06-23,81.0417251586914,92.41000366210938,92.62000274658205,90.83000183105467,91.12000274658205,2991900
2022-06-24,82.08533477783203,93.5999984741211,93.88999938964844,92.41999816894533,92.51000213623048,3647200
2022-06-27,83.29556274414062,94.9800033569336,95.0199966430664,93.20999908447266,93.43000030517578,2910900
2022-06-28,83.3832778930664,95.08000183105467,96.19000244140624,94.77999877929688,95.08999633789062,2318500
2022-06-29,83.63758087158203,95.37000274658205,95.72000122070312,94.8000030517578,95.23999786376952,1700100
2022-06-30,84.13746643066406,95.94000244140624,96.6500015258789,94.48999786376952,94.61000061035156,3046800
2022-07-01,85.90018463134766,97.9499969482422,98.0199966430664,95.38999938964844,96.0,2833600
2022-07-05,82.06779479980469,93.58000183105467,97.8000030517578,92.63999938964844,97.62000274658205,3654900
2022-07-06,83.13770294189453,94.8000030517578,95.77999877929688,93.2699966430664,93.76000213623048,2574100
2022-07-07,82.89215850830078,94.5199966430664,95.72000122070312,94.41000366210938,95.2699966430664,2604500
2022-07-08,82.73428344726562,94.33999633789062,94.94000244140624,93.83000183105467,94.8499984741211,1979100
2022-07-11,83.32186889648438,95.01000213623048,95.4499969482422,93.8000030517578,94.26000213623048,1699200
2022-07-12,82.76060485839844,94.37000274658205,95.91999816894533,93.97000122070312,94.91000366210938,1945100
2022-07-13,82.3484115600586,93.9000015258789,94.7300033569336,93.22000122070312,93.4499969482422,2071100
2022-07-14,82.67290496826172,94.2699966430664,94.4499969482422,92.12999725341795,92.4499969482422,2043200
2022-07-15,83.50605010986328,95.22000122070312,95.2699966430664,93.37000274658205,94.47000122070312,2376900
2022-07-18,81.88363647460938,93.37000274658205,94.97000122070312,93.26000213623048,94.97000122070312,2354100
2022-07-19,82.0765609741211,93.58999633789062,94.29000091552734,93.38999938964844,94.29000091552734,2568900
2022-07-20,81.30481719970703,92.70999908447266,94.02999877929688,92.19000244140624,93.86000061035156,2293300
2022-07-21,81.37498474121094,92.79000091552734,92.8499984741211,92.05999755859376,92.45999908447266,2061600
2022-07-22,82.7430648803711,94.3499984741211,94.36000061035156,93.19000244140624,93.54000091552734,1870100
2022-07-25,84.01470184326172,95.8000030517578,95.91999816894533,94.0500030517578,94.5199966430664,2626800
2022-07-26,84.55841827392578,96.41999816894533,96.9000015258789,95.6500015258789,95.72000122070312,2492400
2022-07-27,84.44440460205078,96.29000091552734,96.54000091552734,94.33999633789062,94.83000183105467,2757600
2022-07-28,85.61077880859375,97.62000274658205,97.77999877929688,95.93000030517578,97.0999984741211,2805200
2022-07-29,86.43513488769531,98.55999755859376,99.16000366210938,97.13999938964844,97.37000274658205,5858500
2022-08-01,86.90872192382812,99.0999984741211,99.20999908447266,97.87999725341795,98.27999877929688,2643200
2022-08-02,86.3474349975586,98.45999908447266,99.75,98.36000061035156,99.0999984741211,2139300
2022-08-03,87.33844757080078,99.58999633789062,99.83000183105467,96.7300033569336,98.37000274658205,2099000
2022-08-04,87.6541519165039,99.9499969482422,100.3499984741211,99.05999755859376,99.47000122070312,2864500
2022-08-05,87.22441864013672,99.45999908447266,100.16999816894533,98.66999816894533,99.94000244140624,2699300
2022-08-08,87.76815032958984,100.08000183105467,101.18000030517578,99.5199966430664,100.44000244140624,2050400
2022-08-09,88.89067840576172,100.56999969482422,100.83999633789062,99.5,99.5,1867100
2022-08-10,89.57125854492188,101.33999633789062,101.41000366210938,100.29000091552734,101.11000061035156,2311400
2022-08-11,89.44751739501953,101.1999969482422,102.4800033569336,100.73999786376952,101.3000030517578,2214200
2022-08-12,91.72789001464844,103.77999877929688,103.8499984741211,101.70999908447266,102.12000274658205,3186600
2022-08-15,92.41731262207033,104.55999755859376,104.62999725341795,103.58999633789062,103.77999877929688,2056700
2022-08-16,92.32893371582033,104.45999908447266,105.4499969482422,103.87999725341795,103.87999725341795,2063200
2022-08-17,92.21401977539062,104.33000183105467,105.1500015258789,103.81999969482422,103.81999969482422,1877000
2022-08-18,92.24938201904295,104.37000274658205,105.4800033569336,104.2300033569336,104.58999633789062,2151200
2022-08-19,92.75318908691406,104.94000244140624,105.3499984741211,103.9800033569336,104.27999877929688,2426200
2022-08-22,91.40086364746094,103.41000366210938,105.0,103.20999908447266,105.0,2612400
2022-08-23,90.77330017089844,102.6999969482422,103.48999786376952,102.2300033569336,103.48999786376952,1169500
2022-08-24,90.73795318603516,102.66000366210938,102.77999877929688,101.9000015258789,102.63999938964844,1382500
2022-08-25,91.37435150146484,103.37999725341795,103.47000122070312,102.0999984741211,103.11000061035156,1466200
2022-08-26,89.9955062866211,101.81999969482422,103.7300033569336,101.75,103.58999633789062,2004700
2022-08-29,90.9766082763672,102.93000030517578,103.55999755859376,100.7300033569336,101.4499969482422,1663500
2022-08-30,89.57125854492188,101.33999633789062,102.91999816894533,100.95999908447266,102.88999938964844,1826200
2022-08-31,88.56364440917969,100.1999969482422,101.88999938964844,100.0,101.44000244140624,3253700
2022-09-01,90.490478515625,102.37999725341795,102.9800033569336,100.20999908447266,100.25,2828600
2022-09-02,89.35028839111328,101.08999633789062,103.75,100.68000030517578,102.73999786376952,2320800
2022-09-06,89.76570129394531,101.55999755859376,103.25,101.1500015258789,101.1999969482422,2740800
2022-09-07,92.57640075683594,104.73999786376952,104.9499969482422,102.18000030517578,102.18000030517578,2845600
2022-09-08,91.90467071533205,103.9800033569336,105.12000274658205,103.48999786376952,104.04000091552734,2929900
2022-09-09,92.54988861083984,104.70999908447266,105.48999786376952,103.62999725341795,104.6500015258789,2000000
2022-09-12,92.96532440185548,105.18000030517578,105.5999984741211,104.33999633789062,104.70999908447266,1772500
2022-09-13,90.33137512207033,102.1999969482422,104.88999938964844,101.83000183105467,104.33999633789062,3093400
2022-09-14,91.32130432128906,103.31999969482422,103.9000015258789,102.1999969482422,102.1999969482422,1430600
2022-09-15,88.55481719970703,100.19000244140624,102.9499969482422,99.91999816894533,102.9499969482422,3097500
2022-09-16,88.70507049560547,100.36000061035156,101.04000091552734,99.97000122070312,100.37000274658205,5319700
2022-09-19,89.36795806884766,101.11000061035156,101.1500015258789,99.6999969482422,100.1500015258789,2873400
2022-09-20,88.17472839355469,99.76000213623048,100.8000030517578,98.6500015258789,100.77999877929688,2273600
2022-09-21,87.12293243408203,98.56999969482422,101.12000274658205,98.5500030517578,100.44000244140624,2853200
2022-09-22,87.39693450927734,98.87999725341795,99.51000213623048,98.04000091552734,98.3000030517578,1939500
2022-09-23,86.38931274414062,97.73999786376952,98.29000091552734,96.48999786376952,98.1500015258789,2096800
2022-09-26,84.52436065673828,95.62999725341795,97.81999969482422,94.26000213623048,97.3499984741211,3504700
2022-09-27,82.07604217529297,92.86000061035156,95.9499969482422,92.68000030517578,95.87999725341795,2924100
2022-09-28,82.69475555419922,93.55999755859376,94.16000366210938,92.6500015258789,93.88999938964844,3419200
2022-09-29,78.72618103027344,89.06999969482422,93.72000122070312,88.83000183105469,93.72000122070312,3429200
2022-09-30,76.41044616699219,86.44999694824219,90.0,86.08000183105469,89.6500015258789,5127200
2022-10-03,77.98375701904297,88.2300033569336,89.12999725341797,87.13999938964844,87.69999694824219,6209900
2022-10-04,80.13155364990234,90.66000366210938,91.18000030517578,88.37000274658203,88.56999969482422,5094100
2022-10-05,77.51526641845703,87.69999694824219,89.63999938964844,87.38999938964844,89.47000122070312,3296800
2022-10-06,74.69575500488281,84.51000213623047,87.66000366210938,84.19000244140625,87.4800033569336,4211100
2022-10-07,73.35226440429688,82.98999786376953,84.87999725341797,82.56999969482422,84.55000305175781,3717000
2022-10-10,74.6427230834961,84.44999694824219,84.98999786376953,83.22000122070312,83.25,4127900
2022-10-11,75.0139389038086,84.87000274658203,86.19000244140625,84.18000030517578,84.30999755859375,3921000
2022-10-12,72.24742889404297,81.73999786376953,84.87000274658203,81.66999816894531,84.87000274658203,2552800
2022-10-13,74.93439483642578,84.77999877929688,85.04000091552734,80.30000305175781,80.80000305175781,4047100
2022-10-14,73.82070922851562,83.5199966430664,86.16999816894531,83.13999938964844,85.33999633789062,4001200
2022-10-17,75.17303466796875,85.05000305175781,86.05999755859375,84.7300033569336,84.80000305175781,3606400
2022-10-18,76.52536010742188,86.58000183105469,86.86000061035156,85.33999633789062,85.95999908447266,2612300
2022-10-19,75.9243392944336,85.9000015258789,86.33999633789062,85.05000305175781,85.47000122070312,1806500
2022-10-20,74.18309783935547,83.93000030517578,86.29000091552734,83.54000091552734,86.29000091552734,3165500
2022-10-21,75.68568420410156,85.62999725341797,86.16000366210938,83.41000366210938,84.11000061035156,2278600
2022-10-24,76.01270294189453,86.0,86.98999786376953,85.25,86.4800033569336,2141900
2022-10-25,77.2677993774414,87.41999816894531,87.55999755859375,85.98999786376953,86.05000305175781,2580000
2022-10-26,77.29432678222656,87.44999694824219,88.61000061035156,87.23999786376953,88.0,2197600
2022-10-27,77.05567169189453,87.18000030517578,89.31999969482422,86.1500015258789,86.16999816894531,2740500
2022-10-28,79.0178451538086,89.4000015258789,89.55999755859375,87.55999755859375,87.55999755859375,2633900
2022-10-31,77.70973205566406,87.91999816894531,89.38999938964844,87.36000061035156,89.3499984741211,4104000
2022-11-01,78.2489013671875,88.52999877929688,89.19999694824219,87.62000274658203,88.0999984741211,4169800
2022-11-02,77.96605682373047,88.20999908447266,90.63999938964844,88.16999816894531,88.51000213623047,3166600
2022-11-03,78.38146209716797,88.68000030517578,89.58000183105469,87.2300033569336,87.7699966430664,4020800
2022-11-04,79.16812133789062,89.56999969482422,89.68000030517578,87.72000122070312,88.81999969482422,3304300
2022-11-07,77.78044128417969,88.0,89.83999633789062,86.68000030517578,89.83999633789062,3038600
2022-11-08,78.8852767944336,89.25,89.62000274658203,88.0,88.05999755859375,2959600
2022-11-09,78.3499755859375,87.81999969482422,88.80000305175781,87.62999725341797,88.30999755859375,2932000
2022-11-10,81.90078735351562,91.8000030517578,91.9800033569336,88.94000244140625,90.33000183105467,4114900
2022-11-11,80.27706146240234,89.9800033569336,91.93000030517578,89.1500015258789,91.2699966430664,3966700
2022-11-14,79.09939575195312,88.66000366210938,90.58999633789062,88.45999908447266,90.33000183105467,3045700
2022-11-15,79.5990219116211,89.22000122070312,90.58000183105467,88.05000305175781,89.72000122070312,4912300
2022-11-16,80.06292724609375,89.73999786376953,90.5999984741211,89.51000213623047,89.7300033569336,3294700
2022-11-17,79.46519470214844,89.06999969482422,89.52999877929688,88.51000213623047,89.05000305175781,2587800
2022-11-18,81.4368667602539,91.27999877929688,91.58999633789062,89.68000030517578,89.68000030517578,4318800
2022-11-21,83.105224609375,93.1500015258789,93.33000183105467,91.33999633789062,91.41999816894533,3150700
2022-11-22,83.60484313964844,93.70999908447266,94.6999969482422,93.04000091552734,93.61000061035156,3286800
2022-11-23,84.87171173095703,95.12999725341795,95.20999908447266,93.43000030517578,93.70999908447266,3323000
2022-11-25,85.175048828125,95.47000122070312,95.80999755859376,94.9499969482422,95.3499984741211,1252000
2022-11-28,84.9520034790039,95.22000122070312,97.27999877929688,93.98999786376952,97.16000366210938,4529100
2022-11-29,84.44347381591797,94.6500015258789,94.87999725341795,94.01000213623048,94.5999984741211,2044500
2022-11-30,86.36163330078125,96.8000030517578,96.87999725341795,93.97000122070312,94.56999969482422,4346800
2022-12-01,86.07614135742188,96.4800033569336,98.20999908447266,95.9800033569336,97.73999786376952,2846500
2022-12-02,84.86278533935547,95.12000274658205,95.4000015258789,94.5,95.2699966430664,3492000
2022-12-05,84.3274917602539,94.5199966430664,94.93000030517578,94.11000061035156,94.52999877929688,2496000
2022-12-06,85.97798919677734,96.37000274658205,96.63999938964844,94.20999908447266,94.33999633789062,4255100
2022-12-07,86.24565124511719,96.66999816894533,98.63999938964844,96.2699966430664,97.47000122070312,6140700
2022-12-08,87.18242645263672,97.72000122070312,98.29000091552734,96.3499984741211,96.52999877929688,3735000
2022-12-09,86.16534423828125,96.58000183105467,97.93000030517578,96.3499984741211,97.7699966430664,2552300
2022-12-12,87.92292022705078,98.5500030517578,98.58999633789062,96.36000061035156,97.31999969482422,2132700
2022-12-13,87.98536682128906,98.62000274658205,100.31999969482422,97.51000213623048,99.7699966430664,4842800
2022-12-14,87.86939239501953,98.48999786376952,100.27999877929688,97.9800033569336,98.98999786376952,3048300
2022-12-15,85.26426696777344,95.56999969482422,98.5199966430664,95.31999969482422,98.33999633789062,6069100
2022-12-16,84.37210083007812,94.56999969482422,94.91999816894533,92.80999755859376,94.91999816894533,6084100
2022-12-19,83.86356353759766,94.0,95.13999938964844,93.47000122070312,94.0999984741211,3337000
2022-12-20,83.56914520263672,93.66999816894533,94.36000061035156,93.29000091552734,94.02999877929688,1975400
2022-12-21,85.05906677246094,95.33999633789062,95.36000061035156,93.7699966430664,94.05999755859376,2399200
2022-12-22,84.28287506103516,94.47000122070312,95.01000213623048,92.97000122070312,94.9499969482422,3310100
2022-12-23,85.371337890625,95.69000244140624,95.7300033569336,94.08000183105467,94.25,1406200
2022-12-27,85.9066162109375,96.29000091552734,96.45999908447266,95.23999786376952,95.97000122070312,1327300
2022-12-28,85.07691192626953,95.36000061035156,96.86000061035156,95.3000030517578,96.48999786376952,1391800
2022-12-29,85.65682220458984,96.01000213623048,96.66000366210938,95.66999816894533,95.93000030517578,1415900
2022-12-30,84.71109771728516,94.9499969482422,96.08000183105467,94.06999969482422,95.9000015258789,1405300
2023-01-03,84.63975524902344,94.87000274658205,95.29000091552734,93.38999938964844,94.9000015258789,1870500
2023-01-04,85.21964263916016,95.5199966430664,96.87000274658205,94.88999938964844,95.2699966430664,1963500
2023-01-05,83.66728210449219,93.77999877929688,95.4499969482422,93.4800033569336,94.83999633789062,2374200
2023-01-06,86.12073516845703,96.52999877929688,97.18000030517578,94.76000213623048,94.76000213623048,2287500
2023-01-09,87.38761901855469,97.9499969482422,98.31999969482422,96.2300033569336,96.41000366210938,2561400
2023-01-10,86.78987121582031,97.27999877929688,98.08000183105467,96.47000122070312,97.61000061035156,3975900
2023-01-11,87.10212707519531,97.62999725341795,97.79000091552734,97.02999877929688,97.25,5187300
2023-01-12,86.013671875,96.41000366210938,97.83999633789062,96.25,97.58000183105467,2505500
2023-01-13,84.61298370361328,94.83999633789062,95.8499984741211,94.66999816894533,95.6500015258789,3709700
2023-01-17,84.63082885742188,94.86000061035156,95.5,94.31999969482422,94.77999877929688,2575400
2023-01-18,82.480712890625,92.4499969482422,95.20999908447266,92.36000061035156,95.12000274658205,3775900
2023-01-19,81.7491226196289,91.62999725341795,92.66000366210938,91.51000213623048,92.3000030517578,1778500
2023-01-20,82.23090362548828,92.16999816894533,92.83999633789062,90.08999633789062,91.23999786376952,3154200
2023-01-23,82.66804504394531,92.66000366210938,93.5,91.56999969482422,91.93000030517578,2157400
2023-01-24,82.70374298095703,92.6999969482422,92.93000030517578,91.29000091552734,92.3499984741211,2225300
2023-01-25,82.39147186279297,92.3499984741211,92.54000091552734,91.5999984741211,92.44000244140624,2302700
2023-01-26,82.96247100830078,92.98999786376952,93.37000274658205,91.95999908447266,92.11000061035156,2262900
2023-01-27,83.03385162353516,93.06999969482422,93.4800033569336,92.25,92.69000244140624,1647700
2023-01-30,82.85541534423828,92.87000274658205,93.97000122070312,92.68000030517578,92.93000030517578,2866700
2023-01-31,83.82786560058594,93.95999908447266,94.12999725341795,91.91999816894533,93.08999633789062,3339000
2023-02-01,84.44347381591797,94.6500015258789,95.1999969482422,92.95999908447266,93.22000122070312,3290400
2023-02-02,84.35426330566406,94.5500030517578,95.62999725341795,93.58000183105467,94.6500015258789,2533600
2023-02-03,82.17738342285156,92.11000061035156,94.08999633789062,90.9800033569336,93.95999908447266,2593300
2023-02-06,82.52531433105469,92.5,92.58000183105467,91.58000183105467,91.94000244140624,2657000
2023-02-07,82.32904052734375,92.27999877929688,92.52999877929688,90.68000030517578,92.08000183105467,3160800
2023-02-08,80.63392639160156,90.37999725341795,91.7699966430664,90.01000213623047,91.7699966430664,2901700
2023-02-09,79.67047119140625,88.4800033569336,90.23999786376952,88.12999725341797,89.73999786376953,2779800
2023-02-10,81.53436279296875,90.5500030517578,90.62000274658205,88.63999938964844,88.94000244140625,2053100
2023-02-13,82.02059936523438,91.08999633789062,91.37000274658205,90.56999969482422,90.6500015258789,3107200
2023-02-14,81.47132110595703,90.4800033569336,91.58999633789062,89.94999694824219,90.87999725341795,1989700
2023-02-15,81.86752319335938,90.91999816894533,90.9499969482422,89.93000030517578,90.25,1687500
2023-02-16,81.66942596435547,90.6999969482422,91.1999969482422,89.23999786376953,89.98999786376953,2054600
2023-02-17,83.20915985107422,92.41000366210938,92.7300033569336,90.3499984741211,90.63999938964844,3127600
2023-02-21,81.80449676513672,90.8499984741211,91.9499969482422,90.4499969482422,91.4800033569336,2834600
2023-02-22,81.77747344970703,90.81999969482422,91.5,90.11000061035156,90.38999938964844,3583000
2023-02-23,81.67842864990234,90.70999908447266,90.97000122070312,88.9000015258789,90.20999908447266,3829200
2023-02-24,81.4262924194336,90.43000030517578,90.91999816894533,89.16999816894531,89.44000244140625,3248100
2023-02-27,81.10215759277344,90.06999969482422,91.54000091552734,89.87999725341797,90.98999786376952,2931400
2023-02-28,79.21124267578125,87.97000122070312,90.31999969482422,87.76000213623047,89.4800033569336,3593800
2023-03-01,77.76153564453125,86.36000061035156,87.66000366210938,85.7300033569336,87.62000274658203,2997900
2023-03-02,79.22923278808594,87.98999786376953,88.19000244140625,85.8499984741211,86.0999984741211,2549200
2023-03-03,80.21971893310547,89.08999633789062,89.11000061035156,87.22000122070312,88.08999633789062,2715600
2023-03-06,80.47183990478516,89.37000274658203,89.80999755859375,88.86000061035156,89.0,1735400
2023-03-07,79.80551147460938,88.62999725341797,90.18000030517578,88.19000244140625,89.56999969482422,3381000
2023-03-08,80.4088134765625,89.30000305175781,89.66999816894531,88.31999969482422,88.94000244140625,2108300
2023-03-09,79.92259216308594,88.76000213623047,90.76000213623048,88.45999908447266,89.77999877929688,2006500
2023-03-10,78.81505584716797,87.52999877929688,89.33000183105469,87.0,89.16000366210938,2660400
2023-03-13,80.48085021972656,89.37999725341797,90.9800033569336,87.72000122070312,87.80000305175781,4420600
2023-03-14,81.26422882080078,90.25,91.11000061035156,89.51000213623047,89.83999633789062,2926900
2023-03-15,83.37124633789062,92.58999633789062,93.12999725341795,89.7300033569336,90.16999816894533,4085000
2023-03-16,82.84900665283203,92.01000213623048,93.13999938964844,90.62000274658205,92.1999969482422,4169200
2023-03-17,81.66942596435547,90.6999969482422,91.86000061035156,90.0999984741211,91.62999725341795,8072300
2023-03-20,82.62389373779297,91.76000213623048,92.4499969482422,90.86000061035156,91.16000366210938,2718300
2023-03-21,80.04863739013672,88.9000015258789,91.79000091552734,87.7300033569336,91.69000244140624,4532000
2023-03-22,78.2027359008789,86.8499984741211,89.44999694824219,86.80999755859375,88.76000213623047,3156000
2023-03-23,76.90612030029297,85.41000366210938,87.52999877929688,85.20999908447266,86.80999755859375,3862100
2023-03-24,80.21971893310547,89.08999633789062,89.11000061035156,85.52999877929688,85.6500015258789,2527200
2023-03-27,79.7334976196289,88.55000305175781,89.87000274658203,88.41000366210938,89.44000244140625,1919000
2023-03-28,80.07565307617188,88.93000030517578,89.88999938964844,88.45999908447266,88.52999877929688,2158900
2023-03-29,81.1291732788086,90.0999984741211,90.12000274658205,89.20999908447266,89.29000091552734,3185900
2023-03-30,81.4262924194336,90.43000030517578,91.18000030517578,88.58000183105469,90.38999938964844,3617600
2023-03-31,81.93055725097656,90.98999786376952,91.13999938964844,90.30999755859376,90.8499984741211,2210600
2023-04-03,81.84951782226562,90.9000015258789,91.62000274658205,90.11000061035156,90.47000122070312,2926200
2023-04-04,82.09262084960938,91.16999816894533,91.33999633789062,90.4000015258789,90.68000030517578,3146900
2023-04-05,85.1270980834961,94.54000091552734,94.91000366210938,91.73999786376952,91.81999969482422,4232600
2023-04-06,85.44224548339844,94.88999938964844,96.0500030517578,93.91999816894533,95.33000183105467,2991500
2023-04-10,85.03705596923828,94.44000244140624,94.75,93.37999725341795,94.51000213623048,1977400
2023-04-11,84.94700622558594,94.33999633789062,94.6999969482422,93.6999969482422,94.54000091552734,2682600
2023-04-12,84.87496948242188,94.26000213623048,94.86000061035156,93.8499984741211,94.5999984741211,2434300
2023-04-13,84.61385345458984,93.97000122070312,94.19000244140624,92.08000183105467,93.9000015258789,2062200
2023-04-14,83.29020690917969,92.5,93.22000122070312,92.0999984741211,92.9499969482422,1994100
2023-04-17,84.00155639648438,93.29000091552734,93.5999984741211,92.37999725341795,93.0500030517578,1632000
2023-04-18,83.26319122314453,92.47000122070312,93.41000366210938,92.05999755859376,93.41000366210938,2070900
2023-04-19,84.22666931152344,93.54000091552734,93.5500030517578,92.68000030517578,92.9499969482422,1622000
2023-04-20,84.19963836669922,93.51000213623048,94.0199966430664,93.0999984741211,93.79000091552734,2099700
2023-04-21,84.5688247680664,93.91999816894533,94.4000015258789,93.31999969482422,94.08000183105467,2506900
2023-04-24,84.85696411132812,94.23999786376952,94.4800033569336,93.23999786376952,93.69000244140624,2197400
2023-04-25,84.98302459716797,94.37999725341795,94.7300033569336,94.05999755859376,94.22000122070312,1642500
2023-04-26,83.06510925292969,92.25,94.22000122070312,92.01000213623048,93.7300033569336,1998900
2023-04-27,83.56934356689453,92.80999755859376,93.22000122070312,92.2300033569336,92.36000061035156,2004700
2023-04-28,83.2181625366211,92.41999816894533,93.29000091552734,91.41999816894533,92.62000274658205,2621600
2023-05-01,83.42527770996094,92.6500015258789,93.55999755859376,92.0199966430664,92.3000030517578,3046300
2023-05-02,82.19168090820312,91.27999877929688,92.88999938964844,90.7300033569336,92.75,2134300
2023-05-03,81.82250213623047,90.87000274658205,92.13999938964844,90.66999816894533,91.73999786376952,1998400
2023-05-04,82.33574676513672,91.44000244140624,92.37999725341795,89.66000366210938,90.61000061035156,2365100
2023-05-05,82.93903350830078,92.11000061035156,92.26000213623048,90.75,90.91999816894533,3328700
2023-05-08,82.96605682373047,92.13999938964844,92.87999725341795,91.44000244140624,92.05999755859376,2476700
2023-05-09,82.7752456665039,91.0999984741211,91.31999969482422,90.26000213623048,91.0,2026700
2023-05-10,83.33859252929688,91.72000122070312,92.0199966430664,90.6999969482422,91.5199966430664,1657500
2023-05-11,82.39362335205078,90.68000030517578,91.79000091552734,90.19000244140624,91.41999816894533,1676800
2023-05-12,83.2840805053711,91.66000366210938,91.93000030517578,91.02999877929688,91.41999816894533,3314600
2023-05-15,81.85751342773438,90.08999633789062,92.0999984741211,89.61000061035156,91.98999786376952,2788600
2023-05-16,80.040283203125,88.08999633789062,90.33000183105467,88.0199966430664,90.2300033569336,2482900
2023-05-17,79.1135025024414,87.06999969482422,88.22000122070312,86.33000183105469,88.16999816894531,2674900
2023-05-18,78.7228012084961,86.63999938964844,86.76000213623047,85.73999786376953,86.47000122070312,2595400
2023-05-19,78.65011596679688,86.55999755859375,87.45999908447266,86.44999694824219,86.73999786376953,2117100
2023-05-22,78.51382446289062,86.41000366210938,87.43000030517578,86.29000091552734,87.16000366210938,1458000
2023-05-23,78.14127349853516,86.0,86.83000183105469,85.87999725341797,86.12999725341797,1812100
2023-05-24,77.38712310791016,85.16999816894531,86.4000015258789,85.12000274658203,85.79000091552734,1767900
2023-05-25,74.96112060546875,82.5,84.44999694824219,81.5,84.37000274658203,4953100
2023-05-26,74.73394775390625,82.25,82.5199966430664,81.31999969482422,82.31999969482422,3387100
2023-05-30,74.31599426269531,81.79000091552734,82.51000213623047,81.31999969482422,82.23999786376953,3346100
2023-05-31,75.52446746826172,83.12000274658203,83.48999786376953,81.52999877929688,81.91000366210938,3091100
2023-06-01,74.52497100830078,82.0199966430664,83.4000015258789,81.45999908447266,83.33999633789062,2995700
2023-06-02,75.82430267333984,83.44999694824219,84.0199966430664,81.20999908447266,81.54000091552734,3066200
2023-06-05,76.32404327392578,84.0,84.76000213623047,83.52999877929688,83.7699966430664,2349400
2023-06-06,75.8152084350586,83.44000244140625,84.12999725341797,82.9000015258789,83.5,2953500
2023-06-07,76.85103607177734,84.58000183105469,84.80000305175781,82.91999816894531,83.62000274658203,2763900
2023-06-08,76.94190216064453,84.68000030517578,85.12000274658203,83.9000015258789,85.12000274658203,3349100
2023-06-09,76.03327941894531,83.68000030517578,84.95999908447266,83.55000305175781,84.68000030517578,3019600
2023-06-12,76.04236602783203,83.69000244140625,83.88999938964844,83.22000122070312,83.68000030517578,2981400
2023-06-13,75.53353118896484,83.12999725341797,83.66999816894531,82.8499984741211,83.19999694824219,2907600
2023-06-14,75.96966552734375,83.61000061035156,84.30999755859375,83.02999877929688,83.5,2287500
2023-06-15,77.12362670898438,84.87999725341797,85.08999633789062,83.80999755859375,84.31999969482422,3233300
2023-06-16,77.16905975341797,84.93000030517578,85.54000091552734,84.4800033569336,84.87999725341797,5317200
2023-06-20,76.81470489501953,84.54000091552734,85.51000213623047,83.94999694824219,84.91999816894531,2632900
2023-06-21,77.64153289794922,85.44999694824219,85.5,82.91999816894531,84.0,3541800
2023-06-22,77.3235092163086,85.0999984741211,86.05000305175781,84.68000030517578,85.80000305175781,4391300
2023-06-23,75.86063385009766,83.48999786376953,85.62999725341797,83.04000091552734,85.62999725341797,3785300
2023-06-26,76.12416076660156,83.77999877929688,84.33999633789062,82.91000366210938,83.66999816894531,3244300
2023-06-27,75.8152084350586,83.44000244140625,84.0,83.4000015258789,83.7699966430664,3679100
2023-06-28,74.16152954101562,81.62000274658203,83.45999908447266,81.33999633789062,83.36000061035156,4762100
2023-06-29,75.65166473388672,83.26000213623047,83.66999816894531,80.79000091552734,81.16999816894531,5088900
2023-06-30,76.50576782226562,84.19999694824219,84.36000061035156,83.36000061035156,83.55000305175781,3236400
2023-07-03,77.52342987060547,85.31999969482422,85.37999725341797,83.87000274658203,84.18000030517578,1533400
2023-07-05,77.95956420898438,85.80000305175781,86.4800033569336,84.7300033569336,85.0999984741211,2950900
2023-07-06,77.53250122070312,85.33000183105469,85.62999725341797,84.51000213623047,85.12999725341797,2539200
2023-07-07,76.5875244140625,84.29000091552734,85.02999877929688,84.25,84.88999938964844,1753600
2023-07-10,76.63297271728516,84.33999633789062,84.91999816894531,83.5999984741211,84.30000305175781,3489000
2023-07-11,78.15945434570312,86.0199966430664,86.12000274658203,84.29000091552734,84.5,3292100
2023-07-12,79.2679672241211,87.23999786376953,87.52999877929688,85.9000015258789,86.16999816894531,3590200
2023-07-13,79.30431365966797,87.27999877929688,87.5199966430664,86.80000305175781,87.16000366210938,3128200
2023-07-14,79.24980163574219,87.22000122070312,87.58000183105469,86.33999633789062,87.05000305175781,2641600
2023-07-17,77.66879272460938,85.4800033569336,87.0,85.43000030517578,86.9000015258789,3161600
2023-07-18,76.93281555175781,84.66999816894531,86.37000274658203,84.01000213623047,85.62000274658203,3040900
2023-07-19,77.56884002685547,85.37000274658203,86.11000061035156,84.75,84.76000213623047,2832100
2023-07-20,78.88634490966797,86.81999969482422,86.93000030517578,85.2300033569336,85.55000305175781,2850700
2023-07-21,79.8949203491211,87.93000030517578,88.30999755859375,86.95999908447266,87.12000274658203,8462300
2023-07-24,79.59507751464844,87.5999984741211,88.08999633789062,86.94999694824219,87.83999633789062,2382200
2023-07-25,79.54055786132812,87.54000091552734,88.25,87.11000061035156,87.37000274658203,2667600
2023-07-26,79.60416412353516,87.61000061035156,88.8499984741211,87.19000244140625,87.47000122070312,2755700
2023-07-27,77.46891784667969,85.26000213623047,87.6500015258789,84.2699966430664,87.29000091552734,4837900
2023-07-28,77.61428833007812,85.41999816894531,86.72000122070312,85.02999877929688,85.51000213623047,3504000
2023-07-31,76.99640655517578,84.73999786376953,85.73999786376953,84.06999969482422,85.4800033569336,5903600
2023-08-01,76.3512954711914,84.02999877929688,85.01000213623047,83.81999969482422,84.83999633789062,3750000
2023-08-02,76.77835083007812,84.5,84.83999633789062,83.69999694824219,83.88999938964844,3160800
2023-08-03,74.49771881103516,81.98999786376953,84.43000030517578,81.9800033569336,84.30999755859375,3287300
2023-08-04,73.81624603271484,81.23999786376953,82.86000061035156,80.93000030517578,82.26000213623047,2578500
2023-08-07,73.48915100097656,80.87999725341797,81.98999786376953,80.75,81.5,3267100
2023-08-08,73.43463134765625,80.81999969482422,81.06999969482422,79.69999694824219,80.62999725341797,3797400
2023-08-09,74.09561920166016,80.70999908447266,81.13999938964844,79.86000061035156,80.0,3878100
2023-08-10,74.435302734375,81.08000183105469,81.98999786376953,80.68000030517578,81.44000244140625,4083600
2023-08-11,74.46284484863281,81.11000061035156,81.58000183105469,80.7699966430664,81.13999938964844,2067300
2023-08-14,73.44380950927734,80.0,81.16999816894531,79.77999877929688,81.16999816894531,2733100
2023-08-15,72.6175765991211,79.0999984741211,79.63999938964844,78.87000274658203,79.5,3405700
2023-08-16,72.7001953125,79.19000244140625,79.9000015258789,78.93000030517578,79.30999755859375,3285900
2023-08-17,72.32379150390625,78.77999877929688,80.01000213623047,78.76000213623047,79.37000274658203,2790500
2023-08-18,72.54412841796875,79.0199966430664,79.26000213623047,78.44000244140625,78.69999694824219,3155200
2023-08-21,72.12181854248047,78.55999755859375,79.16999816894531,77.80000305175781,79.0,2571300
2023-08-22,72.17691040039062,78.62000274658203,78.91999816894531,78.19999694824219,78.43000030517578,2558200
2023-08-23,72.9205322265625,79.43000030517578,79.47000122070312,78.70999908447266,79.01000213623047,3045300
2023-08-24,72.36968994140625,78.83000183105469,80.47000122070312,78.79000091552734,79.36000061035156,2787100
2023-08-25,72.8287124633789,79.33000183105469,79.80999755859375,78.8499984741211,79.0,1875700
2023-08-28,72.7093734741211,79.19999694824219,79.95999908447266,78.94000244140625,79.69000244140625,1608300
2023-08-29,73.10413360595703,79.62999725341797,80.02999877929688,79.0999984741211,79.3499984741211,1967700
2023-08-30,72.9297103881836,79.44000244140625,79.83999633789062,79.05000305175781,79.51000213623047,1854800
2023-08-31,71.97493743896484,78.4000015258789,79.83000183105469,78.30000305175781,79.68000030517578,3095900
2023-09-01,71.16705322265625,77.5199966430664,79.04000091552734,77.01000213623047,78.86000061035156,2548200
2023-09-05,69.77162170410156,76.0,77.41000366210938,75.47000122070312,77.3499984741211,2972500
2023-09-06,70.12049102783203,76.37999725341797,76.58000183105469,75.76000213623047,75.87000274658203,2752300
2023-09-07,71.0018081665039,77.33999633789062,77.93000030517578,76.79000091552734,77.02999877929688,2899600
2023-09-08,71.3690185546875,77.73999786376953,77.86000061035156,77.16999816894531,77.4000015258789,2164200
2023-09-11,71.42411041259766,77.80000305175781,78.54000091552734,77.72000122070312,77.79000091552734,2540400
2023-09-12,71.44246673583984,77.81999969482422,78.0,77.23999786376953,77.7300033569336,2681800
2023-09-13,72.8287124633789,79.33000183105469,79.6500015258789,77.98999786376953,78.01000213623047,2936800
2023-09-14,73.99463653564453,80.5999984741211,80.69000244140625,79.7300033569336,79.77999877929688,2779600
2023-09-15,73.48053741455078,80.04000091552734,81.01000213623047,79.9800033569336,80.68000030517578,4598000
2023-09-18,73.65497589111328,80.2300033569336,80.55999755859375,79.4800033569336,80.27999877929688,1650900
2023-09-19,73.4989013671875,80.05999755859375,80.62999725341797,79.86000061035156,80.2699966430664,2238500
2023-09-20,73.85692596435547,80.44999694824219,81.37000274658203,79.91999816894531,80.54000091552734,2073800
2023-09-21,73.3336410522461,79.87999725341797,80.91999816894531,79.61000061035156,80.38999938964844,3163300
2023-09-22,72.68183898925781,79.16999816894531,79.80000305175781,79.04000091552734,79.45999908447266,2515600
2023-09-25,72.23199462890625,78.68000030517578,79.08000183105469,77.87999725341797,78.83999633789062,2229000
2023-09-26,70.08374786376953,76.33999633789062,78.54000091552734,76.20999908447266,78.54000091552734,2910000
2023-09-27,69.64309692382812,75.86000061035156,76.5199966430664,74.87999725341797,76.33999633789062,3455500
2023-09-28,68.55062103271484,74.66999816894531,76.37000274658203,74.2300033569336,76.19999694824219,3162400
2023-09-29,69.05554962158203,75.22000122070312,75.88999938964844,74.43000030517578,75.23999786376953,3419100
2023-10-02,65.9525375366211,71.83999633789062,74.95999908447266,71.04000091552734,74.63999938964844,6352000
2023-10-03,66.8430404663086,72.80999755859375,73.08999633789062,69.87999725341797,71.02999877929688,5808600
2023-10-04,67.28372192382812,73.29000091552734,73.54000091552734,71.94999694824219,72.87999725341797,4031700
2023-10-05,65.48433685302734,71.33000183105469,73.16000366210938,70.2300033569336,73.08000183105469,8103100
2023-10-06,66.27386474609375,72.19000244140625,72.29000091552734,69.37999725341797,70.51000213623047,4584500
2023-10-09,67.6233901977539,73.66000366210938,73.69000244140625,72.13999938964844,72.5,3391900
2023-10-10,68.14668273925781,74.2300033569336,74.30000305175781,73.44000244140625,73.66000366210938,5050400
2023-10-11,69.11062622070312,75.27999877929688,75.43000030517578,74.13999938964844,74.87000274658203,2388500
2023-10-12,67.45813751220703,73.4800033569336,74.8499984741211,72.69999694824219,74.7699966430664,3803200
2023-10-13,68.36701202392578,74.47000122070312,74.79000091552734,73.56999969482422,73.94999694824219,2809400
2023-10-16,69.82670593261719,76.05999755859375,76.76000213623047,74.37000274658203,74.83000183105469,4907800
2023-10-17,69.46866607666016,75.66999816894531,76.41000366210938,75.16000366210938,75.5999984741211,2236700
2023-10-18,69.00963592529297,75.16999816894531,76.16999816894531,74.5999984741211,75.5999984741211,2850500
2023-10-19,68.32112121582031,74.41999816894531,75.58999633789062,74.29000091552734,74.98999786376953,2770600
2023-10-20,67.33879089355469,73.3499984741211,75.16000366210938,73.27999877929688,74.37000274658203,3270200
2023-10-23,67.33879089355469,73.3499984741211,74.30000305175781,72.01000213623047,72.63999938964844,3844700
2023-10-24,68.61488342285156,74.73999786376953,74.94999694824219,73.75,73.83999633789062,3068900
2023-10-25,69.18406677246094,75.36000061035156,75.62000274658203,74.37999725341797,74.62000274658203,4912700
2023-10-26,69.56047058105469,75.7699966430664,76.62000274658203,75.37999725341797,75.52999877929688,3264200
2023-10-27,68.78931427001953,74.93000030517578,76.0,74.66999816894531,75.5,2876300
2023-10-30,69.22998046875,75.41000366210938,75.97000122070312,74.37000274658203,75.12999725341797,3668400
2023-10-31,69.34931945800781,75.54000091552734,75.8499984741211,74.93000030517578,75.70999908447266,4095900
2023-11-01,70.21229553222656,76.4800033569336,76.95999908447266,74.7300033569336,75.69000244140625,4065600
2023-11-02,72.74610900878906,79.23999786376953,80.19999694824219,76.19999694824219,76.19999694824219,5569300
2023-11-03,73.186767578125,79.72000122070312,81.08000183105469,79.5999984741211,80.19000244140625,4149800
2023-11-06,72.75527954101562,79.25,80.12999725341797,78.83000183105469,79.7699966430664,3372400
2023-11-07,72.38805389404297,78.8499984741211,79.72000122070312,78.68000030517578,79.19000244140625,3786900
2023-11-08,71.74542999267578,78.1500015258789,78.62000274658203,77.22000122070312,78.45999908447266,3013600
2023-11-09,71.73615264892578,77.26000213623047,78.37000274658203,77.04000091552734,77.62999725341797,2985500
2023-11-10,72.1446762084961,77.69999694824219,78.12000274658203,77.12999725341797,77.77999877929688,3478900
2023-11-13,69.65629577636719,75.0199966430664,77.58999633789062,74.97000122070312,77.29000091552734,4549900
2023-11-14,71.87541961669922,77.41000366210938,77.98999786376953,76.62000274658203,76.75,3836900
2023-11-15,71.05833435058594,76.52999877929688,78.44000244140625,76.44000244140625,77.27999877929688,3404700
2023-11-16,71.84754943847656,77.37999725341797,78.08000183105469,76.9000015258789,77.4800033569336,4380100
2023-11-17,71.85684967041016,77.38999938964844,77.91000366210938,76.87000274658203,77.72000122070312,3507100
2023-11-20,71.671142578125,77.19000244140625,77.45999908447266,75.93000030517578,77.0,3499800
2023-11-21,72.46037292480469,78.04000091552734,78.16999816894531,76.76000213623047,77.4800033569336,3613200
2023-11-22,72.65535736083984,78.25,78.27999877929688,77.47000122070312,78.0,2499700
2023-11-24,72.88748931884766,78.5,78.5,77.83000183105469,78.44999694824219,1140200
2023-11-27,72.92462921142578,78.54000091552734,78.83999633789062,77.73999786376953,78.61000061035156,2677800
2023-11-28,74.029541015625,79.7300033569336,80.20999908447266,78.18000030517578,78.5,3412100
2023-11-29,73.55599975585938,79.22000122070312,80.27999877929688,79.0199966430664,80.05999755859375,2992600
2023-11-30,73.86241912841797,79.55000305175781,79.63999938964844,78.7699966430664,79.2699966430664,3756500
2023-12-01,74.75376892089844,80.51000213623047,80.7699966430664,79.33000183105469,79.83000183105469,2785100
2023-12-04,74.40093994140625,80.12999725341797,80.97000122070312,79.66999816894531,79.95999908447266,3448900
2023-12-05,73.63957214355469,79.30999755859375,80.3499984741211,79.01000213623047,80.20999908447266,2914600
2023-12-06,74.614501953125,80.36000061035156,80.4800033569336,79.56999969482422,79.95999908447266,2927900
2023-12-07,74.4659423828125,80.19999694824219,81.0,79.83000183105469,80.5,2820000
2023-12-08,73.94596862792969,79.63999938964844,80.44000244140625,79.2300033569336,80.12000274658203,2708000
2023-12-11,74.73519897460938,80.48999786376953,80.76000213623047,79.51000213623047,79.81999969482422,3711600
2023-12-12,74.28023529052734,80.0,80.66000366210938,79.5999984741211,80.5999984741211,3096800
2023-12-13,77.5949935913086,83.56999969482422,83.69000244140625,79.8499984741211,80.19999694824219,4082200
2023-12-14,77.37214660644531,83.33000183105469,84.69000244140625,83.16999816894531,83.91999816894531,6941500
2023-12-15,76.3508071899414,82.2300033569336,83.58000183105469,81.91000366210938,82.51000213623047,10926100
2023-12-18,75.88655090332031,81.7300033569336,82.91999816894531,81.5,82.23999786376953,3329000
2023-12-19,76.25794219970703,82.12999725341797,82.30999755859375,81.58000183105469,82.06999969482422,2351100
2023-12-20,74.57735443115234,80.31999969482422,82.48999786376953,80.29000091552734,82.05000305175781,3402200
2023-12-21,74.31737518310547,80.04000091552734,80.81999969482422,79.44999694824219,80.62999725341797,4092600
2023-12-22,74.63307189941406,80.37999725341797,81.41999816894531,80.33999633789062,80.56999969482422,2775000
2023-12-26,74.95804595947266,80.7300033569336,81.06999969482422,80.36000061035156,80.5,1750600
2023-12-27,75.03234100341797,80.80999755859375,80.87000274658203,80.2300033569336,80.70999908447266,2608500
2023-12-28,75.51515197753906,81.33000183105469,81.41000366210938,80.3499984741211,80.45999908447266,2164900
2023-12-29,75.41300964355469,81.22000122070312,81.30999755859375,80.45999908447266,81.05000305175781,2476500
2024-01-02,77.23287963867188,83.18000030517578,83.33999633789062,80.80999755859375,81.0,3429100
2024-01-03,77.41857147216797,83.37999725341797,83.72000122070312,82.86000061035156,83.62999725341797,2915600
2024-01-04,77.42786407470703,83.38999938964844,83.9800033569336,83.05999755859375,83.33000183105469,3155500
2024-01-05,78.05924987792969,84.06999969482422,84.54000091552734,82.9800033569336,83.12999725341797,2463900
2024-01-08,78.4677963256836,84.51000213623047,84.55999755859375,83.62000274658203,83.7699966430664,2471800
2024-01-09,78.11495971679688,84.12999725341797,84.48999786376953,83.66999816894531,84.0199966430664,2922800
2024-01-10,76.63862609863281,82.54000091552734,83.95999908447266,82.48999786376953,83.87000274658203,3053400
2024-01-11,74.65164947509766,80.4000015258789,81.72000122070312,79.91999816894531,81.38999938964844,3574600
2024-01-12,75.66371154785156,81.48999786376953,81.75,80.58000183105469,80.86000061035156,4672800
2024-01-16,75.190185546875,80.9800033569336,81.52999877929688,80.66999816894531,81.0,6900500
2024-01-17,74.029541015625,79.7300033569336,81.08999633789062,79.08999633789062,80.63999938964844,4394900
2024-01-18,72.60893249511719,78.19999694824219,79.5,77.95999908447266,79.25,6144800
2024-01-19,72.1446762084961,77.69999694824219,78.48999786376953,77.04000091552734,78.23999786376953,4301600
2024-01-22,71.73615264892578,77.26000213623047,78.23999786376953,76.69999694824219,77.52999877929688,2971000
2024-01-23,72.5253677368164,78.11000061035156,78.25,77.01000213623047,77.37999725341797,3808500
2024-01-24,71.48544311523438,76.98999786376953,78.94000244140625,76.81999969482422,78.69999694824219,5085800
2024-01-25,72.50679779052734,78.08999633789062,78.27999877929688,77.04000091552734,78.04000091552734,3183600
2024-01-26,72.27467346191406,77.83999633789062,78.69999694824219,77.61000061035156,78.08999633789062,2446800
2024-01-29,72.77606201171875,78.37999725341797,78.5999984741211,77.16000366210938,77.8499984741211,2307200
2024-01-30,72.8317642211914,78.44000244140625,78.93000030517578,77.5199966430664,78.01000213623047,2514100
2024-01-31,72.55323028564453,78.13999938964844,79.91999816894531,77.55000305175781,79.08999633789062,3642000
2024-02-01,73.99240112304688,79.69000244140625,79.73999786376953,77.58000183105469,78.01000213623047,2762500
2024-02-02,73.00819396972656,78.62999725341797,79.31999969482422,77.77999877929688,78.94000244140625,2947000
2024-02-05,71.30902862548828,76.80000305175781,77.94000244140625,76.73999786376953,77.9000015258789,2819400
2024-02-06,71.70829010009766,77.2300033569336,77.47000122070312,76.41000366210938,76.76000213623047,3208300
2024-02-07,71.8011474609375,77.33000183105469,77.69999694824219,76.7699966430664,77.54000091552734,3087100
2024-02-08,71.32215118408203,75.94000244140625,76.30000305175781,75.22000122070312,76.12000274658203,3293500
2024-02-09,71.99837493896484,76.66000366210938,76.7300033569336,75.55999755859375,75.7300033569336,2710300
2024-02-12,72.87181091308594,77.58999633789062,77.72000122070312,76.30999755859375,76.56999969482422,2507000
2024-02-13,73.98944854736328,78.77999877929688,79.54000091552734,77.51000213623047,79.33999633789062,7370200
2024-02-14,74.00823974609375,78.80000305175781,79.12999725341797,78.06999969482422,78.8499984741211,3365100
2024-02-15,76.41255950927734,81.36000061035156,81.66999816894531,79.0199966430664,79.05999755859375,6648500
2024-02-16,76.40316772460938,81.3499984741211,81.98999786376953,80.68000030517578,81.2699966430664,6292700
2024-02-20,75.96176147460938,80.87999725341797,82.2699966430664,80.73999786376953,81.58999633789062,4043200
2024-02-21,77.53958892822266,82.55999755859375,82.62000274658203,81.2300033569336,81.58999633789062,4162600
2024-02-22,77.0136489868164,82.0,82.51000213623047,81.44000244140625,82.05000305175781,4129900
2024-02-23,77.436279296875,82.44999694824219,82.91000366210938,81.72000122070312,82.0,2765900
2024-02-26,75.85842895507812,80.7699966430664,82.30999755859375,80.75,82.18000030517578,4705300
2024-02-27,78.95777130126953,84.06999969482422,84.16000366210938,81.51000213623047,83.58999633789062,7562500
2024-02-28,78.25337982177734,83.31999969482422,83.75,82.56999969482422,83.08999633789062,6342100
2024-02-29,80.0096664428711,85.19000244140625,85.22000122070312,83.58000183105469,84.0,10228500
2024-03-01,79.82181549072266,84.98999786376953,85.19999694824219,83.02999877929688,85.19999694824219,9446200
2024-03-04,79.78424835205078,84.94999694824219,85.44000244140625,84.37999725341797,84.62000274658203,4358300
2024-03-05,78.93898010253906,84.05000305175781,86.1500015258789,83.97000122070312,85.5,4356500
2024-03-06,78.81689453125,83.91999816894531,85.02999877929688,83.86000061035156,84.75,4095800
2024-03-07,78.9859390258789,84.0999984741211,85.0999984741211,84.05999755859375,84.76000213623047,3554400
2024-03-08,78.74175262451172,83.83999633789062,84.56999969482422,83.19999694824219,83.5999984741211,4567800
2024-03-11,78.63845825195312,83.7300033569336,84.43000030517578,82.93000030517578,83.26000213623047,5094100
2024-03-12,78.31912231445312,83.38999938964844,83.88999938964844,82.52999877929688,83.20999908447266,2893600
2024-03-13,77.95282745361328,83.0,84.30999755859375,82.76000213623047,83.58000183105469,2997600
2024-03-14,76.88215637207031,81.86000061035156,82.9000015258789,81.12000274658203,82.62000274658203,3828700
2024-03-15,77.116943359375,82.11000061035156,82.72000122070312,81.73999786376953,81.95999908447266,6055700
2024-03-18,77.1639175415039,82.16000366210938,83.1500015258789,81.81999969482422,82.0,4885700
2024-03-19,78.25337982177734,83.31999969482422,83.5199966430664,81.91999816894531,82.12000274658203,4138100
2024-03-20,77.81196594238281,82.8499984741211,84.02999877929688,82.58999633789062,83.0,5122600
2024-03-21,78.04676055908203,83.0999984741211,83.69000244140625,82.8499984741211,82.94999694824219,3108800
2024-03-22,77.90586853027344,82.94999694824219,83.41999816894531,82.45999908447266,83.3499984741211,2374200
2024-03-25,77.83074188232422,82.87000274658203,83.47000122070312,82.56999969482422,82.94999694824219,1887400
2024-03-26,77.4644546508789,82.4800033569336,83.25,82.20999908447266,82.79000091552734,2225100
2024-03-27,79.64337921142578,84.80000305175781,84.83000183105469,82.79000091552734,83.0,2908500
2024-03-28,80.86433410644531,86.0999984741211,86.23999786376953,84.75,84.9000015258789,3077300
2024-04-01,79.41796112060547,84.55999755859375,86.16999816894531,84.41999816894531,86.11000061035156,2532600
2024-04-02,80.0284423828125,85.20999908447266,85.66000366210938,84.0199966430664,84.19999694824219,2065500
2024-04-03,79.20195770263672,84.33000183105469,85.30000305175781,84.16999816894531,85.30000305175781,1816500
2024-04-04,78.85446166992188,83.95999908447266,85.19000244140625,83.23999786376953,85.0999984741211,1990600
2024-04-05,78.84505462646484,83.94999694824219,84.2300033569336,82.4000015258789,83.44999694824219,2432000
2024-04-08,79.14561462402344,84.2699966430664,84.41000366210938,83.58000183105469,83.91999816894531,1710600
2024-04-09,79.90635681152344,85.08000183105469,85.18000030517578,84.25,84.5199966430664,2812500
2024-04-10,78.22518920898438,83.29000091552734,83.97000122070312,82.41000366210938,83.55999755859375,2872300
2024-04-11,77.8683090209961,82.91000366210938,83.58000183105469,82.55000305175781,83.5,1828800
2024-04-12,77.10755920410156,82.0999984741211,83.2699966430664,81.5199966430664,82.86000061035156,2409400
2024-04-15,75.98992156982422,80.91000366210938,82.52999877929688,80.54000091552734,82.38999938964844,3137100
2024-04-16,74.67506408691406,79.51000213623047,81.04000091552734,79.16000366210938,80.91000366210938,3218900
2024-04-17,76.29985809326172,81.23999786376953,81.44000244140625,79.8499984741211,80.04000091552734,2290800
2024-04-18,77.53958892822266,82.55999755859375,82.80000305175781,80.7699966430664,81.47000122070312,3544700
2024-04-19,79.0798568725586,84.19999694824219,84.73999786376953,82.75,82.83999633789062,5406100
2024-04-22,79.73728942871094,84.9000015258789,85.12000274658203,83.68000030517578,83.98999786376953,2400800
2024-04-23,80.3571548461914,85.55999755859375,85.69000244140625,84.27999877929688,84.4000015258789,3562300
2024-04-24,81.11790466308594,86.37000274658203,86.58999633789062,84.30999755859375,84.56999969482422,3865000
2024-04-25,81.578125,86.86000061035156,87.19999694824219,85.1500015258789,86.48999786376953,3239600
2024-04-26,80.07540893554688,85.26000213623047,87.04000091552734,85.23999786376953,86.86000061035156,2975900
2024-04-29,81.399658203125,86.66999816894531,86.76000213623047,85.81999969482422,85.81999969482422,2853600
2024-04-30,80.798583984375,86.02999877929688,88.30000305175781,86.02999877929688,87.5,5739100
2024-05-01,82.7896728515625,88.1500015258789,89.36000061035156,85.69999694824219,85.76000213623047,5344700
2024-05-02,82.88359069824219,88.25,88.63999938964844,87.4000015258789,88.05000305175781,2672800
2024-05-03,83.21229553222656,88.5999984741211,89.27999877929688,87.94999694824219,89.0,3332400
2024-05-06,83.40953063964844,88.80999755859375,89.19000244140625,88.19999694824219,88.76000213623047,2354100
2024-05-07,84.40509033203125,89.87000274658203,89.94000244140625,88.7699966430664,89.16999816894531,3331000
2024-05-08,85.07190704345703,90.58000183105467,90.76000213623048,89.33000183105469,89.8499984741211,2051800
2024-05-09,86.25740051269531,90.9499969482422,90.9800033569336,89.31999969482422,89.33000183105469,2465700
2024-05-10,86.88334655761719,91.61000061035156,91.83999633789062,90.6999969482422,91.0,3249800
2024-05-13,86.79798889160156,91.5199966430664,92.3499984741211,91.2699966430664,92.0,2002100
2024-05-14,86.10565948486328,90.79000091552734,92.0199966430664,90.37999725341795,92.01000213623048,2467400
2024-05-15,87.22477722167969,91.97000122070312,92.56999969482422,91.06999969482422,91.63999938964844,2389900
2024-05-16,87.76536560058594,92.54000091552734,92.9800033569336,92.01000213623048,92.3499984741211,2280500
2024-05-17,87.8886489868164,92.66999816894533,92.8000030517578,91.8000030517578,92.26000213623048,2908000
2024-05-20,87.81278228759766,92.58999633789062,92.83999633789062,92.13999938964844,92.83999633789062,1725400
2024-05-21,87.84123992919922,92.62000274658205,93.44000244140624,92.37000274658205,92.58999633789062,2247500
2024-05-22,86.76006317138672,91.4800033569336,92.4499969482422,91.33999633789062,92.06999969482422,2361600
2024-05-23,84.6735610961914,89.27999877929688,91.12999725341795,89.20999908447266,91.12999725341795,2182700
2024-05-24,84.37956237792969,88.97000122070312,89.80000305175781,88.83999633789062,89.4800033569336,3123500
2024-05-28,84.04762268066406,88.62000274658203,89.5199966430664,88.31999969482422,88.69999694824219,2648400
2024-05-29,82.95696258544922,87.47000122070312,87.95999908447266,86.97000122070312,87.69999694824219,2438900
2024-05-30,83.61136627197266,88.16000366210938,88.2699966430664,87.19000244140625,87.80000305175781,2228800
2024-05-31,85.59352111816406,90.25,90.31999969482422,88.04000091552734,88.25,5511600
2024-06-03,85.43229675292969,90.08000183105467,90.54000091552734,89.66999816894531,90.16000366210938,2913800
2024-06-04,85.7168197631836,90.37999725341795,91.0,89.61000061035156,89.8499984741211,2149000
2024-06-05,84.36058807373047,88.94999694824219,90.12000274658205,88.73999786376953,90.0,2326600
2024-06-06,84.12348175048828,88.69999694824219,90.25,88.62999725341797,89.08000183105469,2421300
2024-06-07,83.74412536621094,88.30000305175781,89.08999633789062,87.73999786376953,87.7699966430664,1740900
2024-06-10,83.98123168945312,88.55000305175781,88.9000015258789,87.37000274658203,87.87999725341797,2214700
2024-06-11,83.84845733642578,88.41000366210938,88.83999633789062,87.52999877929688,88.01000213623047,2670100
2024-06-12,83.42166900634766,87.95999908447266,89.43000030517578,87.37999725341797,89.43000030517578,1864500
2024-06-13,83.36477661132812,87.9000015258789,88.41000366210938,87.11000061035156,87.66000366210938,2099500
2024-06-14,83.4596176147461,88.0,88.06999969482422,87.0199966430664,87.38999938964844,1401600
2024-06-17,83.2225112915039,87.75,88.5999984741211,86.88999938964844,87.4000015258789,1856000
2024-06-18,83.03282928466797,87.55000305175781,88.16999816894531,87.12000274658203,87.58000183105469,1826000
2024-06-20,83.3458023071289,87.87999725341797,88.56999969482422,87.27999877929688,87.37000274658203,3058200
2024-06-21,82.55862426757812,87.05000305175781,88.6500015258789,86.97000122070312,87.48999786376953,5915000
2024-06-24,83.59239196777344,88.13999938964844,88.45999908447266,87.16000366210938,87.55000305175781,3737300
2024-06-25,82.4068832397461,86.88999938964844,88.25,86.69999694824219,87.88999938964844,1702000
2024-06-26,82.66294860839844,87.16000366210938,87.33999633789062,85.93000030517578,86.5,1693700
2024-06-27,83.74412536621094,88.30000305175781,88.36000061035156,86.83999633789062,86.83999633789062,3586100
2024-06-28,83.21302032470703,87.73999786376953,88.75,87.55000305175781,88.63999938964844,3685900
2024-07-01,82.77674865722656,87.27999877929688,88.83999633789062,87.02999877929688,88.22000122070312,1427400
2024-07-02,83.09921264648438,87.62000274658203,88.08000183105469,87.11000061035156,87.51000213623047,2007300
2024-07-03,83.04230499267578,87.55999755859375,88.66999816894531,87.4800033569336,87.72000122070312,1154400
2024-07-05,83.32682800292969,87.86000061035156,88.4800033569336,87.30000305175781,87.69000244140625,1260600
2024-07-08,82.61553192138672,87.11000061035156,87.91000366210938,87.0,87.9000015258789,2059000
2024-07-09,83.16560363769531,87.69000244140625,87.83999633789062,86.83000183105469,86.9800033569336,1994500
2024-07-10,83.69671630859375,88.25,88.30000305175781,87.51000213623047,88.0,1845500
2024-07-11,86.15308380126953,90.83999633789062,90.9800033569336,88.61000061035156,88.69999694824219,2690700
2024-07-12,86.26688385009766,90.95999908447266,91.8000030517578,90.62000274658205,91.25,2431800
2024-07-15,86.24791717529297,90.94000244140624,90.95999908447266,89.83999633789062,89.9000015258789,2678900
2024-07-16,87.11096954345703,91.8499984741211,92.01000213623048,91.18000030517578,91.58000183105467,1853300
2024-07-17,88.6948013305664,93.5199966430664,94.18000030517578,92.0199966430664,92.08000183105467,3277600
2024-07-18,88.66635131835938,93.48999786376952,94.72000122070312,93.05999755859376,93.25,1976800
2024-07-19,88.33440399169922,93.13999938964844,93.80999755859376,92.58000183105467,93.80999755859376,2072800
2024-07-22,89.48197937011719,94.3499984741211,94.66000366210938,93.0999984741211,93.44000244140624,2754600
2024-07-23,88.80860137939453,93.63999938964844,94.23999786376952,93.3499984741211,94.1999969482422,3048900
2024-07-24,90.1174087524414,95.0199966430664,95.56999969482422,93.77999877929688,94.29000091552734,2523400
2024-07-25,90.89510345458984,95.83999633789062,97.31999969482422,95.18000030517578,95.86000061035156,3340200
2024-07-26,91.47362518310548,96.4499969482422,96.8499984741211,95.8000030517578,96.3499984741211,2275100
2024-07-29,92.06163787841795,97.06999969482422,97.41999816894533,95.6999969482422,96.62999725341795,2356300
2024-07-30,93.07643127441406,98.13999938964844,98.18000030517578,96.0,96.01000213623048,3978800
2024-07-31,93.05746459960938,98.12000274658205,98.91999816894533,97.29000091552734,98.91999816894533,4727100
2024-08-01,96.01649475097656,101.23999786376952,101.37000274658205,98.01000213623048,98.38999938964844,4628700
2024-08-02,96.53811645507812,101.79000091552734,104.3499984741211,99.72000122070312,103.58999633789062,4453700
2024-08-05,93.00056457519533,98.05999755859376,104.41000366210938,97.97000122070312,104.23999786376952,3951200
2024-08-06,93.21868896484376,98.29000091552734,99.41999816894533,97.22000122070312,97.27999877929688,4524600
2024-08-07,94.43264770507812,99.56999969482422,100.61000061035156,98.36000061035156,98.8499984741211,4490000
2024-08-08,92.98159790039062,98.04000091552734,99.94000244140624,97.87000274658205,99.0999984741211,3077700
2024-08-09,93.33567810058594,97.52999877929688,97.9499969482422,96.11000061035156,97.43000030517578,3029600
2024-08-12,92.96245574951172,97.13999938964844,97.48999786376952,96.62000274658205,97.48999786376952,3130000
2024-08-13,93.90987396240234,98.12999725341795,98.37000274658205,97.4800033569336,97.52999877929688,2764000
2024-08-14,93.0581512451172,97.23999786376952,98.3000030517578,97.0500030517578,97.36000061035156,3292800
2024-08-15,92.40740203857422,96.55999755859376,97.18000030517578,96.16999816894533,96.9800033569336,3008700
2024-08-16,92.77104949951172,96.94000244140624,97.16999816894533,95.9499969482422,96.41999816894533,2978600
2024-08-19,93.34524536132812,97.54000091552734,97.73999786376952,96.7300033569336,97.18000030517578,1903900
2024-08-20,93.44095611572266,97.63999938964844,97.9000015258789,97.30999755859376,97.4000015258789,1802100
2024-08-21,93.79503631591795,98.01000213623048,98.73999786376952,97.63999938964844,97.98999786376952,2220000
2024-08-22,94.06300354003906,98.29000091552734,98.37999725341795,97.6500015258789,97.66999816894533,1974700
2024-08-23,94.02471923828124,98.25,99.20999908447266,98.02999877929688,98.55999755859376,3530600
2024-08-26,94.76160430908205,99.0199966430664,99.80999755859376,98.5,98.5999984741211,1720900
2024-08-27,94.30224609375,98.54000091552734,99.41999816894533,98.1999969482422,99.0199966430664,2447200
2024-08-28,94.30224609375,98.54000091552734,99.83999633789062,98.5,98.9499969482422,3245000
2024-08-29,95.46021270751952,99.75,99.79000091552734,98.08999633789062,98.66999816894533,2749600
2024-08-30,95.96741485595705,100.27999877929688,100.9800033569336,99.66000366210938,99.94000244140624,2892100
2024-09-03,97.20194244384766,101.56999969482422,101.98999786376952,100.0,100.19000244140624,3379900
2024-09-04,98.02495574951172,102.43000030517578,103.0999984741211,101.55999755859376,101.9499969482422,2843900
2024-09-05,98.66613006591795,103.0999984741211,103.4000015258789,101.41000366210938,103.04000091552734,3209300
2024-09-06,97.66129302978516,102.0500030517578,103.5500030517578,101.97000122070312,103.4800033569336,3659200
2024-09-09,99.20205688476562,103.66000366210938,103.86000061035156,102.0500030517578,102.6500015258789,2538300
2024-09-10,98.79055786132812,103.2300033569336,104.41000366210938,102.7300033569336,104.0999984741211,2932000
2024-09-11,98.61829376220705,103.0500030517578,103.2699966430664,101.68000030517578,103.12000274658205,2429400
2024-09-12,98.56086730957033,102.98999786376952,103.4000015258789,102.26000213623048,102.7699966430664,2098100
2024-09-13,99.69012451171876,104.16999816894533,104.1999969482422,102.56999969482422,103.20999908447266,1425900
2024-09-16,100.4365692138672,104.9499969482422,105.18000030517578,104.04000091552734,104.31999969482422,2171900
2024-09-17,99.72840118408205,104.20999908447266,104.94000244140624,103.91999816894533,104.70999908447266,1724200
2024-09-18,98.7809829711914,103.22000122070312,104.36000061035156,102.5500030517578,104.1500015258789,1890100
2024-09-19,97.3646240234375,101.73999786376952,102.83999633789062,101.27999877929688,102.2699966430664,4300400
2024-09-20,97.75699615478516,102.1500015258789,102.26000213623048,101.06999969482422,102.0,5395300
2024-09-23,98.1206512451172,102.52999877929688,102.98999786376952,101.9499969482422,102.94000244140624,2720600
2024-09-24,97.04881286621094,101.41000366210938,103.0199966430664,101.27999877929688,101.83999633789062,3226900
2024-09-25,96.79999542236328,101.1500015258789,101.91000366210938,100.79000091552734,101.55999755859376,2650100
2024-09-26,96.40762329101562,100.73999786376952,101.4000015258789,100.54000091552734,101.0,2436600
2024-09-27,97.46031188964844,101.83999633789062,102.13999938964844,101.0,101.23999786376952,2019100
2024-09-30,98.1876449584961,102.5999984741211,102.91999816894533,101.41000366210938,101.87000274658205,2890400
2024-10-01,97.82398986816406,102.22000122070312,102.9000015258789,101.66999816894533,102.27999877929688,2072200
2024-10-02,97.43161010742188,101.80999755859376,102.19000244140624,101.2699966430664,101.38999938964844,2580300
2024-10-03,97.01053619384766,101.37000274658205,102.4499969482422,101.23999786376952,101.9499969482422,3054300
2024-10-04,95.96741485595705,100.27999877929688,100.83999633789062,99.61000061035156,100.47000122070312,1900800
2024-10-07,93.84288024902344,98.05999755859376,99.77999877929688,97.68000030517578,99.62999725341795,2928900
2024-10-08,93.97686767578124,98.1999969482422,98.69000244140624,97.9000015258789,98.08000183105467,2194200
2024-10-09,93.51750183105467,97.72000122070312,98.48999786376952,97.41000366210938,98.04000091552734,1777100
2024-10-10,93.03900909423828,97.22000122070312,98.33999633789062,97.0500030517578,97.7300033569336,1669400
2024-10-11,94.02471923828124,98.25,98.37000274658205,97.26000213623048,97.3000030517578,1849100
2024-10-14,94.54149627685548,98.79000091552734,98.94000244140624,98.16000366210938,98.3499984741211,2510900
2024-10-15,95.37408447265624,99.66000366210938,100.61000061035156,99.27999877929688,99.37000274658205,3174200
2024-10-16,96.9626922607422,101.31999969482422,101.70999908447266,99.86000061035156,100.0999984741211,2695100
2024-10-17,96.57032012939452,100.91000366210938,101.81999969482422,100.56999969482422,101.75,2008900
2024-10-18,96.35978698730467,100.69000244140624,100.83999633789062,99.76000213623048,100.83000183105467,3111800
2024-10-21,95.8525848388672,100.16000366210938,101.08000183105467,99.66000366210938,100.77999877929688,2548000
2024-10-22,95.59418487548828,99.88999938964844,100.25,99.20999908447266,99.66999816894533,1981800
2024-10-23,96.49375915527344,100.83000183105467,100.87000274658205,99.68000030517578,100.0,1863600
2024-10-24,95.11569213867188,99.38999938964844,101.43000030517578,99.18000030517578,101.29000091552734,2099200
2024-10-25,93.96730041503906,98.19000244140624,99.9000015258789,98.0500030517578,99.79000091552734,2338800
2024-10-28,94.84773254394533,99.11000061035156,99.33000183105467,98.55999755859376,98.8499984741211,2420500
2024-10-29,93.2017059326172,97.38999938964844,98.7300033569336,97.06999969482422,98.7300033569336,2660400
2024-10-30,93.21126556396484,97.4000015258789,97.8499984741211,96.69000244140624,97.38999938964844,3362300
2024-10-31,94.5032196044922,98.75,99.33999633789062,97.26000213623048,97.4499969482422,4884900
2024-11-01,93.06771850585938,97.25,99.2300033569336,97.06999969482422,98.52999877929688,3807200
2024-11-04,94.16827392578124,98.4000015258789,98.44000244140624,96.69000244140624,96.75,3880000
2024-11-05,96.08226013183594,100.4000015258789,100.4800033569336,98.19000244140624,98.62999725341795,5926200
2024-11-06,92.1107177734375,96.25,100.0,96.18000030517578,99.12999725341795,6428200
2024-11-07,92.18728637695312,96.33000183105467,96.91000366210938,95.30999755859376,96.18000030517578,3510000
2024-11-08,93.1536102294922,96.4000015258789,97.1500015258789,95.58999633789062,95.87000274658205,2581000
2024-11-11,91.32725524902344,94.51000213623048,96.37000274658205,94.25,96.0,3411600
2024-11-12,89.82945251464844,92.95999908447266,94.73999786376952,92.5999984741211,94.31999969482422,3484700
2024-11-13,90.18699645996094,93.33000183105467,93.47000122070312,92.51000213623048,93.0500030517578,2561500
2024-11-14,90.60250854492188,93.76000213623048,94.58999633789062,92.9499969482422,93.18000030517578,2571100
2024-11-15,93.0666275024414,96.30999755859376,96.44000244140624,93.80999755859376,94.12000274658205,5557500
2024-11-18,93.2405776977539,96.48999786376952,97.37999725341795,96.0999984741211,96.30999755859376,3399200
2024-11-19,93.4435043334961,96.6999969482422,96.76000213623048,95.37999725341795,96.0999984741211,1879700
2024-11-20,93.5401382446289,96.8000030517578,96.86000061035156,95.9000015258789,96.25,2527600
2024-11-21,94.77703094482422,98.08000183105467,98.1500015258789,96.41000366210938,97.11000061035156,2849600
2024-11-22,94.30352783203124,97.58999633789062,98.5199966430664,97.54000091552734,98.19000244140624,2048800
2024-11-25,94.79635620117188,98.0999984741211,98.5,97.12000274658205,97.88999938964844,3384300
2024-11-26,95.98493957519533,99.33000183105467,99.47000122070312,98.30999755859376,98.7300033569336,2277600
2024-11-27,96.5260772705078,99.88999938964844,100.72000122070312,99.5999984741211,99.5999984741211,1558600
2024-11-29,96.49708557128906,99.86000061035156,100.27999877929688,99.3000030517578,99.93000030517578,1260600
2024-12-02,94.91231536865234,98.22000122070312,100.0,97.7300033569336,99.95999908447266,2188300
2024-12-03,93.75271606445312,97.0199966430664,98.9000015258789,97.01000213623048,98.9000015258789,1917500
2024-12-04,93.00865173339844,96.25,97.33999633789062,95.87999725341795,97.23999786376952,2832300
2024-12-05,94.16825103759766,97.4499969482422,97.9800033569336,96.20999908447266,96.3499984741211,2234700
2024-12-06,92.62213134765624,95.8499984741211,97.43000030517578,95.66000366210938,97.18000030517578,2677500
2024-12-09,92.3612289428711,95.58000183105467,96.86000061035156,95.3000030517578,95.8499984741211,2651100
2024-12-10,91.89738464355467,95.0999984741211,95.58000183105467,93.58999633789062,95.58000183105467,2045300
2024-12-11,90.47688293457033,93.62999725341795,95.20999908447266,93.23999786376952,95.20999908447266,2925600
2024-12-12,89.72315979003906,92.8499984741211,94.1999969482422,92.8000030517578,93.3000030517578,1983900
2024-12-13,89.5878677368164,92.70999908447266,93.37999725341795,92.16999816894533,92.55999755859376,1810400
2024-12-16,88.67951965332031,91.7699966430664,92.86000061035156,91.6999969482422,92.70999908447266,2410700
2024-12-17,88.82447814941406,91.91999816894533,93.04000091552734,91.29000091552734,91.47000122070312,2749300
2024-12-18,87.84850311279297,90.91000366210938,92.25,90.86000061035156,91.83000183105467,3451300
2024-12-19,88.16737365722656,91.23999786376952,92.02999877929688,90.41999816894533,90.5500030517578,3147800
2024-12-20,89.62653350830078,92.75,93.06999969482422,91.2300033569336,91.83999633789062,6781800
2024-12-23,89.73281860351562,92.86000061035156,92.9800033569336,91.58999633789062,92.47000122070312,2282500
2024-12-24,89.25931549072266,92.37000274658205,93.11000061035156,92.25,92.5500030517578,1404400
2024-12-26,88.95975494384766,92.05999755859376,92.55999755859376,91.8000030517578,92.0500030517578,2066500
2024-12-27,89.39461517333984,92.51000213623048,92.66000366210938,91.30999755859376,91.62000274658205,1722700
2024-12-30,88.95975494384766,92.05999755859376,92.63999938964844,91.2300033569336,92.58999633789062,1661200
2024-12-31,89.12403869628906,92.2300033569336,92.4800033569336,91.5,92.18000030517578,1594500
2025-01-02,88.84381103515625,91.94000244140624,93.2300033569336,91.58999633789062,92.56999969482422,1757200
2025-01-03,88.95010375976562,92.0500030517578,93.05999755859376,92.02999877929688,92.4000015258789,1688400
2025-01-06,87.27836608886719,90.31999969482422,92.0500030517578,90.01000213623047,92.0500030517578,3457200
2025-01-07,87.42330932617188,90.47000122070312,91.91000366210938,90.0999984741211,90.0999984741211,2706000
2025-01-08,89.15303039550781,92.26000213623048,92.3499984741211,89.91000366210938,90.25,2591500
2025-01-10,90.3609390258789,93.51000213623048,94.66999816894533,92.66999816894533,93.1500015258789,7731000
2025-01-13,91.35623931884766,94.54000091552734,95.91999816894533,92.76000213623048,95.1500015258789,6013900
2025-01-14,91.31758880615234,94.5,94.54000091552734,93.43000030517578,93.66999816894533,3172300
2025-01-15,91.91671752929688,95.12000274658205,95.61000061035156,94.52999877929688,95.37999725341795,3104700
2025-01-16,93.55946350097656,96.81999969482422,96.8499984741211,94.6999969482422,94.87999725341795,2456500
2025-01-17,93.97498321533205,97.25,97.9800033569336,96.8000030517578,97.63999938964844,2728500
2025-01-21,94.51612091064452,97.80999755859376,98.7300033569336,97.5999984741211,98.0,2439900
2025-01-22,94.20689392089844,97.48999786376952,98.12999725341795,96.8499984741211,97.58000183105467,3503900
2025-01-23,94.18757629394533,97.47000122070312,99.5,97.37999725341795,98.29000091552734,4427900
2025-01-24,94.87366485595705,98.18000030517578,98.5,97.0500030517578,97.08000183105467,2140300
2025-01-27,99.17379760742188,102.62999725341795,103.0500030517578,98.16000366210938,99.33999633789062,5428200
2025-01-28,96.6323699951172,100.0,102.47000122070312,99.75,102.47000122070312,3524300
2025-01-29,94.748046875,98.0500030517578,100.7300033569336,97.36000061035156,100.02999877929688,3345800
2025-01-30,94.7287139892578,98.02999877929688,99.1500015258789,97.55999755859376,98.5500030517578,3590700
2025-01-31,95.04759979248048,98.36000061035156,99.0500030517578,97.5199966430664,97.83999633789062,4912700
2025-02-03,96.01393127441406,99.36000061035156,99.69000244140624,97.31999969482422,98.36000061035156,2659300
2025-02-04,94.58375549316406,97.87999725341795,99.06999969482422,97.8000030517578,98.5199966430664,2126200
2025-02-05,96.04291534423828,99.38999938964844,99.88999938964844,98.4000015258789,98.66999816894533,2280400
2025-02-06,96.79664611816406,100.16999816894533,100.66999816894533,98.87000274658205,99.63999938964844,3152600
2025-02-07,96.9705810546875,100.3499984741211,100.44000244140624,99.41000366210938,100.13999938964844,2861500
2025-02-10,98.3458480834961,100.83000183105467,100.95999908447266,99.11000061035156,99.76000213623048,2473700
2025-02-11,99.36997985839844,101.87999725341795,102.11000061035156,99.47000122070312,100.58999633789062,3165900
2025-02-12,99.82839965820312,102.3499984741211,102.5199966430664,100.5999984741211,100.7300033569336,3163000
2025-02-13,98.5019073486328,100.98999786376952,102.56999969482422,100.31999969482422,101.37000274658205,4939000
2025-02-14,99.32120513916016,101.83000183105467,102.91999816894533,100.83999633789062,101.20999908447266,2770900
2025-02-18,99.68209075927734,102.1999969482422,103.23999786376952,101.0,101.29000091552734,3146400
2025-02-19,100.55016326904295,103.08999633789062,103.16000366210938,101.72000122070312,102.66999816894533,2510600
2025-02-20,101.77912139892578,104.3499984741211,104.6500015258789,102.1999969482422,102.97000122070312,2702100
2025-02-21,102.7349853515625,105.33000183105467,105.7300033569336,104.05999755859376,104.3499984741211,4002000
2025-02-24,103.67132568359376,106.29000091552734,107.36000061035156,105.20999908447266,105.87000274658205,3075000
2025-02-25,104.98806762695312,107.63999938964844,107.83999633789062,105.97000122070312,106.6999969482422,3408700
2025-02-26,104.2565460205078,106.88999938964844,107.51000213623048,106.37000274658205,107.2300033569336,2446500
2025-02-27,102.56916809082033,105.16000366210938,106.77999877929688,104.8000030517578,106.1999969482422,3661300
2025-02-28,103.43724060058594,106.0500030517578,107.11000061035156,104.66000366210938,106.0999984741211,4391000
2025-03-03,105.04659271240234,107.6999969482422,107.81999969482422,105.69000244140624,105.8499984741211,3452000
2025-03-04,102.6471939086914,105.23999786376952,109.5199966430664,105.13999938964844,108.52999877929688,5609500
2025-03-05,100.8427734375,103.38999938964844,105.45999908447266,103.19000244140624,104.5,3665600
2025-03-06,100.06248474121094,102.58999633789062,103.30999755859376,101.41999816894533,103.3000030517578,3031000
2025-03-07,102.04248046875,104.62000274658205,104.87999725341795,102.68000030517578,102.83999633789062,4042400
2025-03-10,104.67595672607422,107.31999969482422,108.66999816894533,104.91000366210938,104.91000366210938,5535400
2025-03-11,101.8571548461914,104.43000030517578,107.98999786376952,104.38999938964844,107.66999816894533,4282500
2025-03-12,100.42337036132812,102.95999908447266,103.79000091552734,102.3499984741211,102.87999725341795,3284600
2025-03-13,101.67183685302734,104.23999786376952,104.29000091552734,102.6999969482422,102.80999755859376,1909600
2025-03-14,102.95930480957033,105.55999755859376,105.9499969482422,103.58999633789062,104.05999755859376,4419400
2025-03-17,103.2519302368164,105.86000061035156,106.83000183105467,105.12999725341795,105.66999816894533,5577100
2025-03-18,103.37872314453124,105.98999786376952,106.48999786376952,105.37999725341795,106.29000091552734,2757500
2025-03-19,103.23241424560548,105.83999633789062,106.3000030517578,105.13999938964844,105.8499984741211,2786600
2025-03-20,103.59329986572266,106.20999908447266,106.58999633789062,105.5500030517578,105.8000030517578,2946600
2025-03-21,102.5204086303711,105.11000061035156,106.6500015258789,104.4000015258789,106.13999938964844,5649200
2025-03-24,101.61331176757812,104.18000030517578,105.69000244140624,104.02999877929688,105.25,2619400
2025-03-25,99.97470092773438,102.5,103.0,101.95999908447266,103.0,24651800
2025-03-26,101.34021759033205,103.9000015258789,104.30999755859376,102.56999969482422,102.77999877929688,5938600
2025-03-27,102.55941772460938,105.1500015258789,105.5999984741211,103.77999877929688,103.94000244140624,5232700
2025-03-28,104.32482147216795,106.95999908447266,107.41000366210938,105.37000274658205,105.87000274658205,6173400
2025-03-31,106.5779037475586,109.2699966430664,109.76000213623048,107.83999633789062,108.37000274658205,6560100
2025-04-01,105.70008850097656,108.37000274658205,108.87999725341795,107.5199966430664,108.61000061035156,3941900
2025-04-02,105.0953598022461,107.75,108.8000030517578,107.2699966430664,108.8000030517578,3279800
2025-04-03,106.42185974121094,109.11000061035156,110.45999908447266,107.75,109.76000213623048,6063300
2025-04-04,101.90592956542967,104.4800033569336,110.4800033569336,103.91999816894533,110.12000274658205,7368600
2025-04-07,99.06761169433594,101.56999969482422,104.79000091552734,100.66999816894533,104.25,7767500
2025-04-08,98.7847671508789,101.27999877929688,103.9800033569336,100.55999755859376,102.27999877929688,6473400
2025-04-09,99.82839965820312,102.3499984741211,103.81999969482422,98.3499984741211,100.9499969482422,7048100
2025-04-10,100.65745544433594,103.1999969482422,104.30999755859376,101.5199966430664,102.0999984741211,4114800
2025-04-11,102.0522232055664,104.62999725341795,105.16999816894533,101.86000061035156,103.63999938964844,3582800
2025-04-14,103.95418548583984,106.58000183105467,106.94000244140624,103.7300033569336,104.4499969482422,3224700
2025-04-15,104.05171966552734,106.68000030517578,107.51000213623048,106.20999908447266,107.0500030517578,2599700
2025-04-16,103.3104476928711,105.91999816894533,107.45999908447266,105.6500015258789,106.94000244140624,2786900
2025-04-17,105.05634307861328,107.70999908447266,109.02999877929688,106.66999816894533,106.75,3156700
2025-04-21,102.9300537109375,105.52999877929688,107.7699966430664,104.72000122070312,107.7699966430664,3608900
2025-04-22,105.48550415039062,108.1500015258789,108.30999755859376,106.12999725341795,106.26000213623048,2304700
2025-04-23,104.38333892822266,107.0199966430664,108.12999725341795,105.56999969482422,107.58000183105467,3202100
2025-04-24,104.07122802734376,106.6999969482422,107.62999725341795,105.6999969482422,106.97000122070312,3676700
2025-04-25,104.11024475097656,106.73999786376952,106.87999725341795,105.58000183105467,106.7699966430664,2853400
2025-04-28,104.42235565185548,107.05999755859376,107.55999755859376,105.6999969482422,106.7699966430664,3303300
2025-04-29,105.82687377929688,108.5,108.58000183105467,106.29000091552734,107.1999969482422,2950700
2025-04-30,105.67082214355467,108.33999633789062,109.08000183105467,106.33999633789062,108.97000122070312,5418500
2025-05-01,104.89053344726562,107.54000091552734,108.76000213623048,107.12999725341795,107.87999725341795,3107200
2025-05-02,105.0368423461914,107.69000244140624,108.33999633789062,107.16000366210938,108.2699966430664,1984700
2025-05-05,104.79299926757812,107.44000244140624,108.04000091552734,106.2699966430664,107.75,2616200
2025-05-06,104.79299926757812,107.44000244140624,109.02999877929688,107.0,108.23999786376952,3309200
2025-05-07,104.83202362060548,107.4800033569336,108.16000366210938,106.5,107.43000030517578,3249100
2025-05-08,102.5984344482422,105.19000244140624,107.31999969482422,104.52999877929688,107.06999969482422,3598800
2025-05-09,103.0117416381836,104.68000030517578,104.83999633789062,103.7300033569336,104.43000030517578,3057000
2025-05-12,99.38054656982422,100.98999786376952,103.61000061035156,100.56999969482422,103.13999938964844,4449600
2025-05-13,97.97332763671876,99.55999755859376,101.27999877929688,99.37999725341795,100.98999786376952,4607200
2025-05-14,97.01879119873048,98.58999633789062,99.29000091552734,97.45999908447266,99.2699966430664,5207200
2025-05-15,99.99066162109376,101.61000061035156,101.6999969482422,99.3499984741211,99.37000274658205,5823900
2025-05-16,101.39787292480467,103.04000091552734,103.08999633789062,101.25,101.58000183105467,2868900
2025-05-19,102.1260757446289,103.77999877929688,103.9000015258789,102.5199966430664,102.68000030517578,1909300
2025-05-20,102.0768814086914,103.7300033569336,104.23999786376952,103.58999633789062,103.63999938964844,2408200
2025-05-21,101.28962707519533,102.93000030517578,103.91999816894533,102.43000030517578,103.55999755859376,3340400
2025-05-22,100.1776351928711,101.8000030517578,103.06999969482422,100.93000030517578,102.83000183105467,3285100
2025-05-23,101.24042510986328,102.87999725341795,102.95999908447266,101.1999969482422,102.63999938964844,1888400
2025-05-27,101.26995086669922,102.91000366210938,103.4499969482422,102.56999969482422,103.44000244140624,2582100
2025-05-28,100.0595474243164,101.68000030517578,102.88999938964844,101.27999877929688,102.6999969482422,2426900
2025-05-29,100.89600372314452,102.52999877929688,102.7699966430664,100.86000061035156,101.68000030517578,2297600
2025-05-30,101.8406982421875,103.48999786376952,103.7699966430664,102.26000213623048,102.72000122070312,3896600
2025-06-02,101.53564453125,103.18000030517578,103.48999786376952,102.25,102.87999725341795,2318100
2025-06-03,101.19123077392578,102.83000183105467,103.12000274658205,101.76000213623048,102.83000183105467,2423200
2025-06-04,100.22683715820312,101.8499984741211,103.33999633789062,101.7699966430664,102.8499984741211,1950500
2025-06-05,100.14811706542967,101.7699966430664,102.19000244140624,101.3000030517578,101.8000030517578,2034700
2025-06-06,100.16779327392578,101.79000091552734,102.0,101.1500015258789,101.83000183105467,2045100
2025-06-09,99.79385375976562,101.41000366210938,102.2699966430664,100.8499984741211,101.5500030517578,2418300
2025-06-10,100.24652099609376,101.87000274658205,102.04000091552734,100.77999877929688,101.55999755859376,2730500
2025-06-11,100.3154067993164,101.94000244140624,102.11000061035156,101.22000122070312,101.7300033569336,2193100
2025-06-12,101.37818908691406,103.0199966430664,103.0999984741211,101.95999908447266,102.19000244140624,2125000
2025-06-13,101.26010131835938,102.9000015258789,103.68000030517578,102.68000030517578,103.1999969482422,2389500
2025-06-16,100.285888671875,101.91000366210938,103.52999877929688,101.30999755859376,103.0,2790700
2025-06-17,100.00050354003906,101.62000274658205,102.04000091552734,100.72000122070312,102.04000091552734,2418700
2025-06-18,99.58719635009766,101.1999969482422,101.95999908447266,100.8000030517578,101.6500015258789,1893500
2025-06-20,100.12843322753906,101.75,102.61000061035156,101.11000061035156,101.5,4085600
2025-06-23,101.66356658935548,103.30999755859376,103.54000091552734,102.37999725341795,102.4800033569336,3327700
2025-06-24,101.63404846191406,103.27999877929688,103.93000030517578,102.87000274658205,103.18000030517578,2260100
2025-06-25,99.79385375976562,101.41000366210938,103.08999633789062,101.2300033569336,103.0199966430664,2193000
2025-06-26,100.7188720703125,102.3499984741211,102.6999969482422,101.1500015258789,101.87999725341795,3001700
2025-06-27,100.82711791992188,102.45999908447266,103.33999633789062,102.18000030517578,102.48999786376952,3457500
2025-06-30,102.10640716552734,103.76000213623048,103.95999908447266,102.05999755859376,102.25,3246300
2025-07-01,102.72635650634766,104.38999938964844,104.83000183105467,103.0999984741211,104.0999984741211,3516300
2025-07-02,101.61437225341795,103.26000213623048,104.08999633789062,102.56999969482422,103.8499984741211,3259500
2025-07-03,102.2048110961914,103.86000061035156,104.1999969482422,102.9000015258789,103.1500015258789,1620500
2025-07-07,102.5098648071289,104.16999816894533,104.23999786376952,103.52999877929688,103.86000061035156,2705500
2025-07-08,102.30320739746094,103.95999908447266,104.27999877929688,102.38999938964844,103.44000244140624,2744400
2025-07-09,103.0707778930664,104.73999786376952,104.9499969482422,103.02999877929688,103.95999908447266,2201400
2025-07-10,104.35006713867188,106.04000091552734,106.2300033569336,103.86000061035156,104.0999984741211,2483000
2025-07-11,103.66121673583984,105.33999633789062,105.9000015258789,104.69000244140624,105.19000244140624,2473900
2025-07-14,103.3463134765625,105.0199966430664,106.2300033569336,104.45999908447266,105.31999969482422,2969000
2025-07-15,102.7362060546875,104.4000015258789,104.9499969482422,103.63999938964844,104.76000213623048,2422100
2025-07-16,103.80883026123048,105.48999786376952,105.70999908447266,104.1500015258789,104.4000015258789,2497100
2025-07-17,104.2418212890625,105.93000030517578,106.19000244140624,105.0199966430664,105.18000030517578,2271000
2025-07-18,105.68839263916016,107.4000015258789,107.91999816894533,105.9499969482422,106.5999984741211,4443900
2025-07-21,106.81021881103516,108.54000091552734,109.08000183105467,107.5,107.66000366210938,2933300
2025-07-22,108.40441131591795,110.16000366210938,110.51000213623048,108.61000061035156,108.87000274658205,3504100
2025-07-23,107.1546401977539,108.88999938964844,110.25,108.36000061035156,110.25,2738800
2025-07-24,107.2333755493164,108.97000122070312,109.88999938964844,108.61000061035156,108.86000061035156,2491300
2025-07-25,108.0403060913086,109.79000091552734,109.97000122070312,108.75,109.12000274658205,2287300
2025-07-28,106.22962188720705,107.9499969482422,109.58000183105467,107.73999786376952,109.5,3049900
2025-07-29,107.4793930053711,109.22000122070312,109.27999877929688,107.75,108.38999938964844,3585200
2025-07-30,111.44515991210938,113.25,114.2300033569336,110.6999969482422,110.94000244140624,8827800
2025-07-31,111.3369140625,113.13999938964844,113.9000015258789,111.7300033569336,112.55999755859376,4718300
2025-08-01,111.76990509033205,113.58000183105467,114.37999725341795,112.1999969482422,114.36000061035156,6100900
2025-08-04,113.16727447509766,115.0,115.29000091552734,113.7300033569336,114.11000061035156,3601200
2025-08-05,111.43531799316406,113.23999786376952,115.36000061035156,112.87999725341795,114.69000244140624,5616700
2025-08-06,111.68133544921876,113.48999786376952,114.33999633789062,112.9800033569336,113.56999969482422,3385200
2025-08-07,111.91751861572266,113.7300033569336,114.47000122070312,113.33000183105467,113.66000366210938,3312700
2025-08-08,111.61985778808594,112.5,113.45999908447266,112.4000015258789,112.98999786376952,2707600
2025-08-11,111.12377166748048,112.0,112.7699966430664,111.6500015258789,112.70999908447266,2033400
2025-08-12,111.11384582519533,111.98999786376952,112.18000030517578,111.12999725341795,112.0500030517578,2576800
2025-08-13,112.22509002685548,113.11000061035156,113.37000274658205,112.08000183105467,112.1500015258789,4601400
2025-08-14,111.97704315185548,112.86000061035156,113.2699966430664,112.52999877929688,113.0,2230700
2025-08-15,111.11384582519533,111.98999786376952,113.3000030517578,111.76000213623048,112.86000061035156,2354100
2025-08-18,109.8339385986328,110.6999969482422,112.33000183105467,110.68000030517578,111.98999786376952,3173900
2025-08-19,111.7786102294922,112.66000366210938,112.69000244140624,110.6999969482422,110.6999969482422,2725800
2025-08-20,112.66165161132812,113.5500030517578,115.08000183105467,113.1500015258789,113.4499969482422,2817700
2025-08-21,112.25485229492188,113.13999938964844,113.87000274658205,113.0500030517578,113.12000274658205,3112300
2025-08-22,113.12796783447266,114.0199966430664,114.58999633789062,112.83999633789062,113.87000274658205,2389100
2025-08-25,112.12586975097656,113.01000213623048,114.33999633789062,112.88999938964844,113.6999969482422,2332100
2025-08-26,111.74884033203124,112.62999725341795,113.33000183105467,112.22000122070312,113.33000183105467,4310200
2025-08-27,112.00680541992188,112.88999938964844,113.25,112.47000122070312,112.62999725341795,3328100
2025-08-28,110.9054946899414,111.77999877929688,113.16999816894533,111.55999755859376,113.0,3697300
2025-08-29,110.15143585205078,111.0199966430664,111.63999938964844,110.6999969482422,111.5,2896200
2025-09-02,109.2287139892578,110.08999633789062,111.13999938964844,109.6500015258789,110.95999908447266,2528600
2025-09-03,109.16918182373048,110.02999877929688,110.33000183105467,108.8499984741211,110.25,2429800
2025-09-04,107.79005432128906,108.63999938964844,110.7300033569336,106.94000244140624,110.54000091552734,5218200
2025-09-05,107.2642059326172,108.11000061035156,109.16000366210938,107.3499984741211,109.0,3664400
2025-09-08,106.70858764648438,107.5500030517578,108.3000030517578,106.87000274658205,108.22000122070312,2708100
2025-09-09,107.5122528076172,108.36000061035156,108.58000183105467,107.12999725341795,107.29000091552734,2678700
2025-09-10,107.49240112304688,108.33999633789062,108.81999969482422,107.58999633789062,108.43000030517578,2528600
2025-09-11,107.88927459716795,108.73999786376952,108.93000030517578,108.12999725341795,108.33999633789062,2634600
2025-09-12,108.60364532470705,109.45999908447266,109.72000122070312,108.51000213623048,108.66000366210938,2180700
2025-09-15,108.2464599609375,109.0999984741211,109.77999877929688,108.72000122070312,109.44000244140624,2511600
2025-09-16,106.00413513183594,106.83999633789062,109.13999938964844,106.61000061035156,109.0999984741211,4044500
2025-09-17,106.67881774902344,107.5199966430664,107.93000030517578,107.11000061035156,107.51000213623048,2540200
2025-09-18,105.60726928710938,106.44000244140624,107.33000183105467,106.3000030517578,107.11000061035156,2513400
2025-09-19,106.22241973876952,107.05999755859376,107.62999725341795,105.6999969482422,106.5500030517578,5846000
2025-09-22,106.2125015258789,107.0500030517578,107.37999725341795,106.12000274658205,106.9499969482422,2645900
2025-09-23,107.2939682006836,108.13999938964844,108.37000274658205,106.77999877929688,106.77999877929688,3052200
2025-09-24,108.0281753540039,108.87999725341795,109.58999633789062,108.08999633789062,108.26000213623048,3029100
2025-09-25,107.0161590576172,107.86000061035156,109.97000122070312,107.77999877929688,109.33000183105467,2758000
2025-09-26,108.28614807128906,109.13999938964844,109.51000213623048,108.1500015258789,108.37000274658205,3303000
2025-09-29,108.92113494873048,109.77999877929688,110.1500015258789,108.48999786376952,109.27999877929688,2879900
2025-09-30,111.61985778808594,112.5,112.62000274658205,109.66999816894533,109.81999969482422,4322900
2025-10-01,111.86790466308594,112.75,113.47000122070312,112.26000213623048,112.95999908447266,4407800
2025-10-02,112.57234954833984,113.45999908447266,114.05999755859376,111.7300033569336,112.11000061035156,4243400
2025-10-03,113.16765594482422,114.05999755859376,115.01000213623048,113.33999633789062,113.33999633789062,3554600
2025-10-06,114.75514221191406,115.66000366210938,115.83999633789062,113.44000244140624,114.05999755859376,5123200
2025-10-07,117.23558044433594,118.16000366210938,119.05999755859376,116.2300033569336,116.56999969482422,4141800
2025-10-08,117.26535034179688,118.19000244140624,118.68000030517578,116.1500015258789,118.55999755859376,3869600
2025-10-09,115.995361328125,116.91000366210938,118.80999755859376,116.38999938964844,118.7699966430664,2915900
2025-10-10,116.12434387207033,117.04000091552734,117.75,115.6500015258789,117.5199966430664,3890000
2025-10-13,115.88622283935548,116.8000030517578,117.81999969482422,116.20999908447266,116.95999908447266,2253200
2025-10-14,117.453857421875,118.37999725341795,118.69000244140624,117.0,117.2300033569336,3189800
2025-10-15,117.6026840209961,118.52999877929688,119.4000015258789,117.77999877929688,119.4000015258789,2495200
2025-10-16,116.61050415039062,117.52999877929688,120.45999908447266,117.36000061035156,119.88999938964844,4072000
2025-10-17,116.61050415039062,117.52999877929688,118.1999969482422,116.76000213623048,118.0999984741211,2762000
2025-10-20,116.8982391357422,117.81999969482422,118.19000244140624,116.87000274658205,118.12999725341795,2989400
2025-10-21,116.51129150390624,117.43000030517578,118.0,116.54000091552734,117.97000122070312,2395600
2025-10-22,116.3525390625,117.2699966430664,118.16999816894533,117.06999969482422,117.43000030517578,2461700
2025-10-23,115.27107238769533,116.18000030517578,117.70999908447266,115.43000030517578,117.62999725341795,2284100
2025-10-24,115.07263946533205,115.9800033569336,117.12000274658205,115.8499984741211,116.47000122070312,1888200
2025-10-27,115.47942352294922,116.38999938964844,116.70999908447266,115.12000274658205,115.4800033569336,2811100
2025-10-28,114.20944213867188,115.11000061035156,116.61000061035156,114.66999816894533,116.5199966430664,3890300
2025-10-29,121.15467834472656,122.11000061035156,122.79000091552734,120.01000213623048,120.3000030517578,9568500
2025-10-30,120.93639373779295,121.88999938964844,122.8499984741211,120.8000030517578,121.5500030517578,4430100
2025-10-31,119.31915283203124,120.26000213623048,121.0,119.77999877929688,120.88999938964844,4518400
2025-11-03,118.9818115234375,119.91999816894533,120.12999725341795,118.3499984741211,120.0,3108600
2025-11-04,119.3588409423828,120.3000030517578,120.88999938964844,119.62000274658205,120.36000061035156,2678700
2025-11-05,118.82306671142578,119.76000213623048,121.13999938964844,118.19000244140624,120.56999969482422,3738900
2025-11-06,118.59485626220705,119.52999877929688,120.51000213623048,119.18000030517578,119.4000015258789,6242600
2025-11-07,120.47999572753906,121.43000030517578,121.5999984741211,119.88999938964844,120.04000091552734,3283900
2025-11-10,122.55999755859376,122.55999755859376,123.30999755859376,120.48999786376952,120.94000244140624,5090000
2025-11-11,122.7300033569336,122.7300033569336,123.22000122070312,122.25,122.87000274658205,3469000
2025-11-12,122.68000030517578,122.68000030517578,122.98999786376952,121.80999755859376,122.70999908447266,3493100
2025-11-13,121.4800033569336,121.4800033569336,123.02999877929688,121.41999816894533,122.25,2900500
2025-11-14,121.3000030517578,121.3000030517578,122.36000061035156,120.63999938964844,121.58000183105467,3047300
2025-11-17,123.72000122070312,123.72000122070312,124.01000213623048,121.55999755859376,122.31999969482422,4266000
2025-11-18,123.51000213623048,123.51000213623048,124.8000030517578,123.29000091552734,124.41999816894533,3121500
2025-11-19,121.70999908447266,121.70999908447266,123.4800033569336,121.18000030517578,123.31999969482422,3569700
2025-11-20,120.9000015258789,120.9000015258789,122.29000091552734,120.79000091552734,121.8499984741211,3298400
2025-11-21,120.83999633789062,120.83999633789062,121.72000122070312,120.47000122070312,121.16999816894533,3232800
2025-11-24,122.04000091552734,122.04000091552734,122.83999633789062,119.58999633789062,120.7699966430664,6435000
2025-11-25,121.58000183105467,121.58000183105467,122.80999755859376,121.0199966430664,122.5999984741211,4552200
2025-11-26,122.72000122070312,122.72000122070312,122.8000030517578,121.8000030517578,121.8000030517578,2681100
2025-11-28,123.7699966430664,123.7699966430664,123.9000015258789,122.72000122070312,122.87999725341795,1801300
2025-12-01,120.51000213623048,120.51000213623048,123.2300033569336,120.37000274658205,123.11000061035156,3322200
2025-12-02,119.2300033569336,119.2300033569336,121.38999938964844,118.80999755859376,120.7699966430664,2878900
2025-12-03,118.05999755859376,118.05999755859376,119.7300033569336,117.7699966430664,119.2300033569336,3429600
2025-12-04,118.04000091552734,118.04000091552734,119.11000061035156,117.2699966430664,118.19000244140624,3501500
2025-12-05,117.54000091552734,117.54000091552734,118.12000274658205,116.83000183105467,117.87000274658205,3166400
2025-12-08,115.7300033569336,115.7300033569336,117.58000183105467,115.30999755859376,117.54000091552734,3422900
2025-12-09,116.06999969482422,116.06999969482422,117.08999633789062,115.81999969482422,116.27999877929688,2196400
2025-12-10,114.16000366210938,114.16000366210938,116.66000366210938,113.83999633789062,116.66000366210938,3241300
2025-12-11,114.26000213623048,114.26000213623048,115.30999755859376,113.68000030517578,114.51000213623048,3171500
2025-12-12,114.12999725341795,114.12999725341795,115.44000244140624,113.83999633789062,115.0,2671700
2025-12-15,115.7699966430664,115.7699966430664,116.08000183105467,114.41000366210938,114.75,3031100
2025-12-16,114.56999969482422,114.56999969482422,116.12000274658205,113.9800033569336,115.7699966430664,2706000
2025-12-17,114.70999908447266,114.70999908447266,115.02999877929688,113.87000274658205,114.44000244140624,3808900
2025-12-18,115.58000183105467,115.58000183105467,115.8000030517578,115.0,115.0,4794800
2025-12-19,114.48999786376952,114.48999786376952,116.38999938964844,114.36000061035156,115.1500015258789,7322400
2025-12-22,114.62000274658205,114.62000274658205,114.91000366210938,113.83999633789062,114.16000366210938,3049000
2025-12-23,115.1500015258789,115.1500015258789,115.2300033569336,114.23999786376952,114.58999633789062,2918000
2025-12-24,115.30999755859376,115.30999755859376,115.38999938964844,114.80999755859376,115.0500030517578,1057700
2025-12-26,115.66999816894533,115.66999816894533,115.93000030517578,115.0,115.19000244140624,1896100
2025-12-29,115.7699966430664,115.7699966430664,116.72000122070312,115.62000274658205,116.0999984741211,1814700
2025-12-30,115.98999786376952,115.98999786376952,116.20999908447266,115.4499969482422,115.58000183105467,6956400
2025-12-31,115.30999755859376,115.30999755859376,116.06999969482422,115.16000366210938,116.01000213623048,1579400
2026-01-02,115.80999755859376,115.80999755859376,116.1999969482422,114.41999816894533,115.44000244140624,3906700
2026-01-05,114.06999969482422,114.06999969482422,115.56999969482422,112.54000091552734,115.56999969482422,3894400
2026-01-06,115.04000091552734,115.04000091552734,115.2300033569336,113.8499984741211,114.0500030517578,2535800
2026-01-07,113.6999969482422,113.6999969482422,115.5199966430664,113.25,115.33000183105467,2557000
2026-01-08,115.93000030517578,115.93000030517578,116.5,113.73999786376952,113.87999725341795,3230800
2026-01-09,116.91000366210938,116.91000366210938,117.41000366210938,115.9499969482422,116.0,2867700
2026-01-12,116.56999969482422,116.56999969482422,117.6999969482422,115.36000061035156,115.5999984741211,3437400
2026-01-13,116.62000274658205,116.62000274658205,117.01000213623048,115.56999969482422,116.56999969482422,2735100
2026-01-14,118.11000061035156,118.11000061035156,118.56999969482422,116.68000030517578,116.98999786376952,3143800
2026-01-15,119.4000015258789,119.4000015258789,119.6999969482422,117.6500015258789,118.41000366210938,3085800
2026-01-16,119.95999908447266,119.95999908447266,120.13999938964844,118.22000122070312,119.0199966430664,4044500
2026-01-20,119.22000122070312,119.22000122070312,120.4499969482422,118.2699966430664,119.1999969482422,4776400
2026-01-21,118.9800033569336,118.9800033569336,120.3499984741211,117.8499984741211,119.75,3632500
2026-01-22,117.18000030517578,117.18000030517578,119.36000061035156,117.02999877929688,118.70999908447266,2880500
2026-01-23,116.62999725341795,116.62999725341795,117.16999816894533,115.55999755859376,116.93000030517578,2525900
2026-01-26,117.09416198730467,118.0199966430664,119.16999816894533,117.01000213623048,117.11000061035156,3992200
2026-01-27,118.49310302734376,119.43000030517578,119.76000213623048,117.4800033569336,117.73999786376952,2675700
2026-01-28,118.18553924560548,119.12000274658205,120.1999969482422,118.52999877929688,119.25,1888800
2026-01-29,118.27482604980467,119.20999908447266,120.81999969482422,118.5500030517578,119.56999969482422,3537800
2026-01-30,118.8403549194336,119.77999877929688,119.87999725341795,117.9800033569336,119.0199966430664,3640700
2026-02-02,117.4017333984375,118.33000183105467,120.37999725341795,118.05999755859376,119.9800033569336,3941300
2026-02-03,119.72337341308594,120.66999816894533,121.41999816894533,118.75,118.75,3482200
2026-02-04,119.03878784179688,119.9800033569336,122.19000244140624,119.72000122070312,121.5500030517578,4653400
2026-02-05,119.66384887695312,120.61000061035156,121.41999816894533,119.8000030517578,120.7699966430664,4338300
2026-02-06,119.85235595703124,120.8000030517578,122.44000244140624,119.86000061035156,121.20999908447266,2767700
2026-02-09,120.1500015258789,121.0999984741211,121.4800033569336,119.91999816894533,120.54000091552734,2654000
2026-02-10,121.2300033569336,121.2300033569336,122.4000015258789,119.70999908447266,120.23999786376952,3506000
2026-02-11,122.25,122.25,122.58999633789062,120.47000122070312,121.45999908447266,2843800
2026-02-12,126.43000030517578,126.43000030517578,128.9199981689453,123.69000244140624,124.1999969482422,6301700
2026-02-13,129.94000244140625,129.94000244140625,130.07000732421875,126.61000061035156,127.31999969482422,4671900
2026-02-17,130.24000549316406,130.24000549316406,132.77999877929688,129.61000061035156,131.30999755859375,4034900
2026-02-18,127.2699966430664,127.2699966430664,130.3000030517578,126.8499984741211,129.83999633789062,3626100
2026-02-19,128.4199981689453,128.4199981689453,128.83999633789062,127.08000183105469,127.2699966430664,2556200
2026-02-20,129.3699951171875,129.3699951171875,129.91000366210938,127.72000122070312,129.33999633789062,3021300
