Date,Open,High,Low,Close,Adj Close,Volume
2015-01-02,78.58000183105469,78.93000030517578,77.69999694824219,78.44999694824219,77.83916473388672,18177500
2015-01-05,77.9800033569336,79.25,76.86000061035156,77.19000244140625,76.58897399902344,26452200
2015-01-06,77.2300033569336,77.58999633789062,75.36000061035156,76.1500015258789,75.55708312988281,27399300
2015-01-07,76.76000213623047,77.36000061035156,75.81999969482422,76.1500015258789,75.55708312988281,22045300
2015-01-08,76.73999786376953,78.2300033569336,76.08000183105469,78.18000030517578,77.57125091552734,23961000
2015-01-09,78.19999694824219,78.62000274658203,77.19999694824219,77.73999786376953,77.13468170166016,21157000
2015-01-12,77.83999633789062,78.0,76.20999908447266,76.72000122070312,76.12263488769531,19190200
2015-01-13,77.2300033569336,78.08000183105469,75.8499984741211,76.44999694824219,75.854736328125,25179600
2015-01-14,76.41999816894531,77.19999694824219,76.02999877929688,76.27999877929688,75.68605041503906,25918600
2015-01-15,76.4000015258789,76.56999969482422,73.54000091552734,74.05000305175781,73.47342681884766,34134000
2015-01-16,74.04000091552734,75.31999969482422,73.83999633789062,75.18000030517578,74.59461975097656,21791500
2015-01-20,75.72000122070312,76.30999755859375,74.81999969482422,76.23999786376953,75.64636993408203,22821600
2015-01-21,76.16000366210938,77.30000305175781,75.8499984741211,76.73999786376953,76.1424789428711,25096700
2015-01-22,77.16999816894531,77.75,76.68000030517578,77.6500015258789,77.04537963867188,19519500
2015-01-23,77.6500015258789,78.19000244140625,77.04000091552734,77.83000183105469,77.22398376464844,16746500
2015-01-26,77.9800033569336,78.47000122070312,77.29000091552734,77.5,76.89656066894531,19260800
2015-01-27,76.70999908447266,76.87999725341797,75.62999725341797,75.77999877929688,75.18994140625,20110000
2015-01-28,76.9000015258789,77.63999938964844,76.0,76.23999786376953,75.64636993408203,53306400
2015-01-29,76.8499984741211,78.0199966430664,74.20999908447266,78.0,77.39266204833984,61293500
2015-01-30,78.0,78.16000366210938,75.75,75.91000366210938,75.31893920898438,42649500
2015-02-02,76.11000061035156,76.13999938964844,73.75,74.98999786376953,74.4061050415039,41955300
2015-02-03,75.19000244140625,75.58000183105469,73.86000061035156,75.4000015258789,74.81291198730469,26957700
2015-02-04,75.08999633789062,76.3499984741211,75.01000213623047,75.62999725341797,75.04112243652344,20277400
2015-02-05,75.70999908447266,75.9800033569336,75.20999908447266,75.61000061035156,75.0212631225586,15062600
2015-02-06,75.68000030517578,75.69999694824219,74.25,74.47000122070312,73.89015197753906,21211000
2015-02-09,74.05000305175781,74.83000183105469,73.44999694824219,74.44000244140625,73.86038208007812,16194300
2015-02-10,74.8499984741211,75.33999633789062,74.5,75.19000244140625,74.60455322265625,15811300
2015-02-11,75.08999633789062,76.75,75.02999877929688,76.51000213623047,75.91426849365234,20877400
2015-02-12,76.86000061035156,76.87000274658203,75.88999938964844,76.2300033569336,75.6364517211914,17235000
2015-02-13,76.45999908447266,76.4800033569336,75.5,75.73999786376953,75.15025329589844,18621900
2015-02-17,75.30000305175781,76.91000366210938,75.08000183105469,75.5999984741211,75.0113525390625,25254400
2015-02-18,75.94000244140625,76.9000015258789,75.44999694824219,76.70999908447266,76.11270141601562,22426400
2015-02-19,76.98999786376953,79.83999633789062,76.94999694824219,79.41999816894531,78.80159759521484,45851200
2015-02-20,79.55000305175781,80.33999633789062,79.19999694824219,79.9000015258789,79.27787017822266,36931700
2015-02-23,79.95999908447266,80.19000244140625,78.37999725341797,78.83999633789062,78.22611999511719,24139100
2015-02-24,78.5,79.4800033569336,78.0999984741211,78.44999694824219,77.83916473388672,18897100
2015-02-25,78.5,80.19999694824219,78.5,79.55999755859375,78.94051361083984,25593800
2015-02-26,79.87999725341797,81.37000274658203,79.72000122070312,80.41000366210938,79.78390502929688,31111900
2015-02-27,80.68000030517578,81.2300033569336,78.62000274658203,78.97000122070312,78.35511016845703,30739200
2015-03-02,79.0,79.86000061035156,78.5199966430664,79.75,79.12904357910156,21662500
2015-03-03,79.61000061035156,79.69999694824219,78.5199966430664,79.5999984741211,78.98020935058594,18635000
2015-03-04,79.30000305175781,81.1500015258789,78.8499984741211,80.9000015258789,80.27008819580078,28126700
2015-03-05,81.2300033569336,81.98999786376953,81.05000305175781,81.20999908447266,80.57766723632812,27825700
2015-03-06,80.9000015258789,81.33000183105469,79.83000183105469,80.01000213623047,79.38701629638672,24488600
2015-03-09,79.68000030517578,79.91000366210938,78.62999725341797,79.44000244140625,78.82146453857422,18925100
2015-03-10,78.5,79.26000213623047,77.55000305175781,77.55000305175781,76.94617462158203,23067100
2015-03-11,77.80000305175781,78.43000030517578,77.26000213623047,77.56999969482422,76.96599578857422,20215700
2015-03-12,78.0999984741211,79.05000305175781,77.91000366210938,78.93000030517578,78.31542205810547,16093300
2015-03-13,78.5999984741211,79.37999725341797,77.68000030517578,78.05000305175781,77.44229125976562,18557300
2015-03-16,77.95999908447266,78.12000274658203,77.36000061035156,78.06999969482422,77.46212005615234,19305400
2015-03-17,78.36000061035156,79.77999877929688,78.33999633789062,79.36000061035156,78.7420883178711,22170000
2015-03-18,79.25,81.23999786376953,79.16999816894531,80.91000366210938,80.28001403808594,36912400
2015-03-19,81.12000274658203,83.0,81.0,82.75,82.10568237304688,42099500
2015-03-20,83.38999938964844,84.5999984741211,83.06999969482422,83.80000305175781,83.14752197265625,44466300
2015-03-23,83.91999816894531,84.95999908447266,83.30000305175781,84.43000030517578,83.7725830078125,27357300
2015-03-24,84.70999908447266,86.06999969482422,84.5199966430664,85.30999755859375,84.64573669433594,32576500
2015-03-25,85.5,85.5199966430664,82.91999816894531,82.91999816894531,82.27434539794922,37436100
2015-03-26,82.72000122070312,83.7699966430664,82.13999938964844,83.01000213623047,82.36366271972656,32794800
2015-03-27,83.37999725341797,83.94999694824219,82.87999725341797,83.30000305175781,82.65139770507812,18372600
2015-03-30,83.80999755859375,84.33999633789062,82.41000366210938,83.19999694824219,82.55218505859375,24527700
2015-03-31,82.9000015258789,83.5,82.20999908447266,82.22000122070312,81.5798110961914,19734300
2015-04-01,82.5,82.72000122070312,80.87000274658203,81.66999816894531,81.03408813476562,22058200
2015-04-02,82.25,82.55999755859375,81.44000244140625,81.55999755859375,80.92494201660156,19664100
2015-04-06,80.80000305175781,82.80999755859375,80.80000305175781,82.44000244140625,81.798095703125,19062900
2015-04-07,82.6500015258789,83.41999816894531,82.22000122070312,82.31999969482422,81.67903137207031,17467000
2015-04-08,82.62999725341797,83.0999984741211,81.83999633789062,82.27999877929688,81.63934326171875,18966700
2015-04-09,82.5,82.80000305175781,81.70999908447266,82.16999816894531,81.53018951416016,15927300
2015-04-10,82.20999908447266,82.61000061035156,81.91000366210938,82.04000091552734,81.40120697021484,12529700
2015-04-13,81.93000030517578,83.94000244140625,81.91999816894531,83.01000213623047,82.36366271972656,26883100
2015-04-14,83.16999816894531,83.69000244140625,82.44000244140625,83.5199966430664,82.86968994140625,19634200
2015-04-15,83.55000305175781,83.66000366210938,82.2699966430664,82.70999908447266,82.06599426269531,22390900
2015-04-16,82.47000122070312,83.06999969482422,82.1500015258789,82.30999755859375,81.66910552978516,13769700
2015-04-17,81.4800033569336,82.11000061035156,80.37000274658203,80.77999877929688,80.15100860595703,24215000
2015-04-20,81.54000091552734,83.1500015258789,81.23999786376953,83.08999633789062,82.4430160522461,28796800
2015-04-21,84.0,84.48999786376953,83.54000091552734,83.62000274658203,82.96891784667969,27171900
2015-04-22,84.31999969482422,84.73999786376953,83.6500015258789,84.62999725341797,83.97103118896484,45548000
2015-04-23,84.0999984741211,85.58999633789062,82.41000366210938,82.41000366210938,81.76834106445312,73728100
2015-04-24,82.7699966430664,82.94000244140625,81.4800033569336,81.52999877929688,80.89517974853516,29660400
2015-04-27,81.87000274658203,82.93000030517578,81.62999725341797,81.91000366210938,81.27222442626953,25446000
2015-04-28,81.83000183105469,81.9000015258789,80.2300033569336,80.68000030517578,80.05180358886719,23775300
2015-04-29,80.01000213623047,81.38999938964844,79.5199966430664,80.47000122070312,79.84343719482422,26430300
2015-04-30,80.01000213623047,80.95999908447266,78.31999969482422,78.7699966430664,78.15667724609375,28999000
2015-05-01,79.23999786376953,79.76000213623047,78.11000061035156,78.98999786376953,78.37495422363281,24136400
2015-05-04,79.33000183105469,79.69000244140625,78.62999725341797,78.80999755859375,78.19635009765625,14692000
2015-05-05,78.55000305175781,78.80000305175781,77.22000122070312,77.55999755859375,76.95608520507812,22311300
2015-05-06,77.97000122070312,78.80999755859375,77.05000305175781,78.0999984741211,77.49188232421875,28663000
2015-05-07,78.0,78.94000244140625,77.55999755859375,78.43000030517578,77.8193130493164,19749400
2015-05-08,79.0999984741211,79.2300033569336,78.02999877929688,78.51000213623047,77.89868927001953,19943600
2015-05-11,78.4800033569336,79.02999877929688,77.93000030517578,78.01000213623047,77.40258026123047,18874100
2015-05-12,77.87000274658203,77.88999938964844,76.79000091552734,77.45999908447266,76.85687255859375,21285300
2015-05-13,77.72000122070312,78.52999877929688,77.6500015258789,78.44000244140625,77.82923889160156,21512300
2015-05-14,78.94000244140625,81.8499984741211,78.66999816894531,81.37000274658203,80.73643493652344,49438000
2015-05-15,81.41000366210938,81.5199966430664,80.18000030517578,80.41999816894531,79.79383087158203,27069900
2015-05-18,80.33000183105469,81.37999725341797,80.2300033569336,80.87999725341797,80.25022888183594,21613700
2015-05-19,81.25,81.69000244140625,80.55000305175781,80.62999725341797,80.00218200683594,17955400
2015-05-20,80.47000122070312,81.0999984741211,79.45999908447266,80.55000305175781,79.92280578613281,23056900
2015-05-21,80.19000244140625,80.91999816894531,80.08000183105469,80.4800033569336,79.85335540771484,13402700
2015-05-22,80.3499984741211,81.30999755859375,80.25,80.54000091552734,79.91287994384766,19567900
2015-05-26,80.43000030517578,80.5999984741211,79.08000183105469,79.33000183105469,78.7123031616211,16321300
2015-05-27,79.5999984741211,80.66000366210938,79.43000030517578,80.55000305175781,79.92280578613281,14160900
2015-05-28,80.25,81.06999969482422,80.0,80.1500015258789,79.52592468261719,11982000
2015-05-29,79.94999694824219,80.06999969482422,78.87999725341797,79.19000244140625,78.57341766357422,16134600
2015-06-01,79.30000305175781,80.37999725341797,78.66000366210938,80.29000091552734,79.66484832763672,18119000
2015-06-02,79.76000213623047,81.3499984741211,79.55999755859375,80.44000244140625,79.81366729736328,18923300
2015-06-03,81.3499984741211,82.52999877929688,81.25,82.44000244140625,81.798095703125,31775000
2015-06-04,82.13999938964844,82.94999694824219,81.51000213623047,82.05000305175781,81.41114044189453,20863900
2015-06-05,81.87000274658203,82.45999908447266,81.51000213623047,82.13999938964844,81.50042724609375,16143100
2015-06-08,81.81999969482422,82.0,80.12999725341797,80.66999816894531,80.04187774658203,16915500
2015-06-09,80.5999984741211,81.19000244140625,79.31999969482422,80.66999816894531,80.04187774658203,16497500
2015-06-10,80.83000183105469,82.5999984741211,80.80999755859375,82.16000366210938,81.52027130126953,21531200
2015-06-11,82.30999755859375,82.9000015258789,81.36000061035156,81.83000183105469,81.19284057617188,18656800
2015-06-12,81.37000274658203,82.08999633789062,81.19999694824219,81.52999877929688,80.89517974853516,11417900
2015-06-15,80.55000305175781,80.93000030517578,80.06999969482422,80.70999908447266,80.08155822753906,18805100
2015-06-16,80.81999969482422,81.51000213623047,80.44999694824219,81.05999755859375,80.4288330078125,13693700
2015-06-17,81.76000213623047,82.22000122070312,81.33999633789062,81.79000091552734,81.15316009521484,18350300
2015-06-18,81.63999938964844,83.19000244140625,81.56999969482422,82.91000366210938,82.26444244384766,26782600
2015-06-19,82.83000183105469,82.9800033569336,82.12000274658203,82.51000213623047,81.86754608154297,23353200
2015-06-22,83.41000366210938,84.97000122070312,83.30999755859375,84.73999786376953,84.0801773071289,29383100
2015-06-23,84.95999908447266,87.97000122070312,84.76000213623047,87.87999725341797,87.19571685791016,50667900
2015-06-24,87.66000366210938,89.25,87.44999694824219,88.86000061035156,88.16809844970703,41370200
2015-06-25,89.26000213623047,89.4000015258789,87.83999633789062,87.9800033569336,87.29496765136719,27302000
2015-06-26,88.12000274658203,88.33999633789062,86.83000183105469,88.01000213623047,87.32472229003906,38214600
2015-06-29,86.61000061035156,87.5,85.7300033569336,85.80000305175781,85.13194274902344,35957900
2015-06-30,86.5999984741211,86.69999694824219,85.56999969482422,85.7699966430664,85.10216522216797,23016500
2015-07-01,86.7699966430664,87.94999694824219,86.48999786376953,86.91000366210938,86.23328399658203,25260000
2015-07-02,87.4000015258789,87.44000244140625,86.33999633789062,87.29000091552734,86.61032104492188,16908800
2015-07-06,86.48999786376953,88.19000244140625,86.38999938964844,87.55000305175781,86.86829376220703,24635900
2015-07-07,87.80000305175781,87.8499984741211,85.2300033569336,87.22000122070312,86.54086303710938,33059900
2015-07-08,86.29000091552734,86.75,85.44999694824219,85.6500015258789,84.98310089111328,24399300
2015-07-09,86.7300033569336,87.5999984741211,85.6500015258789,85.87999725341797,85.21129608154297,23307400
2015-07-10,87.3499984741211,88.22000122070312,86.7699966430664,87.94999694824219,87.26518249511719,23245900
2015-07-13,88.66000366210938,90.22000122070312,88.41999816894531,90.0999984741211,89.39844512939453,29976700
2015-07-14,90.45999908447266,90.80000305175781,89.6500015258789,89.68000030517578,88.98172760009766,26627800
2015-07-15,90.0,90.98999786376953,89.41999816894531,89.76000213623047,89.06108856201172,30886600
2015-07-16,90.27999877929688,90.86000061035156,89.7699966430664,90.8499984741211,90.14259338378906,21804100
2015-07-17,92.55000305175781,95.38999938964844,92.54000091552734,94.97000122070312,94.23052215576172,54001600
2015-07-20,95.8499984741211,98.5999984741211,95.36000061035156,97.91000366210938,97.14764404296875,54860500
2015-07-21,98.94999694824219,99.23999786376953,97.13999938964844,98.38999938964844,97.62390899658203,39453300
2015-07-22,96.73999786376953,97.58000183105469,95.91999816894531,97.04000091552734,96.28441619873047,28299500
2015-07-23,96.95999908447266,97.44999694824219,94.80999755859375,95.44000244140625,94.69686889648438,29418800
2015-07-24,97.3499984741211,97.76000213623047,95.87999725341797,96.94999694824219,96.19510650634766,33444900
2015-07-27,96.58000183105469,96.61000061035156,93.83000183105469,94.16999816894531,93.4367446899414,38585400
2015-07-28,94.83999633789062,95.55999755859375,93.30999755859375,95.29000091552734,94.54803466796875,35236000
2015-07-29,96.31999969482422,97.27999877929688,94.73999786376953,96.98999786376953,96.23480224609375,64648300
2015-07-30,94.91000366210938,95.80999755859375,91.80000305175781,95.20999908447266,94.46865844726562,86211300
2015-07-31,94.94999694824219,96.33000183105469,93.94999694824219,94.01000213623047,93.27800750732422,46509000
2015-08-03,93.52999877929688,95.08000183105469,92.80000305175781,94.13999938964844,93.40699005126953,29343100
2015-08-04,93.79000091552734,94.7300033569336,93.33000183105469,94.05999755859375,93.32762145996094,20136000
2015-08-05,95.25,97.08999633789062,95.18000030517578,96.44000244140625,95.68907928466797,29813200
2015-08-06,97.18000030517578,98.73999786376953,94.41999816894531,95.12000274658203,94.37935638427734,42271300
2015-08-07,95.37999725341797,95.4000015258789,93.61000061035156,94.30000305175781,93.56574249267578,23199100
2015-08-10,95.68000030517578,95.9000015258789,93.62999725341797,94.1500015258789,93.41691589355469,21624200
2015-08-11,93.7300033569336,94.76000213623047,92.9000015258789,93.62000274658203,92.89105987548828,22491000
2015-08-12,92.69999694824219,94.44000244140625,91.19000244140625,94.19000244140625,93.45661163330078,27050500
2015-08-13,94.05000305175781,94.7300033569336,93.3499984741211,93.43000030517578,92.70252227783203,17451800
2015-08-14,93.54000091552734,94.72000122070312,93.20999908447266,94.41999816894531,93.684814453125,15929700
2015-08-17,94.41999816894531,94.45999908447266,93.38999938964844,93.93000030517578,93.1986312866211,18313500
2015-08-18,94.08000183105469,95.8499984741211,94.04000091552734,95.16999816894531,94.42898559570312,22278800
2015-08-19,94.62999725341797,96.0999984741211,94.16000366210938,95.30999755859375,94.56788635253906,23251300
2015-08-20,93.54000091552734,94.7699966430664,90.45999908447266,90.55999755859375,89.85486602783203,44598200
2015-08-21,87.5199966430664,89.18000030517578,85.61000061035156,86.05999755859375,85.38990020751953,62778700
2015-08-24,77.02999877929688,82.08999633789062,72.0,82.08999633789062,81.45082092285156,83710700
2015-08-25,86.94999694824219,87.66999816894531,83.0,83.0,82.3537368774414,52021200
2015-08-26,85.94999694824219,87.45999908447266,83.26000213623047,87.19000244140625,86.51111602783203,45124300
2015-08-27,89.0999984741211,90.05999755859375,87.19000244140625,89.7300033569336,89.03133392333984,42431400
2015-08-28,89.87999725341797,91.4800033569336,89.79000091552734,91.01000213623047,90.30136108398438,33215900
2015-08-31,90.5999984741211,91.05000305175781,88.88999938964844,89.43000030517578,88.7336654663086,32850700
2015-09-01,86.8499984741211,89.38999938964844,86.5,87.2300033569336,86.55079650878906,36097400
2015-09-02,88.80999755859375,89.88999938964844,87.62999725341797,89.88999938964844,89.19007873535156,27190500
2015-09-03,89.76000213623047,89.81999969482422,87.7300033569336,88.1500015258789,87.46363067626953,27048200
2015-09-04,87.19999694824219,88.38999938964844,86.69999694824219,88.26000213623047,87.5727767944336,27328700
2015-09-08,89.69000244140625,90.23999786376953,88.83000183105469,89.52999877929688,88.83287811279297,27012500
2015-09-09,90.77999877929688,91.9800033569336,90.16999816894531,90.44000244140625,89.73578643798828,32551100
2015-09-10,90.06999969482422,92.05999755859375,89.62999725341797,91.9800033569336,91.26380920410156,26437400
2015-09-11,91.68000030517578,92.08000183105469,91.12999725341797,92.05000305175781,91.3332748413086,21185000
2015-09-14,92.30999755859375,92.62000274658203,91.5999984741211,92.30999755859375,91.59123992919922,20127900
2015-09-15,92.37000274658203,93.25,91.79000091552734,92.9000015258789,92.17664337158203,18859400
2015-09-16,92.9000015258789,93.5999984741211,92.62999725341797,93.44999694824219,92.72236633300781,16321200
2015-09-17,93.37000274658203,95.51000213623047,92.9000015258789,94.33999633789062,93.60543060302734,27841800
2015-09-18,93.19999694824219,95.19000244140625,93.05000305175781,94.4000015258789,93.66497039794922,62300000
2015-09-21,94.62000274658203,96.48999786376953,94.5199966430664,95.55000305175781,94.80601501464844,28790000
2015-09-22,93.7699966430664,94.68000030517578,91.91999816894531,92.95999908447266,92.23617553710938,36888900
2015-09-23,93.4000015258789,94.31999969482422,92.80000305175781,93.97000122070312,93.23831176757812,21701400
2015-09-24,93.05999755859375,94.7699966430664,92.23999786376953,94.41000366210938,93.67489624023438,29106000
2015-09-25,95.79000091552734,95.8499984741211,92.05999755859375,92.7699966430664,92.04766082763672,28961600
2015-09-28,92.08000183105469,92.29000091552734,88.18000030517578,89.20999908447266,88.5153579711914,41199900
2015-09-29,89.0999984741211,90.05999755859375,85.72000122070312,86.66999816894531,85.99515533447266,42281800
2015-09-30,88.44000244140625,90.0199966430664,88.01000213623047,89.9000015258789,89.20000457763672,36169100
2015-10-01,90.05000305175781,90.94999694824219,88.36000061035156,90.94999694824219,90.24182891845703,29283700
2015-10-02,88.9000015258789,92.19999694824219,88.37000274658203,92.06999969482422,91.35310363769531,37881700
2015-10-05,92.94000244140625,94.2699966430664,92.66000366210938,94.01000213623047,93.27800750732422,27292500
2015-10-06,94.08000183105469,94.16999816894531,92.33999633789062,92.80000305175781,92.07743835449219,22172800
2015-10-07,93.11000061035156,93.66000366210938,91.37000274658203,92.4000015258789,91.68054962158203,24129300
2015-10-08,91.88999938964844,93.22000122070312,90.47000122070312,92.47000122070312,91.74999237060547,27290500
2015-10-09,92.9000015258789,93.73999786376953,92.23999786376953,93.23999786376953,92.51399230957031,20012900
2015-10-12,93.31999969482422,94.5999984741211,92.66999816894531,94.26000213623047,93.52606964111328,18449600
2015-10-13,93.66000366210938,95.37000274658203,93.55000305175781,94.12000274658203,93.38713836669922,19480300
2015-10-14,94.08000183105469,95.19999694824219,93.61000061035156,94.06999969482422,93.3375244140625,19253400
2015-10-15,94.98999786376953,96.30000305175781,94.9000015258789,95.95999908447266,95.21281433105469,27557500
2015-10-16,96.18000030517578,97.58999633789062,95.3499984741211,97.54000091552734,96.78053283691406,25412900
2015-10-19,97.18000030517578,98.56999969482422,96.91999816894531,98.47000122070312,97.70328521728516,23729900
2015-10-20,98.7300033569336,99.58999633789062,96.55999755859375,97.0,96.24473571777344,30881800
2015-10-21,97.37000274658203,98.18000030517578,96.47000122070312,97.11000061035156,96.3538589477539,21917800
2015-10-22,97.79000091552734,99.7300033569336,97.55000305175781,99.66999816894531,98.89392852783203,26392100
2015-10-23,101.91000366210938,102.8499984741211,100.16000366210938,102.19000244140625,101.3943099975586,42809700
2015-10-26,102.19999694824219,103.80999755859375,101.55000305175781,103.7699966430664,102.96200561523438,25961200
2015-10-27,102.94000244140625,104.0999984741211,102.4000015258789,103.69999694824219,102.8925552368164,23795500
2015-10-28,103.9000015258789,104.4800033569336,102.91999816894531,104.19999694824219,103.38866424560547,24081500
2015-10-29,103.95999908447266,105.12000274658203,103.5199966430664,104.87999725341797,104.06336212158203,20316700
2015-10-30,104.51000213623047,104.72000122070312,101.6500015258789,101.97000122070312,101.176025390625,33487100
2015-11-02,101.72000122070312,103.47000122070312,101.18000030517578,103.30999755859375,102.50559997558594,24003900
2015-11-03,103.22000122070312,103.6500015258789,102.4000015258789,102.58000183105469,101.7812728881836,21242300
2015-11-04,103.19000244140625,104.13999938964844,102.4800033569336,103.94000244140625,103.13067626953125,43469300
2015-11-05,108.80000305175781,110.6500015258789,107.94999694824219,108.76000213623047,107.91315460205078,63232900
2015-11-06,108.04000091552734,108.73999786376953,105.91000366210938,107.0999984741211,106.26608276367188,35084300
2015-11-09,107.0,108.25,105.86000061035156,106.48999786376953,105.66082000732422,26383500
2015-11-10,105.95999908447266,108.1500015258789,105.23999786376953,107.91000366210938,107.06978607177734,25031700
2015-11-11,108.2699966430664,109.87000274658203,107.11000061035156,109.01000213623047,108.16121673583984,25057100
2015-11-12,108.4800033569336,109.38999938964844,108.0,108.0199966430664,107.17891693115234,20924700
2015-11-13,107.70999908447266,108.25,103.83000183105469,103.94999694824219,103.14060974121094,30278400
2015-11-16,103.31999969482422,104.16999816894531,100.47000122070312,104.04000091552734,103.22991180419922,49309200
2015-11-17,104.62000274658203,106.19999694824219,104.13999938964844,105.12999725341797,104.3114242553711,26807200
2015-11-18,105.80000305175781,107.87999725341797,105.38999938964844,107.7699966430664,106.93085479736328,23836500
2015-11-19,107.36000061035156,107.7300033569336,105.94999694824219,106.26000213623047,105.4326171875,25520600
2015-11-20,106.83999633789062,107.87000274658203,106.62000274658203,107.31999969482422,106.48436737060547,22129600
2015-11-23,107.19000244140625,107.47000122070312,106.08000183105469,106.94999694824219,106.11724090576172,19897200
2015-11-24,106.0,106.48999786376953,104.38999938964844,105.73999786376953,104.91665649414062,23577300
2015-11-25,106.33000183105469,106.5999984741211,105.0999984741211,105.41000366210938,104.58924102783203,15150800
2015-11-27,105.77999877929688,105.95999908447266,104.86000061035156,105.44999694824219,104.6289291381836,5913100
2015-11-30,105.83999633789062,106.0999984741211,103.75,104.23999786376953,103.4283447265625,20383200
2015-12-01,104.83000183105469,107.1500015258789,104.5,107.12000274658203,106.28592681884766,22781900
2015-12-02,107.0,107.91999816894531,105.79000091552734,106.06999969482422,105.24410247802734,24429100
2015-12-03,106.2699966430664,106.8499984741211,103.3499984741211,104.37999725341797,103.5672607421875,23236500
2015-12-04,104.80999755859375,107.7300033569336,104.11000061035156,106.18000030517578,105.35324096679688,21224700
2015-12-07,106.4800033569336,106.83000183105469,104.66000366210938,105.61000061035156,104.7876968383789,15474900
2015-12-08,104.0,106.91000366210938,103.94999694824219,106.48999786376953,105.66082000732422,20401800
2015-12-09,106.18000030517578,106.44000244140625,103.55000305175781,104.5999984741211,103.7855453491211,23517300
2015-12-10,105.05000305175781,106.4000015258789,104.41000366210938,105.41999816894531,104.59915924072266,17454300
2015-12-11,104.1500015258789,104.33999633789062,101.91000366210938,102.12000274658203,101.3248519897461,26427700
2015-12-14,102.29000091552734,104.73999786376953,101.45999908447266,104.66000366210938,103.84507751464844,24648100
2015-12-15,105.30000305175781,105.80000305175781,104.27999877929688,104.55000305175781,103.7359390258789,21764300
2015-12-16,105.37000274658203,107.08999633789062,104.19000244140625,106.79000091552734,105.95849609375,22680500
2015-12-17,107.48999786376953,107.75,106.12999725341797,106.22000122070312,105.3929443359375,21675700
2015-12-18,106.08000183105469,106.58999633789062,103.97000122070312,104.04000091552734,103.22991180419922,35994200
2015-12-21,104.91000366210938,105.1500015258789,103.5999984741211,104.7699966430664,103.9542236328125,16138800
2015-12-22,105.22000122070312,105.66000366210938,104.80999755859375,105.51000213623047,104.68846130371094,14597100
2015-12-23,105.88999938964844,106.11000061035156,103.86000061035156,104.62999725341797,103.81531524658203,19599700
2015-12-24,104.73999786376953,105.31999969482422,104.5,105.0199966430664,104.20225524902344,6501800
2015-12-28,105.0199966430664,105.9800033569336,104.52999877929688,105.93000030517578,105.10517883300781,13069700
2015-12-29,106.41999816894531,107.73999786376953,106.25,107.26000213623047,106.42483520507812,17179900
2015-12-30,107.0,107.25,106.05999755859375,106.22000122070312,105.3929443359375,13115000
2015-12-31,106.0,106.16999816894531,104.62000274658203,104.66000366210938,103.84507751464844,18391100
2016-01-04,101.94999694824219,102.23999786376953,99.75,102.22000122070312,101.42408752441406,37912400
2016-01-05,102.88999938964844,103.70999908447266,101.66999816894531,102.7300033569336,101.93011474609375,23258200
2016-01-06,101.12999725341797,103.7699966430664,100.9000015258789,102.97000122070312,102.16824340820312,25096200
2016-01-07,100.5,101.43000030517578,97.30000305175781,97.91999816894531,97.15756225585938,45172900
2016-01-08,99.87999725341797,100.5,97.02999877929688,97.33000183105469,96.57215881347656,35402300
2016-01-11,97.91000366210938,98.5999984741211,95.38999938964844,97.51000213623047,96.75074768066406,29932400
2016-01-12,99.0,99.95999908447266,97.55000305175781,99.37000274658203,98.59626770019531,28395400
2016-01-13,100.58000183105469,100.58000183105469,95.20999908447266,95.44000244140625,94.69686889648438,33410600
2016-01-14,95.8499984741211,98.87000274658203,92.44999694824219,98.37000274658203,97.60405731201172,48658600
2016-01-15,93.9800033569336,96.37999725341797,93.54000091552734,94.97000122070312,94.23052215576172,46132800
2016-01-19,96.52999877929688,97.41999816894531,93.91999816894531,95.26000213623047,94.51826477050781,30998300
2016-01-20,92.83000183105469,95.0,89.37000274658203,94.3499984741211,93.61534881591797,59051400
2016-01-21,94.91000366210938,95.98999786376953,92.62000274658203,94.16000366210938,93.42684173583984,30518900
2016-01-22,96.41000366210938,98.06999969482422,95.48999786376953,97.94000244140625,97.17741394042969,30495400
2016-01-25,98.72000122070312,99.4800033569336,96.93000030517578,97.01000213623047,96.2546615600586,32482000
2016-01-26,97.76000213623047,97.87999725341797,95.66000366210938,97.33999633789062,96.58206176757812,26877100
2016-01-27,97.79000091552734,97.8499984741211,94.2300033569336,94.44999694824219,93.71456909179688,58699400
2016-01-28,107.19999694824219,110.33999633789062,104.80999755859375,109.11000061035156,108.26042938232422,107475300
2016-01-29,108.98999786376953,112.83999633789062,108.83999633789062,112.20999908447266,111.33629608154297,62739500
2016-02-01,112.2699966430664,115.72000122070312,112.01000213623047,115.08999633789062,114.1938705444336,46132700
2016-02-02,114.80000305175781,117.58999633789062,113.19999694824219,114.61000061035156,113.71759796142578,59778600
2016-02-03,115.2699966430664,115.33999633789062,109.75,112.69000244140625,111.81256866455078,56919300
2016-02-04,111.80000305175781,111.94000244140625,109.25,110.48999786376953,109.62968444824219,38890200
2016-02-05,109.51000213623047,109.58000183105469,103.18000030517578,104.06999969482422,103.2596664428711,76894700
2016-02-08,100.41000366210938,102.68000030517578,97.45999908447266,99.75,98.97329711914062,71229700
2016-02-09,97.13999938964844,102.4000015258789,96.81999969482422,99.54000091552734,98.76493835449219,62709000
2016-02-10,101.55000305175781,103.25,100.23999786376953,101.0,100.21357727050781,45179400
2016-02-11,99.5999984741211,105.11000061035156,98.87999725341797,101.91000366210938,101.11650085449219,43670600
2016-02-12,103.73999786376953,104.23999786376953,101.08999633789062,102.01000213623047,101.21571350097656,36176800
2016-02-16,103.80000305175781,103.93000030517578,100.23999786376953,101.61000061035156,100.81884002685547,45687200
2016-02-17,102.0199966430664,105.72000122070312,100.4000015258789,105.19999694824219,104.380859375,44073400
2016-02-18,105.80000305175781,106.0,103.02999877929688,103.47000122070312,102.66435241699219,29593500
2016-02-19,102.55000305175781,105.0199966430664,102.05999755859375,104.56999969482422,103.75577545166016,32404500
2016-02-22,105.48999786376953,108.25,105.33999633789062,107.16000366210938,106.32561492919922,35709700
2016-02-23,106.8499984741211,107.47000122070312,105.12000274658203,105.45999908447266,104.63884735107422,25319300
2016-02-24,104.20999908447266,106.94999694824219,102.73999786376953,106.87999725341797,106.04778289794922,34412400
2016-02-25,107.11000061035156,108.06999969482422,105.61000061035156,108.06999969482422,107.22853088378906,29906300
2016-02-26,108.69999694824219,109.44999694824219,107.16000366210938,107.91999816894531,107.0796890258789,26686200
2016-02-29,107.5999984741211,108.91000366210938,106.75,106.91999816894531,106.08748626708984,32779000
2016-03-01,107.83000183105469,109.81999969482422,107.5999984741211,109.81999969482422,108.96489715576172,26817300
2016-03-02,109.68000030517578,110.55000305175781,108.7699966430664,109.94999694824219,109.09387969970703,25670200
2016-03-03,110.25,110.30000305175781,108.54000091552734,109.58000183105469,108.72676849365234,21353100
2016-03-04,110.05000305175781,110.05000305175781,107.93000030517578,108.38999938964844,107.5460433959961,24938900
2016-03-07,108.06999969482422,108.06999969482422,104.72000122070312,105.7300033569336,104.90674591064453,31436400
2016-03-08,104.77999877929688,107.37000274658203,104.4000015258789,105.93000030517578,105.10517883300781,25617000
2016-03-09,106.69999694824219,107.51000213623047,105.48999786376953,107.51000213623047,106.67289733886719,20493300
2016-03-10,107.91000366210938,108.66000366210938,105.7699966430664,107.31999969482422,106.48436737060547,24854300
2016-03-11,108.4800033569336,109.41999816894531,107.91999816894531,109.41000366210938,108.55809783935547,20697600
2016-03-14,109.27999877929688,110.33000183105469,108.7699966430664,109.88999938964844,109.03435516357422,17249400
2016-03-15,109.11000061035156,110.83000183105469,108.83999633789062,110.66999816894531,109.80828094482422,17618500
2016-03-16,110.48999786376953,112.5,110.0999984741211,112.18000030517578,111.30653381347656,24744800
2016-03-17,112.1500015258789,112.69000244140625,110.7300033569336,111.0199966430664,110.15555572509766,24241200
2016-03-18,111.55999755859375,112.41999816894531,110.2699966430664,111.44999694824219,110.58220672607422,36256900
2016-03-21,111.66000366210938,112.37000274658203,111.02999877929688,111.8499984741211,110.97909545898438,18448000
2016-03-22,111.36000061035156,112.87999725341797,111.16999816894531,112.25,111.37598419189453,19001100
2016-03-23,112.01000213623047,113.19000244140625,112.0,112.54000091552734,111.6637191772461,18562000
2016-03-24,112.12999725341797,113.08999633789062,111.68000030517578,113.05000305175781,112.16976165771484,17839100
2016-03-28,113.31999969482422,114.58999633789062,112.94999694824219,113.69000244140625,112.80477142333984,21351800
2016-03-29,113.83000183105469,116.31999969482422,113.63999938964844,116.13999938964844,115.23568725585938,29825300
2016-03-30,116.7300033569336,116.98999786376953,114.36000061035156,114.69999694824219,113.80690002441406,33235200
2016-03-31,114.69999694824219,115.01000213623047,113.7699966430664,114.0999984741211,113.2115707397461,21207500
2016-04-01,113.75,116.16999816894531,113.3499984741211,116.05999755859375,115.15629577636719,24760500
2016-04-04,114.06999969482422,114.55000305175781,111.61000061035156,112.55000305175781,111.67364501953125,48487900
2016-04-05,112.11000061035156,113.31999969482422,111.9000015258789,112.22000122070312,111.34620666503906,22962400
2016-04-06,112.47000122070312,113.80999755859375,112.41999816894531,113.70999908447266,112.82461547851562,20814600
2016-04-07,113.79000091552734,114.88999938964844,113.06999969482422,113.63999938964844,112.7551498413086,20714500
2016-04-08,114.25,114.33000183105469,109.9000015258789,110.62999725341797,109.76860046386719,48497800
2016-04-11,110.69999694824219,110.91000366210938,108.7699966430664,108.98999786376953,108.14136505126953,39762300
2016-04-12,109.33999633789062,111.16000366210938,108.98999786376953,110.61000061035156,109.74876403808594,26248100
2016-04-13,112.2300033569336,112.6500015258789,106.5199966430664,110.51000213623047,109.64952850341797,88227400
2016-04-14,110.62000274658203,112.04000091552734,110.26000213623047,110.83999633789062,109.9769515991211,28473300
2016-04-15,110.79000091552734,110.97000122070312,109.19999694824219,109.63999938964844,108.78629302978516,20922800
2016-04-18,109.73999786376953,110.80999755859375,109.19999694824219,110.44999694824219,109.59000396728516,21167200
2016-04-19,111.0999984741211,112.44999694824219,109.16000366210938,112.29000091552734,111.4156723022461,30210500
2016-04-20,112.43000030517578,113.2699966430664,111.55999755859375,112.41999816894531,111.5446548461914,21027900
2016-04-21,112.55000305175781,114.04000091552734,112.30999755859375,113.44000244140625,112.55671691894531,20875200
2016-04-22,111.20999908447266,111.75,109.01000213623047,110.55999755859375,109.69913482666016,38458200
2016-04-25,109.87000274658203,110.66999816894531,109.06999969482422,110.0999984741211,109.24271392822266,21017900
2016-04-26,110.48999786376953,110.5,108.1500015258789,108.76000213623047,107.91315460205078,22521500
2016-04-27,107.94000244140625,108.94000244140625,106.30999755859375,108.88999938964844,108.0421371459961,52213100
2016-04-28,119.58000183105469,120.79000091552734,116.2300033569336,116.7300033569336,115.82110595703125,87110100
2016-04-29,116.81999969482422,117.83999633789062,115.83999633789062,117.58000183105469,116.66448211669922,37140600
2016-05-02,117.83000183105469,118.7300033569336,116.56999969482422,118.56999969482422,117.64677429199219,28095200
2016-05-03,117.5199966430664,118.16000366210938,117.0199966430664,117.43000030517578,116.5156478881836,24117500
2016-05-04,116.61000061035156,118.30000305175781,116.56999969482422,118.05999755859375,117.1407241821289,23448400
2016-05-05,118.04000091552734,118.9800033569336,117.25,117.80999755859375,116.8926773071289,22056700
2016-05-06,117.16000366210938,119.63999938964844,117.11000061035156,119.48999786376953,118.5595932006836,26395600
2016-05-09,119.54000091552734,120.27999877929688,118.9000015258789,119.23999786376953,118.31155395507812,21138100
2016-05-10,119.62000274658203,120.5,119.0,120.5,119.56175231933594,23220000
2016-05-11,120.41000366210938,121.08000183105469,119.41999816894531,119.5199966430664,118.5893783569336,22038400
2016-05-12,119.9800033569336,120.83999633789062,118.9000015258789,120.27999877929688,119.34344482421875,22035500
2016-05-13,120.37999725341797,120.63999938964844,119.68000030517578,119.80999755859375,118.87710571289062,18124300
2016-05-16,119.37999725341797,119.61000061035156,117.3499984741211,118.66999816894531,117.74597930908203,31247800
2016-05-17,118.81999969482422,119.01000213623047,117.19999694824219,117.3499984741211,116.43626403808594,21328600
2016-05-18,116.80000305175781,118.2699966430664,116.7300033569336,117.6500015258789,116.73393249511719,21642300
2016-05-19,117.05000305175781,117.48999786376953,115.87999725341797,116.80999755859375,115.90047454833984,20544100
2016-05-20,116.95999908447266,117.98999786376953,116.94999694824219,117.3499984741211,116.43626403808594,18944800
2016-05-23,117.41999816894531,117.5999984741211,115.94000244140625,115.97000122070312,115.0670166015625,20441000
2016-05-24,116.23999786376953,117.7300033569336,116.12000274658203,117.69999694824219,116.78353118896484,20183600
2016-05-25,118.12999725341797,118.66999816894531,117.37999725341797,117.88999938964844,116.97206115722656,20019800
2016-05-26,118.23999786376953,119.76000213623047,117.91999816894531,119.47000122070312,118.53976440429688,18481300
2016-05-27,119.55999755859375,119.8499984741211,119.01000213623047,119.37999725341797,118.45045471191406,13493600
2016-05-31,119.45999908447266,120.0999984741211,118.12000274658203,118.80999755859375,117.88490295410156,23547600
2016-06-01,118.5,119.08000183105469,117.81999969482422,118.77999877929688,117.85513305664062,15029500
2016-06-02,118.69000244140625,119.44000244140625,118.22000122070312,118.93000030517578,118.00397491455078,13228300
2016-06-03,118.9800033569336,118.9800033569336,117.86000061035156,118.47000122070312,117.54755401611328,14135100
2016-06-06,118.62000274658203,119.43000030517578,118.36000061035156,118.79000091552734,117.86505126953125,12744700
2016-06-07,119.23999786376953,119.30000305175781,117.66999816894531,117.76000213623047,116.84307098388672,17103000
2016-06-08,117.76000213623047,118.5999984741211,117.2699966430664,118.38999938964844,117.46817779541016,14505600
2016-06-09,118.12999725341797,118.68000030517578,117.70999908447266,118.55999755859375,117.63684844970703,13859200
2016-06-10,117.54000091552734,118.11000061035156,116.26000213623047,116.62000274658203,115.71195983886719,18510800
2016-06-13,115.0,115.4800033569336,113.30999755859375,113.94999694824219,113.062744140625,31718200
2016-06-14,114.06999969482422,114.94999694824219,113.58000183105469,114.94000244140625,114.04503631591797,17618500
2016-06-15,115.30000305175781,115.44000244140625,114.06999969482422,114.5999984741211,113.70767211914062,19819400
2016-06-16,113.87000274658203,114.5,112.94000244140625,114.38999938964844,113.49931335449219,19236300
2016-06-17,114.41999816894531,114.43000030517578,112.55999755859375,113.0199966430664,112.13998413085938,24644300
2016-06-20,113.7699966430664,114.72000122070312,112.75,113.37000274658203,112.48726654052734,20785400
2016-06-21,114.12000274658203,115.20999908447266,113.97000122070312,114.37999725341797,113.4893798828125,19166300
2016-06-22,114.6500015258789,114.73999786376953,113.61000061035156,113.91000366210938,113.02306365966797,14846300
2016-06-23,114.37000274658203,115.08999633789062,113.54000091552734,115.08000183105469,114.18394470214844,16176900
2016-06-24,111.01000213623047,113.68000030517578,111.0,112.08000183105469,111.20730590820312,40643100
2016-06-27,111.56999969482422,111.56999969482422,108.2300033569336,108.97000122070312,108.12152862548828,36130400
2016-06-28,110.62999725341797,112.75,110.55000305175781,112.69999694824219,111.82246398925781,26813800
2016-06-29,113.37000274658203,114.25,113.04000091552734,114.16000366210938,113.27111053466797,20968300
2016-06-30,114.66999816894531,115.18000030517578,113.66999816894531,114.27999877929688,113.39016723632812,23192700
2016-07-01,114.19999694824219,115.12999725341797,113.80999755859375,114.19000244140625,113.30087280273438,14980000
2016-07-05,113.94000244140625,114.19999694824219,112.97000122070312,114.19999694824219,113.310791015625,14207000
2016-07-06,113.36000061035156,116.79000091552734,112.97000122070312,116.69999694824219,115.79133605957031,24337600
2016-07-07,116.62999725341797,116.97000122070312,115.36000061035156,115.8499984741211,114.94794464111328,16630200
2016-07-08,116.43000030517578,117.5,115.8499984741211,117.23999786376953,116.3271255493164,18142600
2016-07-11,117.70999908447266,118.69999694824219,117.5,117.87000274658203,116.95222473144531,17711600
2016-07-12,118.62999725341797,118.72000122070312,117.56999969482422,117.93000030517578,117.0117416381836,15217700
2016-07-13,118.38999938964844,118.4000015258789,116.68000030517578,116.77999877929688,115.8707046508789,16207700
2016-07-14,117.5,117.63999938964844,116.69999694824219,117.29000091552734,116.3767318725586,14579700
2016-07-15,117.73999786376953,118.27999877929688,116.58000183105469,116.86000061035156,115.95008087158203,16646000
2016-07-18,117.31999969482422,119.61000061035156,116.88999938964844,119.37000274658203,118.44053649902344,20868400
2016-07-19,118.98999786376953,120.8499984741211,118.66000366210938,120.61000061035156,119.6708984375,21541300
2016-07-20,121.25,122.19999694824219,120.55999755859375,121.91999816894531,120.9706802368164,20046500
2016-07-21,121.91999816894531,122.0999984741211,120.25,120.61000061035156,119.6708984375,17801700
2016-07-22,119.9000015258789,121.01000213623047,119.30999755859375,121.0,120.05784606933594,18422400
2016-07-25,121.38999938964844,121.8499984741211,117.77999877929688,121.62999725341797,120.68293762207031,18487400
2016-07-26,122.0,122.06999969482422,120.75,121.22000122070312,120.27613830566406,17612000
2016-07-27,122.41999816894531,125.0,121.51000213623047,123.33999633789062,122.37963104248047,52654200
2016-07-28,127.5199966430664,128.3300018310547,123.62999725341797,125.0,124.02669525146484,78955800
2016-07-29,124.6500015258789,125.83999633789062,123.70999908447266,123.94000244140625,122.97496032714844,35058800
2016-08-01,123.8499984741211,124.58000183105469,122.86000061035156,124.30999755859375,123.34207153320312,25006900
2016-08-02,124.05999755859375,124.80000305175781,122.06999969482422,123.08999633789062,122.1315689086914,23968400
2016-08-03,123.08999633789062,123.91999816894531,122.30999755859375,122.51000213623047,121.55609130859375,18525300
2016-08-04,122.94000244140625,124.79000091552734,122.51000213623047,124.36000061035156,123.39168548583984,21066000
2016-08-05,124.9800033569336,125.83999633789062,124.62000274658203,125.1500015258789,124.175537109375,20184000
2016-08-08,125.25,125.44999694824219,124.55000305175781,125.26000213623047,124.28467559814453,15233900
2016-08-09,125.33999633789062,126.08999633789062,124.52999877929688,125.05999755859375,124.08624267578125,19621000
2016-08-10,125.06999969482422,125.4800033569336,124.54000091552734,124.87999725341797,123.90763854980469,10670100
2016-08-11,125.19999694824219,125.37999725341797,124.75,124.9000015258789,123.92748260498047,11729500
2016-08-12,124.69999694824219,125.0,124.18000030517578,124.87999725341797,123.90763854980469,12159000
2016-08-15,124.91000366210938,124.91999816894531,123.69999694824219,123.9000015258789,122.93527221679688,19295100
2016-08-16,123.5,123.91999816894531,122.77999877929688,123.30000305175781,122.3399429321289,14222400
2016-08-17,123.66000366210938,124.37999725341797,122.8499984741211,124.37000274658203,123.40161895751953,13794200
2016-08-18,124.01000213623047,124.26000213623047,123.63999938964844,123.91000366210938,122.9451904296875,12400800
2016-08-19,123.5999984741211,124.16000366210938,123.27999877929688,123.55999755859375,122.59791564941406,11688300
2016-08-22,123.33000183105469,124.83000183105469,123.11000061035156,124.1500015258789,123.18331909179688,14386400
2016-08-23,124.51000213623047,125.08999633789062,124.25,124.37000274658203,123.40161895751953,13309500
2016-08-24,124.47000122070312,124.69000244140625,123.08999633789062,123.4800033569336,122.51854705810547,12243700
2016-08-25,123.12000274658203,124.37000274658203,123.0999984741211,123.88999938964844,122.92534637451172,10730800
2016-08-26,124.05000305175781,125.19000244140625,123.91000366210938,124.95999908447266,123.98701477050781,17504800
2016-08-29,124.3499984741211,126.7300033569336,124.3499984741211,126.54000091552734,125.5547103881836,15925900
2016-08-30,126.5999984741211,126.5999984741211,125.1500015258789,125.83999633789062,124.86017608642578,17804300
2016-08-31,125.5999984741211,126.22000122070312,125.0999984741211,126.12000274658203,125.13799285888672,14200600
2016-09-01,126.37999725341797,126.62999725341797,125.5999984741211,126.16999816894531,125.1875991821289,13536100
2016-09-02,126.8499984741211,126.86000061035156,126.0,126.51000213623047,125.52494812011719,12118800
2016-09-06,126.66999816894531,129.94000244140625,126.47000122070312,129.72999572753906,128.71987915039062,26278400
2016-09-07,130.0399932861328,131.97999572753906,129.9499969482422,131.0500030517578,130.0295867919922,27990800
2016-09-08,130.9199981689453,131.0800018310547,129.80999755859375,130.27000427246094,129.2556610107422,15676600
2016-09-09,129.7100067138672,129.9499969482422,127.0999984741211,127.0999984741211,126.1103515625,27100700
2016-09-12,125.95999908447266,128.75999450683594,125.75,128.69000244140625,127.68798065185547,21252800
2016-09-13,128.02999877929688,128.35000610351562,126.66000366210938,127.20999908447266,126.21949005126953,18016200
2016-09-14,126.88999938964844,128.8000030517578,126.88999938964844,127.7699966430664,126.775146484375,15691100
2016-09-15,127.9800033569336,129.10000610351562,127.66999816894531,128.35000610351562,127.35062408447266,15077200
2016-09-16,128.1999969482422,129.17999267578125,128.1999969482422,129.07000732421875,128.06503295898438,24119200
2016-09-19,129.91000366210938,129.94000244140625,128.25999450683594,128.64999389648438,127.64828491210938,14958800
2016-09-20,128.64999389648438,129.1699981689453,128.02999877929688,128.63999938964844,127.63835906982422,11083800
2016-09-21,129.1300048828125,130.00999450683594,128.38999938964844,129.94000244140625,128.92823791503906,14068300
2016-09-22,130.5,130.72999572753906,129.55999755859375,130.0800018310547,129.06716918945312,15538300
2016-09-23,127.55999755859375,128.60000610351562,127.30000305175781,127.95999908447266,126.96365356445312,28326300
2016-09-26,127.37000274658203,128.16000366210938,126.80000305175781,127.30999755859375,126.31871795654297,15064900
2016-09-27,127.61000061035156,129.00999450683594,127.43000030517578,128.69000244140625,127.68798065185547,15637100
2016-09-28,129.2100067138672,129.47000122070312,128.39999389648438,129.22999572753906,128.2237548828125,12047600
2016-09-29,129.17999267578125,129.2899932861328,127.55000305175781,128.08999633789062,127.09264373779297,14532200
2016-09-30,128.02999877929688,128.58999633789062,127.44999694824219,128.27000427246094,127.27124786376953,18402900
2016-10-03,128.3800048828125,129.08999633789062,127.80000305175781,128.77000427246094,127.76736450195312,13156900
2016-10-04,129.1699981689453,129.27999877929688,127.55000305175781,128.19000244140625,127.19185638427734,14307500
2016-10-05,128.25,128.8000030517578,127.83000183105469,128.47000122070312,127.46968078613281,12386800
2016-10-06,128.42999267578125,129.05999755859375,128.0800018310547,128.74000549316406,127.7375717163086,11682700
2016-10-07,129.0399932861328,129.25,128.3300018310547,128.99000549316406,127.98563385009766,12804400
2016-10-10,129.67999267578125,130.6999969482422,129.1999969482422,130.24000549316406,129.22592163085938,15138700
2016-10-11,130.22999572753906,130.63999938964844,128.22999572753906,128.8800048828125,127.87650299072266,17537900
2016-10-12,129.00999450683594,129.66000366210938,128.4600067138672,129.0500030517578,128.045166015625,11073000
2016-10-13,128.2100067138672,128.25,126.75,127.81999969482422,126.82474517822266,17139300
2016-10-14,128.49000549316406,128.9499969482422,127.58000183105469,127.87999725341797,126.88426971435547,13345300
2016-10-17,128.1999969482422,128.47000122070312,127.31999969482422,127.54000091552734,126.54693603515625,11351700
2016-10-18,128.67999267578125,129.38999938964844,128.00999450683594,128.57000732421875,127.56889343261719,13504000
2016-10-19,128.74000549316406,130.47000122070312,128.60000610351562,130.11000061035156,129.09690856933594,16752300
2016-10-20,130.07000732421875,130.66000366210938,129.5,130.0,128.98777770996094,13167500
2016-10-21,129.77999877929688,132.1300048828125,129.6999969482422,132.07000732421875,131.04165649414062,19088800
2016-10-24,132.72000122070312,133.41000366210938,132.14999389648438,133.27999877929688,132.2422332763672,17470200
2016-10-25,133.5,133.5,132.22000122070312,132.2899932861328,131.25991821289062,13336800
2016-10-26,131.63999938964844,132.25999450683594,130.94000244140625,131.0399932861328,130.0196533203125,13084700
2016-10-27,131.74000549316406,131.8000030517578,129.27000427246094,129.69000244140625,128.68019104003906,16741400
2016-10-28,130.5,132.97000122070312,129.92999267578125,131.2899932861328,130.26773071289062,24545500
2016-10-31,132.00999450683594,132.1199951171875,130.8800048828125,130.99000549316406,129.97007751464844,15669000
2016-11-01,131.41000366210938,131.94000244140625,128.64999389648438,129.5,128.49166870117188,22077800
2016-11-02,130.22999572753906,130.22999572753906,126.27999877929688,127.16999816894531,126.17981719970703,39640900
2016-11-03,122.0,123.27999877929688,119.5,120.0,119.06563568115234,63766300
2016-11-04,119.58999633789062,121.93000030517578,119.25,120.75,119.8097915649414,30545500
2016-11-07,122.83000183105469,123.20999908447266,121.3499984741211,122.1500015258789,121.19889831542969,23008900
2016-11-08,122.02999877929688,124.61000061035156,121.54000091552734,124.22000122070312,123.25276947021484,19460800
2016-11-09,121.5,123.80999755859375,120.51000213623047,123.18000030517578,122.22087860107422,31916000
2016-11-10,123.93000030517578,124.18000030517578,115.2699966430664,120.80000305175781,119.85940551757812,67846700
2016-11-11,119.52999877929688,120.69999694824219,118.1500015258789,119.0199966430664,118.09325408935547,32840100
2016-11-14,119.12999725341797,119.12999725341797,113.55000305175781,115.08000183105469,114.18394470214844,51377000
2016-11-15,116.7300033569336,118.48999786376953,115.83000183105469,117.19999694824219,116.28742980957031,34681400
2016-11-16,114.4800033569336,117.87999725341797,114.20999908447266,116.33999633789062,115.43412017822266,32397900
2016-11-17,116.80999755859375,117.79000091552734,116.01000213623047,117.79000091552734,116.87284851074219,18597800
2016-11-18,118.38999938964844,119.12999725341797,116.83999633789062,117.0199966430664,116.10882568359375,22879300
2016-11-21,118.19999694824219,121.94999694824219,117.80000305175781,121.7699966430664,120.82184600830078,35415400
2016-11-22,122.4000015258789,122.9800033569336,120.9000015258789,121.47000122070312,120.5241928100586,26089200
2016-11-23,121.2300033569336,121.30999755859375,119.94000244140625,120.83999633789062,119.89908599853516,15672100
2016-11-25,121.01000213623047,121.13999938964844,120.06999969482422,120.37999725341797,119.44267272949219,8658600
2016-11-28,120.12000274658203,121.69000244140625,119.81999969482422,120.41000366210938,119.47244262695312,18101300
2016-11-29,120.56999969482422,122.0999984741211,120.4000015258789,120.87000274658203,119.92886352539062,18891000
2016-11-30,120.31999969482422,121.79000091552734,117.94999694824219,118.41999816894531,117.49791717529297,30188900
2016-12-01,118.37999725341797,118.44999694824219,114.0,115.0999984741211,114.20378112792969,43277000
2016-12-02,115.11000061035156,116.4800033569336,114.30000305175781,115.4000015258789,114.50145721435547,25070400
2016-12-05,115.94999694824219,117.56999969482422,115.06999969482422,117.43000030517578,116.5156478881836,20201500
2016-12-06,117.69000244140625,117.80000305175781,116.33000183105469,117.30999755859375,116.39657592773438,19131200
2016-12-07,117.0,117.94999694824219,116.56999969482422,117.94999694824219,117.03160095214844,21913700
2016-12-08,117.9800033569336,119.5,117.63999938964844,118.91000366210938,117.98412322998047,22442800
2016-12-09,119.22000122070312,119.94000244140625,118.94999694824219,119.68000030517578,118.74813842773438,17464700
2016-12-12,119.22000122070312,119.23999786376953,117.6500015258789,117.7699966430664,116.85299682617188,17805500
2016-12-13,117.86000061035156,121.5199966430664,117.61000061035156,120.30999755859375,119.37320709228516,29768000
2016-12-14,120.0,121.69000244140625,118.8499984741211,120.20999908447266,119.27400207519531,25913100
2016-12-15,120.08000183105469,122.5,119.62999725341797,120.56999969482422,119.6312026977539,20139600
2016-12-16,120.9000015258789,121.5,119.2699966430664,119.87000274658203,118.93665313720703,25324300
2016-12-19,119.8499984741211,120.36000061035156,118.51000213623047,119.23999786376953,118.31155395507812,15918100
2016-12-20,119.5,119.7699966430664,118.80000305175781,119.08999633789062,118.16272735595703,13684400
2016-12-21,118.91999816894531,119.19999694824219,118.4800033569336,119.04000091552734,118.11310577392578,10767600
2016-12-22,118.86000061035156,118.98999786376953,116.93000030517578,117.4000015258789,116.48587799072266,16258600
2016-12-23,117.0,117.55999755859375,116.30000305175781,117.2699966430664,116.35688781738281,10890000
2016-12-27,116.95999908447266,118.68000030517578,116.86000061035156,118.01000213623047,117.09113311767578,12051500
2016-12-28,118.19000244140625,118.25,116.6500015258789,116.91999816894531,116.00961303710938,12087400
2016-12-29,117.0,117.52999877929688,116.05999755859375,116.3499984741211,115.44405364990234,9934900
2016-12-30,116.5999984741211,116.83000183105469,114.7699966430664,115.05000305175781,114.1541748046875,18684100
2017-01-03,116.02999877929688,117.83999633789062,115.51000213623047,116.86000061035156,115.95008087158203,20663900
2017-01-04,117.55000305175781,119.66000366210938,117.29000091552734,118.69000244140625,117.76583862304688,19630900
2017-01-05,118.86000061035156,120.94999694824219,118.31999969482422,120.66999816894531,119.73040771484375,19492200
2017-01-06,120.9800033569336,123.87999725341797,120.02999877929688,123.41000366210938,122.44908905029297,28545300
2017-01-09,123.55000305175781,125.43000030517578,123.04000091552734,124.9000015258789,123.92748260498047,22880400
2017-01-10,124.81999969482422,125.5,124.27999877929688,124.3499984741211,123.38175964355469,17324600
2017-01-11,124.3499984741211,126.12000274658203,124.05999755859375,126.08999633789062,125.10822296142578,18356500
2017-01-12,125.61000061035156,126.7300033569336,124.80000305175781,126.62000274658203,125.63410186767578,18653900
2017-01-13,127.48999786376953,129.27000427246094,127.37000274658203,128.33999633789062,127.34069061279297,24884300
2017-01-17,128.0399932861328,128.33999633789062,127.4000015258789,127.87000274658203,126.87435150146484,15294500
2017-01-18,128.41000366210938,128.42999267578125,126.83999633789062,127.91999816894531,126.92396545410156,13145900
2017-01-19,128.22999572753906,128.35000610351562,127.44999694824219,127.55000305175781,126.55684661865234,12195500
2017-01-20,128.10000610351562,128.47999572753906,126.77999877929688,127.04000091552734,126.05081939697266,19097200
2017-01-23,127.30999755859375,129.25,126.94999694824219,128.92999267578125,127.92609405517578,16593600
2017-01-24,129.3800048828125,129.89999389648438,128.3800048828125,129.3699951171875,128.3626708984375,15162700
2017-01-25,130.0,131.74000549316406,129.77000427246094,131.47999572753906,130.45623779296875,18731300
2017-01-26,131.6300048828125,133.13999938964844,131.44000244140625,132.77999877929688,131.74612426757812,20020100
2017-01-27,132.67999267578125,132.9499969482422,131.0800018310547,132.17999267578125,131.15078735351562,19539500
2017-01-30,131.5800018310547,131.5800018310547,129.60000610351562,130.97999572753906,129.9601287841797,18956100
2017-01-31,130.1699981689453,130.66000366210938,129.52000427246094,130.32000732421875,129.30528259277344,19790500
2017-02-01,132.25,133.49000549316406,130.67999267578125,133.22999572753906,132.19261169433594,50139800
2017-02-02,133.22000122070312,135.49000549316406,130.39999389648438,130.83999633789062,129.82122802734375,54366400
2017-02-03,131.24000549316406,132.85000610351562,130.75999450683594,130.97999572753906,129.9601287841797,24804900
2017-02-06,130.97999572753906,132.05999755859375,130.3000030517578,132.05999755859375,131.03173828125,17058500
2017-02-07,132.24000549316406,133.0,131.66000366210938,131.83999633789062,130.81344604492188,14596400
2017-02-08,132.60000610351562,134.44000244140625,132.44000244140625,134.1999969482422,133.15509033203125,22390600
2017-02-09,134.49000549316406,134.5,133.30999755859375,134.13999938964844,133.0955352783203,16470600
2017-02-10,134.10000610351562,134.94000244140625,133.67999267578125,134.19000244140625,133.1451416015625,15061900
2017-02-13,134.6999969482422,134.6999969482422,133.6999969482422,134.0500030517578,133.00624084472656,13526200
2017-02-14,134.10000610351562,134.22999572753906,132.5500030517578,133.85000610351562,132.80780029296875,14364900
2017-02-15,133.4499969482422,133.6999969482422,132.66000366210938,133.44000244140625,132.40098571777344,13226500
2017-02-16,133.07000732421875,133.8699951171875,133.02000427246094,133.83999633789062,132.79786682128906,12831100
2017-02-17,133.5,134.08999633789062,133.1699981689453,133.52999877929688,132.49026489257812,12276500
2017-02-21,133.5,133.91000366210938,132.89999389648438,133.72000122070312,132.67881774902344,14759100
2017-02-22,133.60000610351562,136.7899932861328,133.4600067138672,136.1199951171875,135.0601043701172,27360100
2017-02-23,135.88999938964844,136.1199951171875,134.3300018310547,135.36000061035156,134.30604553222656,18422500
2017-02-24,134.16000366210938,135.6199951171875,134.16000366210938,135.44000244140625,134.38543701171875,12625700
2017-02-27,135.25999450683594,137.17999267578125,135.02000427246094,136.41000366210938,135.34788513183594,14306700
2017-02-28,136.7899932861328,136.80999755859375,134.75,135.5399932861328,134.48463439941406,16112100
2017-03-01,136.47000122070312,137.47999572753906,136.3000030517578,137.4199981689453,136.3499755859375,16257000
2017-03-02,137.08999633789062,137.82000732421875,136.30999755859375,136.75999450683594,135.6951141357422,12294800
2017-03-03,136.6300048828125,137.3300018310547,136.0800018310547,137.1699981689453,136.10194396972656,11160600
2017-03-06,136.8800048828125,137.8300018310547,136.50999450683594,137.4199981689453,136.3499755859375,12748200
2017-03-07,137.02999877929688,138.3699951171875,136.99000549316406,137.3000030517578,136.23092651367188,13527100
2017-03-08,137.14999389648438,137.99000549316406,137.0500030517578,137.72000122070312,136.6476593017578,10184500
2017-03-09,137.72000122070312,138.57000732421875,137.39999389648438,138.24000549316406,137.16358947753906,15535300
2017-03-10,138.91000366210938,139.49000549316406,138.22000122070312,138.7899932861328,137.70932006835938,16314100
2017-03-13,138.7100067138672,139.67999267578125,138.6699981689453,139.60000610351562,138.51303100585938,10955500
2017-03-14,139.4600067138672,139.4600067138672,138.52000427246094,139.32000732421875,138.23519897460938,12944000
2017-03-15,139.2899932861328,140.10000610351562,138.49000549316406,139.72000122070312,138.63209533691406,19344800
2017-03-16,140.1999969482422,140.25,139.72999572753906,139.99000549316406,138.8999786376953,13612900
2017-03-17,140.33999633789062,140.33999633789062,139.6999969482422,139.83999633789062,138.7511444091797,20592800
2017-03-20,139.7100067138672,140.19000244140625,139.25,139.94000244140625,138.85037231445312,12099500
2017-03-21,141.14999389648438,142.30999755859375,138.39999389648438,138.50999450683594,137.43150329589844,29894800
2017-03-22,137.92999267578125,139.7899932861328,137.60000610351562,139.58999633789062,138.5030975341797,17055400
2017-03-23,139.47999572753906,140.38999938964844,139.08999633789062,139.52999877929688,138.44358825683594,13022800
2017-03-24,140.0800018310547,141.02000427246094,139.75999450683594,140.33999633789062,139.2472686767578,16664700
2017-03-27,139.0500030517578,140.64999389648438,138.77000427246094,140.32000732421875,139.22744750976562,12800500
2017-03-28,140.36000061035156,141.9499969482422,140.00999450683594,141.75999450683594,140.6562042236328,14679400
2017-03-29,141.99000549316406,142.86000061035156,141.42999267578125,142.64999389648438,141.53927612304688,16527600
2017-03-30,142.39999389648438,142.9499969482422,141.85000610351562,142.41000366210938,141.30116271972656,12404000
2017-03-31,142.30999755859375,142.6300048828125,141.88999938964844,142.0500030517578,140.94395446777344,11478300
2017-04-03,141.92999267578125,142.47000122070312,140.82000732421875,142.27999877929688,141.17214965820312,13564000
2017-04-04,141.86000061035156,142.08999633789062,141.27000427246094,141.72999572753906,140.62644958496094,12948600
2017-04-05,142.25999450683594,143.44000244140625,141.2899932861328,141.85000610351562,140.7455291748047,17158100
2017-04-06,142.11000061035156,142.22000122070312,140.91000366210938,141.1699981689453,140.07078552246094,15103400
2017-04-07,141.1999969482422,141.5500030517578,140.24000549316406,140.77999877929688,139.68382263183594,11818300
2017-04-10,141.0,141.42999267578125,140.6300048828125,141.0399932861328,139.94178771972656,9039400
2017-04-11,140.8000030517578,141.02999877929688,138.80999755859375,139.9199981689453,138.83053588867188,16638100
2017-04-12,139.72000122070312,140.39999389648438,139.44000244140625,139.5800018310547,138.49317932128906,11612500
2017-04-13,139.6199951171875,140.5800018310547,139.3300018310547,139.38999938964844,138.30465698242188,10965600
2017-04-17,139.75999450683594,141.5500030517578,139.75,141.4199981689453,140.31886291503906,11519700
2017-04-18,141.27000427246094,141.91000366210938,140.61000061035156,140.9600067138672,139.86244201660156,14807500
2017-04-19,141.35000610351562,143.0399932861328,141.27000427246094,142.27000427246094,141.16224670410156,15563900
2017-04-20,142.9499969482422,144.25,142.69000244140625,143.8000030517578,142.68031311035156,15968200
2017-04-21,143.89999389648438,144.1699981689453,142.27000427246094,143.67999267578125,142.56124877929688,12382000
2017-04-24,144.9600067138672,145.6699981689453,144.33999633789062,145.47000122070312,144.33731079101562,14407200
2017-04-25,145.7899932861328,147.14999389648438,145.7899932861328,146.49000549316406,145.34939575195312,17767500
2017-04-26,147.08999633789062,147.58999633789062,146.08999633789062,146.55999755859375,145.4188232421875,12395000
2017-04-27,146.6699981689453,147.75,146.13999938964844,147.6999969482422,146.54995727539062,11275100
2017-04-28,149.5,151.52999877929688,149.07000732421875,150.25,149.08010864257812,30652200
2017-05-01,151.74000549316406,152.57000732421875,151.4199981689453,152.4600067138672,151.2729034423828,25218300
2017-05-02,153.33999633789062,153.44000244140625,151.66000366210938,152.77999877929688,151.5904083251953,21870400
2017-05-03,153.60000610351562,153.60000610351562,151.33999633789062,151.8000030517578,150.61802673339844,29782500
2017-05-04,150.1699981689453,151.52000427246094,148.72000122070312,150.85000610351562,149.67543029785156,36225500
2017-05-05,151.4499969482422,151.6300048828125,149.7899932861328,150.24000549316406,149.07017517089844,17148500
2017-05-08,150.7100067138672,151.0800018310547,149.74000549316406,151.05999755859375,149.88380432128906,15827500
2017-05-09,151.49000549316406,152.58999633789062,150.2100067138672,150.47999572753906,149.3083038330078,17453900
2017-05-10,150.22999572753906,150.52000427246094,148.86000061035156,150.2899932861328,149.1197967529297,12080700
2017-05-11,150.30999755859375,150.64999389648438,149.41000366210938,150.0399932861328,148.87173461914062,11841900
2017-05-12,150.39999389648438,150.4600067138672,149.6300048828125,150.3300018310547,149.15948486328125,9598200
2017-05-15,150.1699981689453,151.47999572753906,149.77000427246094,150.19000244140625,149.0205535888672,15064700
2017-05-16,150.11000061035156,150.2100067138672,149.02999877929688,149.77999877929688,148.61375427246094,14550800
2017-05-17,148.0,148.6699981689453,144.4199981689453,144.85000610351562,143.72216796875,28300100
2017-05-18,144.72000122070312,148.14999389648438,144.50999450683594,147.66000366210938,146.51026916503906,23031600
2017-05-19,148.4499969482422,149.38999938964844,147.9600067138672,148.05999755859375,146.9071502685547,16187900
2017-05-22,148.0800018310547,148.58999633789062,147.69000244140625,148.24000549316406,147.0857391357422,12586700
2017-05-23,148.52000427246094,148.80999755859375,147.25,148.07000732421875,146.91705322265625,12817800
2017-05-24,148.50999450683594,150.22999572753906,148.4199981689453,150.0399932861328,148.87173461914062,17862400
2017-05-25,150.3000030517578,152.58999633789062,149.9499969482422,151.9600067138672,150.7768096923828,19891400
2017-05-26,152.22999572753906,152.25,151.14999389648438,152.1300048828125,150.9454803466797,14996200
2017-05-30,151.97000122070312,152.89999389648438,151.63999938964844,152.3800048828125,151.19349670410156,13226000
2017-05-31,152.6999969482422,153.35000610351562,151.08999633789062,151.4600067138672,150.28067016601562,18023900
2017-06-01,151.75,152.2899932861328,150.3000030517578,151.52999877929688,150.3501434326172,14530600
2017-06-02,151.85000610351562,153.6300048828125,151.3000030517578,153.61000061035156,152.41395568847656,16854400
2017-06-05,153.63999938964844,154.7100067138672,153.41000366210938,153.6300048828125,152.43377685546875,12520400
2017-06-06,153.41000366210938,154.52000427246094,152.47999572753906,152.80999755859375,151.62013244628906,13457100
2017-06-07,153.27000427246094,153.75,152.33999633789062,153.1199951171875,151.92776489257812,12066700
2017-06-08,154.0800018310547,154.72999572753906,153.10000610351562,154.7100067138672,153.50537109375,17799400
2017-06-09,154.77000427246094,155.58999633789062,146.61000061035156,149.60000610351562,148.4351348876953,35577700
2017-06-12,148.1699981689453,149.1999969482422,144.55999755859375,148.44000244140625,147.2841796875,33170200
2017-06-13,150.14999389648438,151.17999267578125,148.89999389648438,150.67999267578125,149.50674438476562,20483400
2017-06-14,151.25999450683594,152.39999389648438,149.0500030517578,150.25,149.08010864257812,20808800
2017-06-15,147.6699981689453,150.0399932861328,146.3699951171875,149.8000030517578,148.63360595703125,18994200
2017-06-16,149.58999633789062,150.8300018310547,148.60000610351562,150.63999938964844,149.46707153320312,22882400
2017-06-19,151.7100067138672,153.57000732421875,151.7100067138672,152.8699951171875,151.67970275878906,19026500
2017-06-20,152.8800048828125,153.83999633789062,152.2100067138672,152.25,151.06451416015625,14743900
2017-06-21,152.36000061035156,154.0800018310547,151.8800048828125,153.91000366210938,152.7115936279297,15039800
2017-06-22,153.00999450683594,154.5500030517578,152.91000366210938,153.39999389648438,152.20555114746094,13005500
2017-06-23,152.72000122070312,155.1999969482422,152.64999389648438,155.07000732421875,153.86256408691406,18027000
2017-06-26,156.25,156.5,153.1999969482422,153.58999633789062,152.3940887451172,18049700
2017-06-27,152.83999633789062,153.30999755859375,150.38999938964844,150.5800018310547,149.40753173828125,19360800
2017-06-28,150.9199981689453,153.47000122070312,149.86000061035156,153.24000549316406,152.0468292236328,16719100
2017-06-29,152.27999877929688,152.5,148.9199981689453,151.0399932861328,149.86395263671875,23973500
2017-06-30,151.89999389648438,151.9199981689453,150.05999755859375,150.97999572753906,149.80441284179688,17666000
2017-07-03,151.72000122070312,152.14999389648438,147.8000030517578,148.42999267578125,147.27426147460938,13862700
2017-07-05,149.0,150.85000610351562,148.1300048828125,150.33999633789062,149.1693878173828,14334300
2017-07-06,149.02999877929688,150.0399932861328,148.0,148.82000732421875,147.6612548828125,14951800
2017-07-07,149.25,151.99000549316406,149.19000244140625,151.44000244140625,150.2608184814453,13615900
2017-07-10,151.69000244140625,153.97999572753906,151.50999450683594,153.5,152.30479431152344,13378700
2017-07-11,153.3699951171875,155.4199981689453,152.91000366210938,155.27000427246094,154.0609893798828,13667700
2017-07-12,156.49000549316406,159.16000366210938,156.1999969482422,158.89999389648438,157.66273498535156,22739400
2017-07-13,158.74000549316406,159.77999877929688,158.4199981689453,159.25999450683594,158.01992797851562,13929200
2017-07-14,160.1300048828125,160.32000732421875,159.3300018310547,159.97000122070312,158.7244110107422,16371200
2017-07-17,160.25,160.77999877929688,158.80999755859375,159.72999572753906,158.48626708984375,12858800
2017-07-18,159.66000366210938,163.72999572753906,159.4199981689453,162.86000061035156,161.5919189453125,23722900
2017-07-19,163.58999633789062,165.6999969482422,163.1699981689453,164.13999938964844,162.86195373535156,26273600
2017-07-20,164.8000030517578,165.0,162.80999755859375,164.52999877929688,163.24888610839844,18523100
2017-07-21,164.16000366210938,165.0500030517578,163.75,164.42999267578125,163.14968872070312,14744000
2017-07-24,164.63999938964844,166.1699981689453,164.30999755859375,166.0,164.7074737548828,17367000
2017-07-25,165.00999450683594,165.5399932861328,163.86000061035156,165.27999877929688,163.9930877685547,15383200
2017-07-26,166.00999450683594,166.00999450683594,164.10000610351562,165.61000061035156,164.3205108642578,35236900
2017-07-27,174.6999969482422,175.49000549316406,167.5,170.44000244140625,169.11288452148438,68910700
2017-07-28,169.07000732421875,173.42999267578125,169.0500030517578,172.4499969482422,171.10723876953125,24557600
2017-07-31,172.0,172.72000122070312,168.5500030517578,169.25,167.9321746826172,25478900
2017-08-01,169.82000732421875,170.47000122070312,169.0500030517578,169.86000061035156,168.53738403320312,14385000
2017-08-02,170.3000030517578,170.5500030517578,166.91000366210938,169.3000030517578,167.98178100585938,17433800
2017-08-03,169.3000030517578,169.6999969482422,168.25,168.58999633789062,167.2772674560547,10793800
2017-08-04,168.97000122070312,170.05999755859375,168.69000244140625,169.6199951171875,168.2992706298828,10777700
2017-08-07,169.9499969482422,172.05999755859375,169.66000366210938,171.97999572753906,170.640869140625,12787800
2017-08-08,171.8800048828125,173.0500030517578,170.6199951171875,171.22999572753906,169.896728515625,14393500
2017-08-09,169.97999572753906,171.4499969482422,169.55999755859375,171.17999267578125,169.84710693359375,10815000
2017-08-10,170.05999755859375,170.58999633789062,166.85000610351562,167.39999389648438,166.09654235839844,20832700
2017-08-11,167.9499969482422,168.82000732421875,166.85000610351562,168.0800018310547,166.77125549316406,13791200
2017-08-14,170.08999633789062,171.0800018310547,169.2899932861328,170.75,169.42047119140625,12954200
2017-08-15,171.49000549316406,171.5,170.00999450683594,171.0,169.6685333251953,8729200
2017-08-16,171.25,171.3800048828125,169.24000549316406,170.0,168.67630004882812,15779900
2017-08-17,169.33999633789062,169.86000061035156,166.85000610351562,166.91000366210938,165.61038208007812,17216000
2017-08-18,166.83999633789062,168.6699981689453,166.2100067138672,167.41000366210938,166.10650634765625,15093600
2017-08-21,167.16000366210938,168.0,165.82000732421875,167.77999877929688,166.47360229492188,11907500
2017-08-22,168.27999877929688,169.8699951171875,167.14999389648438,169.63999938964844,168.31912231445312,11391000
2017-08-23,168.83999633789062,169.36000061035156,168.1999969482422,168.7100067138672,167.39639282226562,9856500
2017-08-24,168.8800048828125,169.2899932861328,166.41000366210938,167.74000549316406,166.4338836669922,14030400
2017-08-25,167.86000061035156,168.3800048828125,166.17999267578125,166.32000732421875,165.02499389648438,12614500
2017-08-28,166.91000366210938,167.6999969482422,166.3300018310547,167.24000549316406,165.93783569335938,8553700
2017-08-29,165.25,168.42999267578125,165.0,168.0500030517578,166.7415008544922,11121000
2017-08-30,168.1699981689453,170.17999267578125,167.6300048828125,169.9199981689453,168.59690856933594,11138300
2017-08-31,170.39999389648438,172.14999389648438,170.05999755859375,171.97000122070312,170.6309814453125,17226500
2017-09-01,172.39999389648438,172.9199981689453,171.30999755859375,172.02000427246094,170.6805877685547,11677600
2017-09-05,171.27000427246094,172.38999938964844,169.5500030517578,170.72000122070312,169.39073181152344,13210900
2017-09-06,170.91000366210938,172.47999572753906,169.57000732421875,172.08999633789062,170.75003051757812,13906300
2017-09-07,171.94000244140625,173.30999755859375,170.27000427246094,173.2100067138672,171.86134338378906,18049500
2017-09-08,173.08999633789062,173.49000549316406,170.8000030517578,170.9499969482422,169.618896484375,10998500
2017-09-11,172.39999389648438,173.88999938964844,172.1999969482422,173.50999450683594,172.1589813232422,12372000
2017-09-12,173.75999450683594,174.0,171.75,172.9600067138672,171.61326599121094,11186300
2017-09-13,173.00999450683594,173.1699981689453,172.05999755859375,173.0500030517578,171.7025604248047,9119300
2017-09-14,172.25999450683594,172.27999877929688,170.5,170.9600067138672,169.62884521484375,15615700
2017-09-15,170.8800048828125,172.33999633789062,170.25999450683594,171.63999938964844,170.30352783203125,15660500
2017-09-18,171.99000549316406,172.07000732421875,169.33999633789062,170.00999450683594,168.6862335205078,12954000
2017-09-19,170.6199951171875,172.55999755859375,170.36000061035156,172.52000427246094,171.17669677734375,13168600
2017-09-20,172.5,173.0500030517578,170.6999969482422,172.1699981689453,170.8294219970703,12264100
2017-09-21,171.69000244140625,172.27000427246094,170.00999450683594,171.11000061035156,169.7776641845703,11161400
2017-09-22,170.2100067138672,171.72999572753906,169.22000122070312,170.5399932861328,169.21209716796875,12097100
2017-09-25,169.24000549316406,169.3000030517578,161.55999755859375,162.8699951171875,161.60182189941406,41251600
2017-09-26,164.5,165.5,162.77999877929688,164.2100067138672,162.93141174316406,23363300
2017-09-27,165.89999389648438,168.33999633789062,165.57000732421875,167.67999267578125,166.3743438720703,19242500
2017-09-28,167.94000244140625,169.07000732421875,167.16000366210938,168.72999572753906,167.4162139892578,12178700
2017-09-29,168.8300018310547,171.66000366210938,168.80999755859375,170.8699951171875,169.53953552246094,15340400
2017-10-02,171.38999938964844,171.8699951171875,168.75,169.47000122070312,168.1504364013672,13392300
2017-10-03,169.3000030517578,170.72999572753906,169.1999969482422,169.9600067138672,168.63662719726562,8190300
2017-10-04,169.8300018310547,170.6699981689453,168.2899932861328,168.4199981689453,167.10861206054688,12127900
2017-10-05,169.17999267578125,171.30999755859375,168.60000610351562,171.24000549316406,169.90667724609375,14580600
2017-10-06,170.25,172.3699951171875,169.75,172.22999572753906,170.88893127441406,13124500
2017-10-09,172.6999969482422,174.8800048828125,172.0,172.5,171.15682983398438,14570400
2017-10-10,173.0,173.1999969482422,170.8000030517578,171.58999633789062,170.25392150878906,11341100
2017-10-11,171.9499969482422,172.77999877929688,171.39999389648438,172.74000549316406,171.39498901367188,11283700
2017-10-12,172.61000061035156,173.85000610351562,172.2899932861328,172.5500030517578,171.2064666748047,10351000
2017-10-13,173.4499969482422,174.64999389648438,173.1999969482422,173.74000549316406,172.38720703125,13658300
2017-10-16,174.49000549316406,175.0,174.05999755859375,174.52000427246094,173.1611328125,11498800
2017-10-17,174.7100067138672,176.1300048828125,174.36000061035156,176.11000061035156,174.73875427246094,15990100
2017-10-18,176.64999389648438,176.74000549316406,175.75,176.02999877929688,174.6593780517578,12752400
2017-10-19,174.92999267578125,176.02999877929688,172.6300048828125,174.55999755859375,173.20082092285156,14048400
2017-10-20,175.5,175.8800048828125,174.6300048828125,174.97999572753906,173.6175537109375,12602200
2017-10-23,175.1999969482422,175.33999633789062,171.25,171.27000427246094,169.93641662597656,13852700
2017-10-24,172.3000030517578,173.24000549316406,171.5,171.8000030517578,170.4622802734375,12267900
2017-10-25,171.89999389648438,172.25,168.88999938964844,170.60000610351562,169.27162170410156,15868200
2017-10-26,171.3800048828125,172.2899932861328,170.38999938964844,170.6300048828125,169.30140686035156,11833100
2017-10-27,174.14999389648438,178.2100067138672,173.89999389648438,177.8800048828125,176.4949493408203,30285300
2017-10-30,179.25999450683594,180.69000244140625,177.61000061035156,179.8699951171875,178.469482421875,24353200
2017-10-31,180.57000732421875,180.8000030517578,178.94000244140625,180.05999755859375,178.65797424316406,20174200
2017-11-01,182.36000061035156,182.89999389648438,180.57000732421875,182.66000366210938,181.23776245117188,40918300
2017-11-02,180.6300048828125,181.94000244140625,177.33999633789062,178.9199981689453,177.52684020996094,35529900
2017-11-03,179.2899932861328,179.86000061035156,176.7100067138672,178.9199981689453,177.52684020996094,17822100
2017-11-06,178.55999755859375,180.4499969482422,178.30999755859375,180.1699981689453,178.7671356201172,13312700
2017-11-07,180.5,180.75,178.9600067138672,180.25,178.84652709960938,12928200
2017-11-08,179.7899932861328,180.35000610351562,179.11000061035156,179.55999755859375,178.16188049316406,10494100
2017-11-09,178.30999755859375,179.39999389648438,177.08999633789062,179.3000030517578,177.90391540527344,12610300
2017-11-10,178.35000610351562,179.10000610351562,177.9600067138672,178.4600067138672,177.07044982910156,11070200
2017-11-13,177.5,179.0399932861328,177.3000030517578,178.77000427246094,177.37806701660156,9523400
2017-11-14,178.1300048828125,178.97000122070312,177.17999267578125,178.07000732421875,176.68350219726562,9585900
2017-11-15,176.66000366210938,178.57000732421875,176.39999389648438,177.9499969482422,176.56443786621094,10253700
2017-11-16,178.75999450683594,179.8300018310547,178.5,179.58999633789062,178.191650390625,15607600
2017-11-17,179.3000030517578,179.97999572753906,178.89999389648438,179.0,177.60626220703125,13018000
2017-11-20,178.8699951171875,179.5,178.10000610351562,178.74000549316406,177.34828186035156,10052400
2017-11-21,179.14999389648438,181.88999938964844,178.99000549316406,181.86000061035156,180.4439697265625,14504000
2017-11-22,181.3000030517578,181.72999572753906,180.44000244140625,180.8699951171875,179.46170043945312,10376300
2017-11-24,180.39999389648438,183.14999389648438,180.2899932861328,182.77999877929688,181.35678100585938,9426300
2017-11-27,182.55999755859375,183.72999572753906,181.99000549316406,183.02999877929688,181.6048583984375,12344500
2017-11-28,183.50999450683594,184.25,182.08999633789062,182.4199981689453,180.9995880126953,14379700
2017-11-29,181.88999938964844,181.97000122070312,174.0,175.1300048828125,173.76638793945312,41933500
2017-11-30,176.85000610351562,178.27999877929688,175.1999969482422,177.17999267578125,175.80043029785156,25307600
2017-12-01,176.02999877929688,177.47999572753906,172.33999633789062,175.10000610351562,173.73658752441406,20182500
2017-12-04,176.2899932861328,176.57000732421875,170.7899932861328,171.47000122070312,170.1348876953125,24459400
2017-12-05,170.4499969482422,175.3800048828125,169.00999450683594,172.8300018310547,171.48428344726562,20184900
2017-12-06,172.5,176.77000427246094,171.89999389648438,176.05999755859375,174.6891326904297,20255800
2017-12-07,175.8000030517578,180.38999938964844,175.8000030517578,180.13999938964844,178.73733520507812,20404500
2017-12-08,181.52999877929688,182.27999877929688,178.74000549316406,179.0,177.60626220703125,19883800
2017-12-11,179.3000030517578,180.22000122070312,178.8000030517578,179.0399932861328,177.64590454101562,13168600
2017-12-12,178.60000610351562,179.17999267578125,176.60000610351562,176.9600067138672,175.58212280273438,16854100
2017-12-13,177.3000030517578,179.16000366210938,177.25,178.3000030517578,176.91168212890625,14615700
2017-12-14,178.2899932861328,180.36000061035156,177.67999267578125,178.38999938964844,177.00099182128906,13591000
2017-12-15,179.02000427246094,180.49000549316406,178.36000061035156,180.17999267578125,178.77703857421875,28463100
2017-12-18,181.00999450683594,181.3000030517578,179.75,180.82000732421875,179.41209411621094,17265400
2017-12-19,179.9499969482422,180.0800018310547,178.22000122070312,179.50999450683594,178.11228942871094,14920600
2017-12-20,179.80999755859375,179.80999755859375,177.36000061035156,177.88999938964844,176.50489807128906,11860500
2017-12-21,177.94000244140625,178.67999267578125,177.0500030517578,177.4499969482422,176.06829833984375,11600700
2017-12-22,177.13999938964844,177.52999877929688,176.22999572753906,177.1999969482422,175.82020568847656,8509500
2017-12-26,176.6300048828125,177.0,174.6699981689453,175.99000549316406,174.61968994140625,8897300
2017-12-27,176.5500030517578,178.44000244140625,176.25999450683594,177.6199951171875,176.23696899414062,9496100
2017-12-28,177.9499969482422,178.94000244140625,177.67999267578125,177.9199981689453,176.53463745117188,12220800
2017-12-29,178.0,178.85000610351562,176.4600067138672,176.4600067138672,175.0860137939453,10261500
2018-01-02,177.67999267578125,181.5800018310547,177.5500030517578,181.4199981689453,180.00741577148438,18151900
2018-01-03,181.8800048828125,184.77999877929688,181.3300018310547,184.6699981689453,183.23208618164062,16886600
2018-01-04,184.89999389648438,186.2100067138672,184.10000610351562,184.3300018310547,182.89476013183594,13880900
2018-01-05,185.58999633789062,186.89999389648438,184.92999267578125,186.85000610351562,185.39512634277344,13574500
2018-01-08,187.1999969482422,188.89999389648438,186.3300018310547,188.27999877929688,186.81398010253906,17994700
2018-01-09,188.6999969482422,188.8000030517578,187.10000610351562,187.8699951171875,186.4071502685547,12393100
2018-01-10,186.94000244140625,187.88999938964844,185.6300048828125,187.83999633789062,186.37742614746094,10529900
2018-01-11,188.39999389648438,188.39999389648438,187.3800048828125,187.77000427246094,186.30796813964844,9588600
2018-01-12,178.05999755859375,181.47999572753906,177.39999389648438,179.3699951171875,177.97335815429688,77551300
2018-01-16,181.5,181.75,178.0399932861328,178.38999938964844,177.00099182128906,36183800
2018-01-17,179.25999450683594,179.32000732421875,175.8000030517578,177.60000610351562,176.2171173095703,27992400
2018-01-18,178.1300048828125,180.97999572753906,177.0800018310547,179.8000030517578,178.40000915527344,23304900
2018-01-19,180.85000610351562,182.3699951171875,180.1699981689453,181.2899932861328,179.87841796875,26826500
2018-01-22,180.8000030517578,185.38999938964844,180.41000366210938,185.3699951171875,183.92662048339844,21059500
2018-01-23,186.0500030517578,189.5500030517578,185.5500030517578,189.35000610351562,187.87564086914062,25678800
2018-01-24,189.88999938964844,190.66000366210938,186.52000427246094,186.5500030517578,185.09744262695312,24334500
2018-01-25,187.9499969482422,188.6199951171875,186.60000610351562,187.47999572753906,186.0202178955078,17377700
2018-01-26,187.75,190.0,186.80999755859375,190.0,188.52061462402344,17759200
2018-01-29,188.75,188.83999633789062,185.6300048828125,185.97999572753906,184.53189086914062,20453200
2018-01-30,187.6199951171875,188.17999267578125,181.83999633789062,187.1199951171875,185.6630096435547,20858600
2018-01-31,188.3699951171875,189.8300018310547,185.22000122070312,186.88999938964844,185.43478393554688,43275100
2018-02-01,188.22000122070312,195.32000732421875,187.88999938964844,193.08999633789062,191.58651733398438,54211300
2018-02-02,192.0399932861328,194.2100067138672,189.97999572753906,190.27999877929688,188.79840087890625,26677500
2018-02-05,186.92999267578125,190.61000061035156,180.61000061035156,181.25999450683594,179.84864807128906,33128200
2018-02-06,178.57000732421875,185.77000427246094,177.74000549316406,185.30999755859375,183.86712646484375,37758500
2018-02-07,184.14999389648438,185.0800018310547,179.9499969482422,180.17999267578125,178.77703857421875,27601900
2018-02-08,181.00999450683594,181.83999633789062,171.47999572753906,171.5800018310547,170.2440185546875,38478300
2018-02-09,174.75999450683594,176.89999389648438,167.17999267578125,176.11000061035156,174.73875427246094,39887600
2018-02-12,177.05999755859375,177.5500030517578,171.83999633789062,176.41000366210938,175.03640747070312,32092100
2018-02-13,175.6199951171875,175.97000122070312,173.10000610351562,173.14999389648438,171.80177307128906,21809400
2018-02-14,173.4499969482422,179.80999755859375,173.2100067138672,179.52000427246094,178.12217712402344,28929700
2018-02-15,180.5,180.5,176.83999633789062,179.9600067138672,178.5587921142578,20922100
2018-02-16,178.99000549316406,179.8800048828125,176.3000030517578,177.36000061035156,175.97898864746094,20645300
2018-02-20,175.77000427246094,177.9499969482422,175.11000061035156,176.00999450683594,174.63951110839844,21204900
2018-02-21,176.7100067138672,181.27000427246094,176.39999389648438,177.91000366210938,176.5247344970703,23200800
2018-02-22,178.6999969482422,180.2100067138672,177.41000366210938,178.99000549316406,177.5963134765625,18464200
2018-02-23,179.89999389648438,183.38999938964844,179.50999450683594,183.2899932861328,181.86280822753906,19007300
2018-02-26,184.5800018310547,185.66000366210938,183.22000122070312,184.92999267578125,183.4900360107422,17599700
2018-02-27,184.4499969482422,184.6999969482422,181.4600067138672,181.4600067138672,180.04710388183594,15849800
2018-02-28,182.3000030517578,182.8800048828125,178.13999938964844,178.32000732421875,176.93154907226562,18783000
2018-03-01,179.00999450683594,180.1199951171875,174.41000366210938,175.94000244140625,174.57008361816406,23201600
2018-03-02,173.2899932861328,177.11000061035156,172.99000549316406,176.6199951171875,175.2447509765625,20025900
2018-03-05,176.1999969482422,181.14999389648438,175.88999938964844,180.39999389648438,178.9953155517578,16189300
2018-03-06,181.77999877929688,182.3800048828125,179.11000061035156,179.77999877929688,178.38015747070312,15086800
2018-03-07,178.74000549316406,183.82000732421875,178.07000732421875,183.7100067138672,182.27955627441406,19097300
2018-03-08,183.55999755859375,184.39999389648438,181.4499969482422,182.33999633789062,180.9202423095703,17225900
2018-03-09,183.91000366210938,185.50999450683594,183.2100067138672,185.22999572753906,183.78773498535156,18526300
2018-03-12,185.22999572753906,186.10000610351562,184.22000122070312,184.75999450683594,183.32139587402344,15301200
2018-03-13,185.61000061035156,185.99000549316406,181.11000061035156,181.8800048828125,180.46380615234375,18067500
2018-03-14,182.60000610351562,184.25,181.85000610351562,184.19000244140625,182.7558135986328,16821700
2018-03-15,183.24000549316406,184.0,182.19000244140625,183.86000061035156,182.42837524414062,15614300
2018-03-16,184.49000549316406,185.3300018310547,183.41000366210938,185.08999633789062,183.6488037109375,24403400
2018-03-19,177.00999450683594,177.1699981689453,170.05999755859375,172.55999755859375,171.2163848876953,88140100
2018-03-20,167.47000122070312,170.1999969482422,161.9499969482422,168.14999389648438,166.84072875976562,129851800
2018-03-21,164.8000030517578,173.39999389648438,163.3000030517578,169.38999938964844,168.071044921875,106598800
2018-03-22,166.1300048828125,170.27000427246094,163.72000122070312,164.88999938964844,163.6061248779297,73743000
2018-03-23,165.44000244140625,166.60000610351562,159.02000427246094,159.38999938964844,158.14891052246094,53609700
2018-03-26,160.82000732421875,161.10000610351562,149.02000427246094,160.05999755859375,158.81370544433594,126116600
2018-03-27,156.30999755859375,162.85000610351562,150.75,152.22000122070312,151.03475952148438,79117000
2018-03-28,151.64999389648438,155.8800048828125,150.8000030517578,153.02999877929688,151.8384552001953,60029200
2018-03-29,155.14999389648438,161.4199981689453,154.13999938964844,159.7899932861328,158.5458221435547,59434300
2018-04-02,157.80999755859375,159.1999969482422,154.11000061035156,155.38999938964844,154.18006896972656,36796000
2018-04-03,156.5500030517578,157.38999938964844,150.80999755859375,156.11000061035156,154.8944549560547,42543900
2018-04-04,152.02999877929688,155.55999755859375,150.50999450683594,155.10000610351562,153.89234924316406,49885600
2018-04-05,161.55999755859375,161.57000732421875,156.64999389648438,159.33999633789062,158.0993194580078,41449600
2018-04-06,157.72999572753906,161.4199981689453,156.80999755859375,157.1999969482422,155.97596740722656,41644800
2018-04-09,157.82000732421875,160.52999877929688,156.0399932861328,157.92999267578125,156.70028686523438,34915200
2018-04-10,157.92999267578125,165.97999572753906,157.00999450683594,165.0399932861328,163.7549285888672,57889300
2018-04-11,165.36000061035156,168.64999389648438,163.25,166.32000732421875,165.02499389648438,56144600
2018-04-12,166.97999572753906,167.4499969482422,163.10000610351562,163.8699951171875,162.5940399169922,38263000
2018-04-13,164.5800018310547,165.6999969482422,163.77000427246094,164.52000427246094,163.23899841308594,19990600
2018-04-16,165.72000122070312,165.77999877929688,163.38999938964844,164.8300018310547,163.54656982421875,18119400
2018-04-17,165.8300018310547,169.0,165.66000366210938,168.66000366210938,167.3467559814453,22743000
2018-04-18,166.8800048828125,168.1199951171875,165.77000427246094,166.36000061035156,165.06468200683594,20969600
2018-04-19,166.1999969482422,168.3300018310547,165.1999969482422,168.10000610351562,166.79112243652344,22235000
2018-04-20,167.7899932861328,168.42999267578125,165.80999755859375,166.27999877929688,164.98529052734375,19119400
2018-04-23,167.27000427246094,168.4499969482422,165.08999633789062,165.83999633789062,164.54869079589844,23088100
2018-04-24,165.42999267578125,166.10000610351562,158.19000244140625,159.69000244140625,158.44659423828125,35079900
2018-04-25,160.13999938964844,161.05999755859375,156.19000244140625,159.69000244140625,158.44659423828125,41083600
2018-04-26,173.22000122070312,176.27000427246094,170.8000030517578,174.16000366210938,172.8039093017578,77556900
2018-04-27,176.80999755859375,177.10000610351562,172.60000610351562,173.58999633789062,172.23838806152344,29804700
2018-04-30,173.7899932861328,175.72000122070312,171.7100067138672,172.0,170.6607208251953,20750500
2018-05-01,172.0,174.02000427246094,170.22999572753906,173.86000061035156,172.50625610351562,26025900
2018-05-02,174.25,178.0800018310547,174.1999969482422,176.07000732421875,174.69906616210938,30424500
2018-05-03,175.1300048828125,176.1199951171875,172.1199951171875,174.02000427246094,172.66502380371094,24026100
2018-05-04,173.0800018310547,176.97999572753906,173.05999755859375,176.61000061035156,175.23484802246094,17677800
2018-05-07,177.35000610351562,179.5,177.1699981689453,177.97000122070312,176.58424377441406,18697200
2018-05-08,178.25,179.0399932861328,177.11000061035156,178.9199981689453,177.52684020996094,15577200
2018-05-09,179.6699981689453,183.00999450683594,178.77999877929688,182.66000366210938,181.23776245117188,23282800
2018-05-10,183.14999389648438,186.1300048828125,182.5,185.52999877929688,184.0853729248047,21071400
2018-05-11,184.85000610351562,188.32000732421875,184.17999267578125,186.99000549316406,185.53402709960938,21207800
2018-05-14,187.7100067138672,187.86000061035156,186.1999969482422,186.63999938964844,185.18673706054688,15646700
2018-05-15,184.8800048828125,185.2899932861328,183.1999969482422,184.32000732421875,182.8848114013672,15429400
2018-05-16,183.6999969482422,184.32000732421875,182.66000366210938,183.1999969482422,181.77352905273438,16975500
2018-05-17,182.67999267578125,184.05999755859375,182.22000122070312,183.75999450683594,182.3291778564453,14840700
2018-05-18,183.49000549316406,184.19000244140625,182.61000061035156,182.67999267578125,181.25758361816406,13130500
2018-05-21,183.77000427246094,185.3000030517578,183.1300048828125,184.49000549316406,183.0535125732422,13532900
2018-05-22,184.92999267578125,185.4199981689453,183.42999267578125,183.8000030517578,182.36886596679688,12731400
2018-05-23,182.5,186.91000366210938,182.17999267578125,186.89999389648438,185.44473266601562,16628100
2018-05-24,185.8800048828125,186.8000030517578,185.02999877929688,185.92999267578125,184.48228454589844,12354700
2018-05-25,186.02000427246094,186.3300018310547,184.4499969482422,184.9199981689453,183.4801483154297,10965100
2018-05-29,184.33999633789062,186.80999755859375,183.7100067138672,185.74000549316406,184.2937774658203,16398900
2018-05-30,186.5399932861328,188.0,185.25,187.6699981689453,186.208740234375,13736900
2018-05-31,187.8699951171875,192.72000122070312,187.47999572753906,191.77999877929688,190.2867431640625,30782600
2018-06-01,193.07000732421875,194.5500030517578,192.07000732421875,193.99000549316406,192.47950744628906,17307200
2018-06-04,191.83999633789062,193.97999572753906,191.47000122070312,193.27999877929688,191.77508544921875,18939800
2018-06-05,194.3000030517578,195.0,192.6199951171875,192.94000244140625,191.43771362304688,15544300
2018-06-06,191.02999877929688,192.52999877929688,189.11000061035156,191.33999633789062,189.8501434326172,22558900
2018-06-07,190.75,190.97000122070312,186.77000427246094,188.17999267578125,186.7147674560547,21503200
2018-06-08,187.52999877929688,189.47999572753906,186.42999267578125,189.10000610351562,187.6276092529297,12677100
2018-06-11,188.80999755859375,192.60000610351562,188.8000030517578,191.5399932861328,190.04859924316406,12928900
2018-06-12,192.1699981689453,193.27999877929688,191.55999755859375,192.39999389648438,190.9019012451172,11562700
2018-06-13,192.74000549316406,194.5,191.91000366210938,192.41000366210938,190.9118194580078,15853800
2018-06-14,193.10000610351562,197.27999877929688,192.91000366210938,196.80999755859375,195.27757263183594,19120900
2018-06-15,195.7899932861328,197.07000732421875,194.63999938964844,195.85000610351562,194.32504272460938,21860900
2018-06-18,194.8000030517578,199.5800018310547,194.1300048828125,198.30999755859375,196.76588439941406,16826000
2018-06-19,196.24000549316406,197.9600067138672,193.7899932861328,197.49000549316406,195.9522705078125,19994000
2018-06-20,199.10000610351562,203.5500030517578,198.80999755859375,202.0,200.42715454101562,28230900
2018-06-21,202.75999450683594,203.38999938964844,200.08999633789062,201.5,199.93104553222656,19045700
2018-06-22,201.16000366210938,202.24000549316406,199.30999755859375,201.74000549316406,200.16915893554688,17420200
2018-06-25,200.0,200.0,193.11000061035156,196.35000610351562,194.8211669921875,25275100
2018-06-26,197.60000610351562,199.10000610351562,196.22999572753906,199.0,197.45050048828125,17897600
2018-06-27,199.17999267578125,200.75,195.8000030517578,195.83999633789062,194.31512451171875,18734400
2018-06-28,195.17999267578125,197.33999633789062,193.25999450683594,196.22999572753906,194.7020721435547,18172400
2018-06-29,197.32000732421875,197.60000610351562,193.9600067138672,194.32000732421875,192.8069610595703,15811600
2018-07-02,193.3699951171875,197.4499969482422,192.22000122070312,197.36000061035156,195.8232879638672,13961600
2018-07-03,194.5500030517578,195.39999389648438,192.52000427246094,192.72999572753906,191.22933959960938,13489500
2018-07-05,194.74000549316406,198.64999389648438,194.02999877929688,198.4499969482422,196.90481567382812,19684200
2018-07-06,198.4499969482422,203.63999938964844,197.6999969482422,203.22999572753906,201.64756774902344,19740100
2018-07-09,204.92999267578125,205.8000030517578,202.1199951171875,204.74000549316406,203.14581298828125,18149400
2018-07-10,204.5,204.91000366210938,202.25999450683594,203.5399932861328,201.9551544189453,13190100
2018-07-11,202.22000122070312,204.5,201.75,202.5399932861328,200.96295166015625,12927400
2018-07-12,203.42999267578125,207.0800018310547,203.19000244140625,206.9199981689453,205.30885314941406,15454700
2018-07-13,207.80999755859375,208.42999267578125,206.4499969482422,207.32000732421875,205.7057342529297,11486800
2018-07-16,207.5,208.72000122070312,206.83999633789062,207.22999572753906,205.6164093017578,11078200
2018-07-17,204.89999389648438,210.4600067138672,204.83999633789062,209.99000549316406,208.35494995117188,15349900
2018-07-18,209.82000732421875,210.99000549316406,208.44000244140625,209.36000061035156,207.72984313964844,15334900
2018-07-19,208.77000427246094,209.99000549316406,207.75999450683594,208.08999633789062,206.4697265625,11350400
2018-07-20,208.85000610351562,211.5,208.5,209.94000244140625,208.3053436279297,16163900
2018-07-23,210.5800018310547,211.6199951171875,208.8000030517578,210.91000366210938,209.2677764892578,16732000
2018-07-24,215.11000061035156,216.1999969482422,212.60000610351562,214.6699981689453,212.9984893798828,28468700
2018-07-25,215.72000122070312,218.6199951171875,214.27000427246094,217.5,215.80645751953125,58954200
2018-07-26,174.88999938964844,180.1300048828125,173.75,176.25999450683594,174.8875732421875,169803700
2018-07-27,179.8699951171875,179.92999267578125,173.0,174.88999938964844,173.52822875976562,60073700
2018-07-30,175.3000030517578,175.3000030517578,166.55999755859375,171.05999755859375,169.7280731201172,65280800
2018-07-31,170.6699981689453,174.24000549316406,170.0,172.5800018310547,171.23623657226562,40356500
2018-08-01,173.92999267578125,175.0800018310547,170.89999389648438,171.64999389648438,170.3134765625,34042100
2018-08-02,170.67999267578125,176.7899932861328,170.27000427246094,176.3699951171875,174.99671936035156,32400000
2018-08-03,177.69000244140625,178.85000610351562,176.14999389648438,177.77999877929688,176.39573669433594,24763400
2018-08-06,178.97000122070312,185.7899932861328,178.3800048828125,185.69000244140625,184.244140625,49716200
2018-08-07,186.5,188.3000030517578,183.72000122070312,183.80999755859375,182.3787841796875,33398600
2018-08-08,184.75,186.85000610351562,183.75999450683594,185.17999267578125,183.7381134033203,22205200
2018-08-09,185.85000610351562,186.57000732421875,182.47999572753906,183.08999633789062,181.6643829345703,19732100
2018-08-10,182.0399932861328,182.10000610351562,179.4199981689453,180.25999450683594,178.85641479492188,21500400
2018-08-13,180.10000610351562,182.61000061035156,178.89999389648438,180.0500030517578,178.6480712890625,17423300
2018-08-14,180.7100067138672,181.99000549316406,178.6199951171875,181.11000061035156,179.69979858398438,19102000
2018-08-15,179.33999633789062,180.8699951171875,174.77999877929688,179.52999877929688,178.1321258544922,33020200
2018-08-16,180.4199981689453,180.5,174.00999450683594,174.6999969482422,173.3397216796875,31351800
2018-08-17,174.5,176.22000122070312,172.0399932861328,173.8000030517578,172.44671630859375,24893200
2018-08-20,174.0399932861328,174.57000732421875,170.91000366210938,172.5,171.15682983398438,21518000
2018-08-21,172.80999755859375,174.1699981689453,171.38999938964844,172.6199951171875,171.27589416503906,19578500
2018-08-22,172.2100067138672,174.24000549316406,172.1300048828125,173.63999938964844,172.28797912597656,16894100
2018-08-23,173.08999633789062,175.5500030517578,172.8300018310547,172.89999389648438,171.55372619628906,18053600
2018-08-24,173.6999969482422,174.82000732421875,172.9199981689453,174.64999389648438,173.29010009765625,14631600
2018-08-27,175.99000549316406,178.6699981689453,175.7899932861328,177.4600067138672,176.07823181152344,17921900
2018-08-28,178.10000610351562,178.24000549316406,175.8300018310547,176.25999450683594,174.8875732421875,15910700
2018-08-29,176.3000030517578,176.7899932861328,174.75,175.89999389648438,174.53036499023438,18494100
2018-08-30,175.89999389648438,179.7899932861328,175.6999969482422,177.63999938964844,176.2568359375,24216500
2018-08-31,177.14999389648438,177.6199951171875,174.97999572753906,175.72999572753906,174.3616943359375,18065200
2018-09-04,173.5,173.88999938964844,168.8000030517578,171.16000366210938,169.8272705078125,29809000
2018-09-05,169.49000549316406,171.1300048828125,166.6699981689453,167.17999267578125,165.87828063964844,31226700
2018-09-06,166.97999572753906,166.97999572753906,160.0,162.52999877929688,161.2644805908203,41514800
2018-09-07,160.30999755859375,164.6300048828125,160.16000366210938,163.0399932861328,161.77052307128906,24300600
2018-09-10,163.50999450683594,165.00999450683594,162.16000366210938,164.17999267578125,162.90164184570312,20197700
2018-09-11,163.94000244140625,167.19000244140625,163.72000122070312,165.94000244140625,164.64793395996094,20457100
2018-09-12,163.25,164.49000549316406,161.8000030517578,162.0,160.73861694335938,24078100
2018-09-13,162.0,163.32000732421875,160.86000061035156,161.36000061035156,160.10360717773438,25453800
2018-09-14,161.72000122070312,162.83999633789062,160.33999633789062,162.32000732421875,161.05612182617188,21770400
2018-09-17,161.9199981689453,162.05999755859375,159.77000427246094,160.5800018310547,159.32969665527344,21005300
2018-09-18,159.38999938964844,161.75999450683594,158.8699951171875,160.3000030517578,159.05184936523438,22465200
2018-09-19,160.0800018310547,163.44000244140625,159.47999572753906,163.05999755859375,161.7903594970703,19629000
2018-09-20,164.5,166.4499969482422,164.47000122070312,166.02000427246094,164.72732543945312,18936000
2018-09-21,166.63999938964844,167.25,162.80999755859375,162.92999267578125,161.661376953125,45994800
2018-09-24,161.02999877929688,165.6999969482422,160.8800048828125,165.41000366210938,164.12205505371094,19222800
2018-09-25,161.99000549316406,165.58999633789062,161.14999389648438,164.91000366210938,163.62594604492188,27622800
2018-09-26,164.3000030517578,169.3000030517578,164.2100067138672,166.9499969482422,165.6500701904297,25252200
2018-09-27,167.5500030517578,171.77000427246094,167.2100067138672,168.83999633789062,167.52532958984375,27266900
2018-09-28,168.3300018310547,168.7899932861328,162.55999755859375,164.4600067138672,163.1794891357422,34265600
2018-10-01,163.02999877929688,165.8800048828125,161.25999450683594,162.44000244140625,161.17518615722656,26407700
2018-10-02,161.5800018310547,162.27999877929688,158.6699981689453,159.3300018310547,158.08941650390625,36031000
2018-10-03,160.0,163.66000366210938,159.52999877929688,162.42999267578125,161.16525268554688,23109500
2018-10-04,161.4600067138672,161.4600067138672,157.35000610351562,158.85000610351562,157.61312866210938,25739600
2018-10-05,159.2100067138672,160.89999389648438,156.1999969482422,157.3300018310547,156.10496520996094,25744000
2018-10-08,155.5399932861328,158.33999633789062,154.38999938964844,157.25,156.0255889892578,24046000
2018-10-09,157.69000244140625,160.58999633789062,157.4199981689453,157.89999389648438,156.6705322265625,18844400
2018-10-10,156.82000732421875,157.69000244140625,151.30999755859375,151.3800048828125,150.20130920410156,30610000
2018-10-11,150.1300048828125,154.80999755859375,149.16000366210938,153.35000610351562,152.15599060058594,35338900
2018-10-12,156.72999572753906,156.88999938964844,151.3000030517578,153.74000549316406,152.54290771484375,25293500
2018-10-15,153.32000732421875,155.57000732421875,152.5500030517578,153.52000427246094,152.3246612548828,15433500
2018-10-16,155.39999389648438,159.4600067138672,155.00999450683594,158.77999877929688,157.54367065429688,19180100
2018-10-17,159.55999755859375,160.49000549316406,157.9499969482422,159.4199981689453,158.17869567871094,17592000
2018-10-18,158.50999450683594,158.66000366210938,153.27999877929688,154.9199981689453,153.7137451171875,21675100
2018-10-19,155.86000061035156,157.35000610351562,153.5500030517578,154.0500030517578,152.85049438476562,19761300
2018-10-22,154.75999450683594,157.33999633789062,154.4600067138672,154.77999877929688,153.57481384277344,15424700
2018-10-23,151.22000122070312,154.77000427246094,150.85000610351562,154.38999938964844,153.18783569335938,19095000
2018-10-24,154.27999877929688,154.64999389648438,145.60000610351562,146.0399932861328,144.90289306640625,27744600
2018-10-25,147.72999572753906,152.2100067138672,147.0,150.9499969482422,149.774658203125,22105700
2018-10-26,145.82000732421875,149.0,143.8000030517578,145.3699951171875,144.2380828857422,31303300
2018-10-29,148.5,148.8300018310547,139.02999877929688,142.08999633789062,140.98362731933594,31336800
2018-10-30,139.94000244140625,146.63999938964844,139.74000549316406,146.22000122070312,145.08148193359375,50528300
2018-10-31,155.0,156.39999389648438,148.9600067138672,151.7899932861328,150.60812377929688,60101300
2018-11-01,151.52000427246094,152.75,149.35000610351562,151.75,150.56842041015625,25640800
2018-11-02,151.8000030517578,154.1300048828125,148.9600067138672,150.35000610351562,149.1793212890625,24708700
2018-11-05,150.10000610351562,150.19000244140625,147.44000244140625,148.67999267578125,147.52230834960938,15971200
2018-11-06,149.30999755859375,150.97000122070312,148.0,149.94000244140625,148.77249145507812,16667100
2018-11-07,151.57000732421875,153.00999450683594,149.8300018310547,151.52999877929688,150.3501434326172,21877400
2018-11-08,150.49000549316406,150.94000244140625,146.74000549316406,147.8699951171875,146.71864318847656,24145800
2018-11-09,146.75,147.75999450683594,144.07000732421875,144.9600067138672,143.83131408691406,17326900
2018-11-12,144.47999572753906,145.0399932861328,140.49000549316406,141.5500030517578,140.44784545898438,18542100
2018-11-13,142.0,144.8800048828125,141.6199951171875,142.16000366210938,141.0531005859375,15141700
2018-11-14,143.6999969482422,145.5800018310547,141.5500030517578,144.22000122070312,143.0970458984375,22068400
2018-11-15,142.3300018310547,144.83999633789062,140.8300018310547,143.85000610351562,142.72994995117188,30320300
2018-11-16,141.07000732421875,141.77000427246094,137.77000427246094,139.52999877929688,138.44358825683594,37250600
2018-11-19,137.61000061035156,137.75,131.2100067138672,131.5500030517578,130.52572631835938,44362700
2018-11-20,127.02999877929688,134.16000366210938,126.8499984741211,132.42999267578125,131.39881896972656,41939500
2018-11-21,134.39999389648438,137.19000244140625,134.1300048828125,134.82000732421875,133.770263671875,25469700
2018-11-23,133.64999389648438,134.5,131.25999450683594,131.72999572753906,130.7042999267578,11886100
2018-11-26,133.0,137.0,132.77999877929688,136.3800048828125,135.31809997558594,24263600
2018-11-27,135.75,136.61000061035156,133.7100067138672,135.0,133.94883728027344,20750300
2018-11-28,136.27999877929688,136.7899932861328,131.85000610351562,136.75999450683594,135.6951141357422,29847500
2018-11-29,135.9199981689453,139.99000549316406,135.66000366210938,138.67999267578125,137.6001739501953,24238700
2018-11-30,138.25999450683594,140.97000122070312,137.36000061035156,140.61000061035156,139.51515197753906,25732600
2018-12-03,143.0,143.67999267578125,140.75999450683594,141.08999633789062,139.99142456054688,24819200
2018-12-04,140.72999572753906,143.38999938964844,137.16000366210938,137.92999267578125,136.85601806640625,30307400
2018-12-06,133.82000732421875,139.6999969482422,133.6699981689453,139.6300048828125,138.54278564453125,28218100
2018-12-07,139.25,140.8699951171875,136.66000366210938,137.4199981689453,136.3499755859375,21195500
2018-12-10,139.60000610351562,143.0500030517578,139.00999450683594,141.85000610351562,140.7455291748047,26422200
2018-12-11,143.8800048828125,143.8800048828125,141.10000610351562,142.0800018310547,140.9737091064453,20300300
2018-12-12,143.0800018310547,147.19000244140625,142.50999450683594,144.5,143.37486267089844,23696900
2018-12-13,145.57000732421875,145.85000610351562,143.19000244140625,145.00999450683594,143.88088989257812,18148600
2018-12-14,143.33999633789062,146.00999450683594,142.50999450683594,144.05999755859375,142.93829345703125,21785800
2018-12-17,143.0800018310547,144.9199981689453,138.4199981689453,140.19000244140625,139.09844970703125,24334000
2018-12-18,141.0800018310547,145.92999267578125,139.8300018310547,143.66000366210938,142.54141235351562,24709100
2018-12-19,141.2100067138672,144.91000366210938,132.5,133.24000549316406,132.20254516601562,57404900
2018-12-20,130.6999969482422,135.57000732421875,130.0,133.39999389648438,132.3612823486328,40297900
2018-12-21,133.38999938964844,134.89999389648438,123.41999816894531,124.94999694824219,123.97709655761719,56901500
2018-12-24,123.0999984741211,129.74000549316406,123.0199966430664,124.05999755859375,123.0940170288086,22066000
2018-12-26,126.0,134.24000549316406,125.88999938964844,134.17999267578125,133.13522338867188,39723400
2018-12-27,132.44000244140625,134.99000549316406,129.6699981689453,134.52000427246094,133.47259521484375,31202500
2018-12-28,135.33999633789062,135.9199981689453,132.1999969482422,133.1999969482422,132.1628875732422,22627600
2018-12-31,134.4499969482422,134.63999938964844,129.9499969482422,131.08999633789062,130.06924438476562,24625300
2019-01-02,128.99000549316406,137.50999450683594,128.55999755859375,135.67999267578125,134.62355041503906,28146200
2019-01-03,134.69000244140625,137.1699981689453,131.1199951171875,131.74000549316406,130.71424865722656,22717900
2019-01-04,134.00999450683594,138.0,133.75,137.9499969482422,136.87586975097656,29002100
2019-01-07,137.55999755859375,138.8699951171875,135.91000366210938,138.0500030517578,136.97509765625,20089300
2019-01-08,139.88999938964844,143.13999938964844,139.5399932861328,142.52999877929688,141.4202117919922,26263800
2019-01-09,142.9499969482422,144.6999969482422,141.27000427246094,144.22999572753906,143.1069793701172,22205900
2019-01-10,143.0800018310547,144.55999755859375,140.83999633789062,144.1999969482422,143.0771942138672,16125000
2019-01-11,143.14999389648438,145.36000061035156,142.57000732421875,143.8000030517578,142.68031311035156,12908000
2019-01-14,142.0,146.57000732421875,141.27000427246094,145.38999938964844,144.2579345703125,20520300
2019-01-15,146.00999450683594,150.67999267578125,145.99000549316406,148.9499969482422,147.79022216796875,24069000
2019-01-16,149.0,149.64999389648438,147.0,147.5399932861328,146.3911895751953,18025700
2019-01-17,146.9499969482422,149.0,146.5,148.3000030517578,147.14527893066406,15787900
2019-01-18,149.75,152.42999267578125,148.5500030517578,150.0399932861328,148.87173461914062,31029600
2019-01-22,149.1999969482422,151.52999877929688,146.3699951171875,147.57000732421875,146.42095947265625,22378700
2019-01-23,148.27999877929688,148.8000030517578,143.05999755859375,144.3000030517578,143.1764373779297,20098400
2019-01-24,144.63999938964844,146.44000244140625,142.52000427246094,145.8300018310547,144.69451904296875,20955500
2019-01-25,147.47999572753906,149.8300018310547,146.5399932861328,149.00999450683594,147.84976196289062,22237200
2019-01-28,148.0500030517578,148.9600067138672,146.2100067138672,147.47000122070312,146.32176208496094,15508500
2019-01-29,148.08999633789062,148.10000610351562,143.42999267578125,144.19000244140625,143.06729125976562,17632100
2019-01-30,146.22000122070312,150.9499969482422,145.6999969482422,150.4199981689453,149.24874877929688,44613200
2019-01-31,165.60000610351562,171.67999267578125,165.0,166.69000244140625,165.39210510253906,77233600
2019-02-01,165.83999633789062,169.10000610351562,165.66000366210938,165.7100067138672,164.4197235107422,30806500
2019-02-04,165.6999969482422,169.3000030517578,163.6199951171875,169.25,167.9321746826172,20036000
2019-02-05,169.14999389648438,171.97999572753906,168.69000244140625,171.16000366210938,169.8272705078125,22557000
2019-02-06,171.1999969482422,172.47000122070312,169.27000427246094,170.49000549316406,169.16250610351562,13281200
2019-02-07,168.1999969482422,169.24000549316406,165.25,166.3800048828125,165.0845184326172,17517600
2019-02-08,164.47000122070312,167.3699951171875,164.2100067138672,167.3300018310547,166.027099609375,12561400
2019-02-11,167.89999389648438,168.3000030517578,165.0800018310547,165.7899932861328,164.4990997314453,12811200
2019-02-12,166.86000061035156,168.33999633789062,164.5,165.0399932861328,163.7549285888672,16292300
2019-02-13,165.3800048828125,166.22000122070312,163.72999572753906,164.07000732421875,162.79251098632812,14205100
2019-02-14,163.19000244140625,164.8699951171875,162.25,163.9499969482422,162.6734161376953,12755200
2019-02-15,164.50999450683594,164.6999969482422,160.86000061035156,162.5,161.23472595214844,15504400
2019-02-19,160.5,164.14999389648438,160.3300018310547,162.2899932861328,161.02633666992188,14345400
2019-02-20,162.25,163.72000122070312,161.25,162.55999755859375,161.29425048828125,11770700
2019-02-21,161.92999267578125,162.24000549316406,159.58999633789062,160.0399932861328,158.79385375976562,15607800
2019-02-22,160.5800018310547,162.41000366210938,160.30999755859375,161.88999938964844,160.62945556640625,15858500
2019-02-25,163.07000732421875,166.07000732421875,162.89999389648438,164.6199951171875,163.3382110595703,18737100
2019-02-26,164.33999633789062,166.24000549316406,163.8000030517578,164.1300048828125,162.85203552246094,13784100
2019-02-27,162.89999389648438,163.92999267578125,160.41000366210938,162.80999755859375,161.54229736328125,12697500
2019-02-28,162.3699951171875,163.5,160.86000061035156,161.4499969482422,160.19290161132812,11114200
2019-03-01,162.60000610351562,163.1300048828125,161.69000244140625,162.27999877929688,161.0164337158203,11097800
2019-03-04,163.89999389648438,167.5,163.8300018310547,167.3699951171875,166.06678771972656,18894700
2019-03-05,167.3699951171875,171.8800048828125,166.5500030517578,171.25999450683594,169.926513671875,28187900
2019-03-06,172.89999389648438,173.57000732421875,171.27000427246094,172.50999450683594,171.16677856445312,21531700
2019-03-07,171.5,171.74000549316406,167.61000061035156,169.1300048828125,167.8131103515625,18306500
2019-03-08,166.1999969482422,169.6199951171875,165.97000122070312,169.60000610351562,168.2794189453125,13184800
2019-03-11,171.60000610351562,174.3000030517578,171.5800018310547,172.07000732421875,170.73019409179688,18884000
2019-03-12,172.08999633789062,173.8000030517578,171.22000122070312,171.9199981689453,170.5813751220703,12155300
2019-03-13,172.32000732421875,174.02999877929688,172.1199951171875,173.3699951171875,172.0200653076172,11973300
2019-03-14,169.75999450683594,171.14999389648438,168.16000366210938,170.1699981689453,168.84498596191406,18037400
2019-03-15,167.16000366210938,167.5800018310547,162.50999450683594,165.97999572753906,164.6876220703125,37135400
2019-03-18,163.57000732421875,163.89999389648438,159.27999877929688,160.47000122070312,159.22052001953125,37524200
2019-03-19,161.47999572753906,163.82000732421875,160.82000732421875,161.57000732421875,160.31195068359375,25611500
2019-03-20,161.5,166.1199951171875,161.24000549316406,165.44000244140625,164.1518096923828,20211500
2019-03-21,164.88999938964844,166.38999938964844,163.75,166.0800018310547,164.78683471679688,16223000
2019-03-22,165.64999389648438,167.4199981689453,164.08999633789062,164.33999633789062,163.0603790283203,16389200
2019-03-25,163.0,166.5399932861328,162.0,166.2899932861328,164.99520874023438,12631200
2019-03-26,167.35000610351562,169.4499969482422,166.35000610351562,167.67999267578125,166.3743438720703,15437900
2019-03-27,167.85000610351562,168.94000244140625,164.7899932861328,165.8699951171875,164.57847595214844,10620300
2019-03-28,164.57000732421875,166.72000122070312,163.3300018310547,165.5500030517578,164.26097106933594,10443000
2019-03-29,166.38999938964844,167.19000244140625,164.80999755859375,166.69000244140625,165.39210510253906,13455500
2019-04-01,167.8300018310547,168.89999389648438,167.27999877929688,168.6999969482422,167.38641357421875,10381500
2019-04-02,170.13999938964844,174.89999389648438,169.5500030517578,174.1999969482422,172.84361267089844,23946500
2019-04-03,174.5,177.9600067138672,172.9499969482422,173.5399932861328,172.188720703125,27391100
2019-04-04,176.02000427246094,178.0,175.52999877929688,176.02000427246094,174.64944458007812,17847700
2019-04-05,176.8800048828125,177.0,175.10000610351562,175.72000122070312,174.3517608642578,9594100
2019-04-08,175.2100067138672,175.5,174.22999572753906,174.92999267578125,173.56793212890625,7297400
2019-04-09,175.6199951171875,179.19000244140625,175.5500030517578,177.5800018310547,176.19728088378906,19751000
2019-04-10,178.17999267578125,178.7899932861328,176.5399932861328,177.82000732421875,176.4354248046875,11701500
2019-04-11,178.24000549316406,178.39999389648438,177.0,177.50999450683594,176.12782287597656,8071000
2019-04-12,178.0,179.6300048828125,177.9499969482422,179.10000610351562,177.70545959472656,12329800
2019-04-15,178.5,180.5,176.8699951171875,179.64999389648438,178.2511749267578,10834800
2019-04-16,179.0,180.1699981689453,178.3000030517578,178.8699951171875,177.4772491455078,11215200
2019-04-17,179.60000610351562,180.74000549316406,178.36000061035156,178.77999877929688,177.387939453125,9973700
2019-04-18,178.8000030517578,178.8800048828125,177.33999633789062,178.27999877929688,176.891845703125,11655600
2019-04-22,178.25,181.6699981689453,178.25,181.44000244140625,180.02723693847656,13389900
2019-04-23,182.74000549316406,184.22000122070312,181.47999572753906,183.77999877929688,182.3490447998047,19954800
2019-04-24,184.49000549316406,185.13999938964844,181.64999389648438,182.5800018310547,181.1583709716797,37289900
2019-04-25,196.97999572753906,198.47999572753906,192.1199951171875,193.25999450683594,191.75521850585938,54148800
2019-04-26,192.5,192.89999389648438,189.08999633789062,191.49000549316406,189.99899291992188,22075000
2019-04-29,190.9499969482422,195.41000366210938,190.64999389648438,194.77999877929688,193.26336669921875,19641300
2019-04-30,194.19000244140625,197.38999938964844,192.27999877929688,193.39999389648438,191.89410400390625,23494700
2019-05-01,194.77999877929688,196.17999267578125,193.00999450683594,193.02999877929688,191.52699279785156,15996600
2019-05-02,193.0,194.0,189.75,192.52999877929688,191.0308837890625,13209500
2019-05-03,194.3800048828125,196.16000366210938,193.7100067138672,195.47000122070312,193.947998046875,14575400
2019-05-06,191.24000549316406,194.27999877929688,190.5500030517578,193.8800048828125,192.37037658691406,13994900
2019-05-07,192.5399932861328,192.89999389648438,187.85000610351562,189.77000427246094,188.29238891601562,16253000
2019-05-08,189.38999938964844,190.72000122070312,188.5500030517578,189.5399932861328,188.0641632080078,12505700
2019-05-09,187.1999969482422,189.77000427246094,186.25999450683594,188.64999389648438,187.18109130859375,12967000
2019-05-10,188.25,190.0,184.58999633789062,188.33999633789062,186.8734893798828,12578500
2019-05-13,183.5,185.42999267578125,180.83999633789062,181.5399932861328,180.12643432617188,16833300
2019-05-14,182.52000427246094,183.49000549316406,178.10000610351562,180.72999572753906,179.32276916503906,17628100
2019-05-15,180.4199981689453,187.27999877929688,180.02000427246094,186.27000427246094,184.8196258544922,16746900
2019-05-16,185.0500030517578,188.5800018310547,185.0500030517578,186.99000549316406,185.53402709960938,12953100
2019-05-17,184.83999633789062,187.5800018310547,184.27999877929688,185.3000030517578,183.857177734375,10485400
2019-05-20,181.8800048828125,184.22999572753906,181.3699951171875,182.72000122070312,181.29727172851562,10352000
2019-05-21,184.57000732421875,185.6999969482422,183.88999938964844,184.82000732421875,183.38095092773438,7502800
2019-05-22,184.72999572753906,186.74000549316406,183.61000061035156,185.32000732421875,183.8770294189453,9213800
2019-05-23,182.4199981689453,183.89999389648438,179.6699981689453,180.8699951171875,179.46170043945312,12768800
2019-05-24,182.3300018310547,183.6300048828125,180.8300018310547,181.05999755859375,179.65020751953125,8807700
2019-05-28,181.5399932861328,184.7100067138672,181.4499969482422,184.30999755859375,182.87489318847656,14843300
2019-05-29,183.5,184.55999755859375,181.35000610351562,182.19000244140625,180.7714080810547,12797700
2019-05-30,183.0800018310547,183.47999572753906,180.88999938964844,183.00999450683594,181.58499145507812,8581500
2019-05-31,180.27999877929688,180.5399932861328,177.16000366210938,177.47000122070312,176.08816528320312,15226500
2019-06-03,175.0,175.0500030517578,161.00999450683594,164.14999389648438,162.87185668945312,56059600
2019-06-04,163.7100067138672,168.27999877929688,160.83999633789062,167.5,166.19577026367188,46044300
2019-06-05,167.47999572753906,168.72000122070312,164.6300048828125,168.1699981689453,166.86056518554688,19758300
2019-06-06,168.3000030517578,169.6999969482422,167.22999572753906,168.3300018310547,167.01931762695312,12446400
2019-06-07,170.1699981689453,173.8699951171875,168.83999633789062,173.35000610351562,172.000244140625,16917300
2019-06-10,174.75,177.86000061035156,173.8000030517578,174.82000732421875,173.45880126953125,14767900
2019-06-11,178.47999572753906,179.97999572753906,176.7899932861328,178.10000610351562,176.71324157714844,15266600
2019-06-12,178.3800048828125,179.27000427246094,172.8800048828125,175.0399932861328,173.6770477294922,17699800
2019-06-13,175.52999877929688,178.02999877929688,174.61000061035156,177.47000122070312,176.08816528320312,12253600
2019-06-14,180.50999450683594,181.83999633789062,180.0,181.3300018310547,179.91810607910156,16773700
2019-06-17,185.00999450683594,189.5,184.41000366210938,189.00999450683594,187.53826904296875,29459900
2019-06-18,194.0,194.52999877929688,187.27999877929688,188.47000122070312,187.0024871826172,37571400
2019-06-19,187.0,188.10000610351562,184.5500030517578,187.47999572753906,186.0202178955078,21417100
2019-06-20,190.9499969482422,191.16000366210938,187.63999938964844,189.52999877929688,188.05422973632812,14635700
2019-06-21,188.75,192.0,188.75,191.13999938964844,189.65171813964844,22751200
2019-06-24,192.4199981689453,193.97999572753906,191.57000732421875,192.60000610351562,191.10037231445312,15509000
2019-06-25,192.8800048828125,193.13999938964844,188.1300048828125,188.83999633789062,187.36962890625,16750300
2019-06-26,189.5399932861328,190.75999450683594,187.30999755859375,187.66000366210938,186.1988067626953,12808600
2019-06-27,189.8800048828125,198.8800048828125,188.27000427246094,189.5,188.0244903564453,11159000
2019-06-28,190.5500030517578,193.1999969482422,189.94000244140625,193.0,191.4972381591797,16378900
2019-07-01,195.2100067138672,195.27999877929688,191.92999267578125,193.0,191.4972381591797,14181800
2019-07-02,193.0,195.0,192.7100067138672,195.0,193.4816436767578,9050000
2019-07-03,194.16000366210938,197.39999389648438,194.16000366210938,197.1999969482422,195.66452026367188,10246100
2019-07-05,196.17999267578125,197.07000732421875,194.1699981689453,196.39999389648438,194.87075805664062,11164100
2019-07-08,195.19000244140625,196.67999267578125,193.63999938964844,195.75999450683594,194.23573303222656,9723900
2019-07-09,194.97000122070312,199.4600067138672,194.88999938964844,199.2100067138672,197.65887451171875,14698600
2019-07-10,200.0,202.9600067138672,199.6699981689453,202.72999572753906,201.15147399902344,20571700
2019-07-11,203.25999450683594,203.8000030517578,200.2100067138672,201.22999572753906,199.66317749023438,13678500
2019-07-12,199.67999267578125,205.3000030517578,199.16000366210938,204.8699951171875,203.2748260498047,15366300
2019-07-15,204.25,205.3300018310547,201.82000732421875,203.91000366210938,202.32228088378906,16030300
2019-07-16,203.88999938964844,205.47000122070312,203.10000610351562,203.83999633789062,202.25282287597656,12132700
2019-07-17,204.17999267578125,204.36000061035156,201.58999633789062,201.8000030517578,200.2286834716797,12083700
2019-07-18,200.14999389648438,202.47000122070312,199.3800048828125,200.77999877929688,199.21664428710938,11937900
2019-07-19,202.17999267578125,202.3300018310547,198.07000732421875,198.36000061035156,196.81549072265625,12098300
2019-07-22,199.91000366210938,202.57000732421875,198.80999755859375,202.32000732421875,200.7446746826172,13589000
2019-07-23,202.83999633789062,204.24000549316406,200.9600067138672,202.36000061035156,200.78433227539062,14583700
2019-07-24,197.6300048828125,204.80999755859375,197.22000122070312,204.66000366210938,203.06643676757812,32532500
2019-07-25,206.6999969482422,208.66000366210938,198.25999450683594,200.7100067138672,199.14720153808594,39889900
2019-07-26,200.19000244140625,202.8800048828125,196.25,199.75,198.19468688964844,24434000
2019-07-29,199.0,199.6300048828125,195.3000030517578,195.94000244140625,194.41436767578125,16530800
2019-07-30,195.38999938964844,198.7100067138672,193.5,197.0399932861328,195.50579833984375,11903600
2019-07-31,196.9499969482422,198.75999450683594,192.67999267578125,194.22999572753906,192.71763610839844,14593500
2019-08-01,194.1699981689453,198.47000122070312,190.8800048828125,192.72999572753906,191.22933959960938,17777000
2019-08-02,191.10000610351562,192.6199951171875,188.07000732421875,189.02000427246094,187.5482177734375,15297000
2019-08-05,184.69000244140625,185.6699981689453,179.33999633789062,181.72999572753906,180.3149871826172,23086700
2019-08-06,183.69000244140625,185.7899932861328,183.08999633789062,184.50999450683594,183.0733184814453,18035700
2019-08-07,183.60000610351562,186.3699951171875,181.22000122070312,185.14999389648438,183.70834350585938,15833200
2019-08-08,186.6199951171875,190.33999633789062,184.0500030517578,190.16000366210938,188.67935180664062,14828900
2019-08-09,190.0,190.97999572753906,187.1199951171875,187.85000610351562,186.3873291015625,11058800
2019-08-12,186.85000610351562,187.58999633789062,184.4600067138672,185.3699951171875,183.92662048339844,10930900
2019-08-13,185.52000427246094,191.3800048828125,185.3699951171875,188.4499969482422,186.98263549804688,13577000
2019-08-14,185.8000030517578,185.99000549316406,179.30999755859375,179.7100067138672,178.3107147216797,18903700
2019-08-15,180.9499969482422,183.1999969482422,180.02999877929688,182.58999633789062,181.16827392578125,12925900
2019-08-16,183.75,185.10000610351562,182.36000061035156,183.6999969482422,182.26963806152344,12654600
2019-08-19,186.00999450683594,187.5,184.85000610351562,186.1699981689453,184.7204132080078,9691200
2019-08-20,185.4499969482422,186.0,182.38999938964844,183.80999755859375,182.3787841796875,10083400
2019-08-21,185.0,185.89999389648438,183.13999938964844,183.5500030517578,182.12078857421875,8398200
2019-08-22,183.42999267578125,184.11000061035156,179.91000366210938,182.0399932861328,180.62255859375,10821400
2019-08-23,180.83999633789062,183.1300048828125,176.66000366210938,177.75,176.365966796875,17323400
2019-08-26,179.39999389648438,180.5,178.24000549316406,180.36000061035156,178.9556427001953,8773600
2019-08-27,181.92999267578125,184.0399932861328,181.00999450683594,181.3000030517578,179.88833618164062,14399600
2019-08-28,180.52999877929688,181.9499969482422,178.9199981689453,181.75999450683594,180.34475708007812,9386100
2019-08-29,183.77000427246094,186.0800018310547,183.47000122070312,185.57000732421875,184.12509155273438,10128700
2019-08-30,186.77999877929688,186.8000030517578,183.4600067138672,185.6699981689453,184.2242889404297,10774500
2019-09-03,184.0,185.6699981689453,182.11000061035156,182.38999938964844,180.96983337402344,9779400
2019-09-04,184.64999389648438,187.75,183.88999938964844,187.13999938964844,185.68284606933594,11308000
2019-09-05,188.52999877929688,191.36000061035156,187.94000244140625,190.89999389648438,189.41358947753906,13876700
2019-09-06,190.2100067138672,190.2100067138672,186.35000610351562,187.49000549316406,186.03012084960938,15226800
2019-09-09,187.72999572753906,188.97999572753906,185.85000610351562,188.75999450683594,187.2902374267578,14722400
2019-09-10,187.44000244140625,188.10000610351562,184.5500030517578,186.1699981689453,184.7204132080078,15455900
2019-09-11,186.4600067138672,189.44000244140625,186.0800018310547,188.49000549316406,187.02235412597656,11761700
2019-09-12,189.86000061035156,190.92999267578125,187.22999572753906,187.47000122070312,186.01028442382812,11419800
2019-09-13,187.3300018310547,187.97000122070312,186.5399932861328,187.19000244140625,185.73245239257812,11441100
2019-09-16,186.92999267578125,187.7899932861328,185.77000427246094,186.22000122070312,184.77001953125,8444800
2019-09-17,186.66000366210938,188.32000732421875,185.5399932861328,188.0800018310547,186.61553955078125,9671100
2019-09-18,188.08999633789062,189.0800018310547,186.00999450683594,188.13999938964844,186.675048828125,9681900
2019-09-19,188.66000366210938,191.10000610351562,188.14999389648438,190.13999938964844,188.6595001220703,10392700
2019-09-20,190.66000366210938,193.10000610351562,188.1199951171875,189.92999267578125,188.4511260986328,19934200
2019-09-23,189.33999633789062,190.10000610351562,185.2100067138672,186.82000732421875,185.3653564453125,13327600
2019-09-24,187.97999572753906,188.0399932861328,180.38999938964844,181.27999877929688,179.86846923828125,18546600
2019-09-25,181.4499969482422,183.4199981689453,177.8699951171875,182.8000030517578,181.37664794921875,18068300
2019-09-26,181.3300018310547,181.39999389648438,177.6699981689453,180.11000061035156,178.7075958251953,16083300
2019-09-27,180.49000549316406,180.75999450683594,175.66000366210938,177.10000610351562,175.72103881835938,14656200
2019-09-30,177.8699951171875,178.6699981689453,176.85000610351562,178.0800018310547,176.69338989257812,10740000
2019-10-01,179.14999389648438,179.83999633789062,174.8800048828125,175.80999755859375,174.44107055664062,17073000
2019-10-02,174.83999633789062,176.52999877929688,173.08999633789062,174.60000610351562,173.24050903320312,16151700
2019-10-03,175.57000732421875,179.83999633789062,173.6300048828125,179.3800048828125,177.9832763671875,16086300
2019-10-04,179.5500030517578,180.97999572753906,178.10000610351562,180.4499969482422,179.04493713378906,10430200
2019-10-07,180.0,181.17999267578125,178.08999633789062,179.67999267578125,178.2809295654297,9178300
2019-10-08,178.25999450683594,180.3699951171875,177.72000122070312,177.75,176.365966796875,9466900
2019-10-09,179.16000366210938,180.72000122070312,177.94000244140625,179.85000610351562,178.44964599609375,7556900
2019-10-10,180.32000732421875,181.61000061035156,179.1699981689453,180.02999877929688,178.62823486328125,8605000
2019-10-11,182.14999389648438,186.49000549316406,182.13999938964844,184.19000244140625,182.7558135986328,14930500
2019-10-14,184.1999969482422,184.6199951171875,182.57000732421875,183.27999877929688,181.85292053222656,7006000
2019-10-15,183.8000030517578,190.3800048828125,183.66000366210938,188.88999938964844,187.4192352294922,15039100
2019-10-16,188.32000732421875,189.6999969482422,186.89999389648438,189.5500030517578,188.0740966796875,10516900
2019-10-17,190.3000030517578,190.83999633789062,188.77000427246094,190.38999938964844,188.9075469970703,9603000
2019-10-18,190.22999572753906,191.49000549316406,183.9199981689453,185.85000610351562,184.4029083251953,16874200
2019-10-21,187.0399932861328,189.91000366210938,186.75,189.75999450683594,188.282470703125,8122600
2019-10-22,190.0,190.64999389648438,181.5,182.33999633789062,180.9202423095703,19537600
2019-10-23,182.00999450683594,186.3800048828125,182.0,186.14999389648438,184.70054626464844,12300400
2019-10-24,184.6199951171875,186.72999572753906,182.8000030517578,186.3800048828125,184.92880249023438,11413500
2019-10-25,185.8300018310547,189.0,185.08999633789062,187.88999938964844,186.42701721191406,8061200
2019-10-28,187.1999969482422,189.52999877929688,185.0800018310547,189.39999389648438,187.92526245117188,13657900
2019-10-29,191.69000244140625,192.52999877929688,188.47000122070312,189.30999755859375,187.83595275878906,13574900
2019-10-30,189.55999755859375,190.4499969482422,185.97999572753906,188.25,186.7842254638672,28734600
2019-10-31,196.6999969482422,198.08999633789062,188.25,191.64999389648438,190.15774536132812,42286500
2019-11-01,192.85000610351562,194.11000061035156,189.91000366210938,193.6199951171875,192.11241149902344,21711800
2019-11-04,194.5500030517578,197.3699951171875,193.80999755859375,194.72000122070312,193.203857421875,16371300
2019-11-05,195.3699951171875,195.75,193.60000610351562,194.32000732421875,192.8069610595703,9942000
2019-11-06,194.02999877929688,194.3699951171875,191.35000610351562,191.5500030517578,190.0585174560547,10973000
2019-11-07,191.91000366210938,193.44000244140625,189.47000122070312,190.4199981689453,188.93731689453125,13473000
2019-11-08,190.0,192.33999633789062,189.6999969482422,190.83999633789062,189.3540496826172,10760800
2019-11-11,189.92999267578125,190.0800018310547,188.5399932861328,189.61000061035156,188.13360595703125,8631200
2019-11-12,190.0,195.05999755859375,189.74000549316406,194.47000122070312,192.95579528808594,17615500
2019-11-13,194.6999969482422,195.6999969482422,192.74000549316406,193.19000244140625,191.68577575683594,10860700
2019-11-14,192.92999267578125,194.02999877929688,191.4499969482422,193.14999389648438,191.64605712890625,9040500
2019-11-15,194.25999450683594,195.3000030517578,193.3800048828125,195.10000610351562,193.5808868408203,11524300
2019-11-18,194.55999755859375,198.6300048828125,193.0500030517578,197.39999389648438,195.8629913330078,16167200
2019-11-19,197.39999389648438,200.0,196.86000061035156,199.32000732421875,197.76800537109375,19056800
2019-11-20,198.5800018310547,199.58999633789062,195.42999267578125,197.50999450683594,195.97210693359375,12355400
2019-11-21,197.4199981689453,199.08999633789062,196.86000061035156,197.92999267578125,196.3888397216797,12131000
2019-11-22,198.3800048828125,199.3000030517578,197.6199951171875,198.82000732421875,197.27191162109375,9959800
2019-11-25,199.52000427246094,200.97000122070312,199.25,199.7899932861328,198.23435974121094,15272300
2019-11-26,200.0,200.14999389648438,198.0399932861328,198.97000122070312,197.42076110839844,11735500
2019-11-27,199.89999389648438,203.13999938964844,199.4199981689453,202.0,200.42715454101562,12736600
2019-11-29,201.60000610351562,203.8000030517578,201.2100067138672,201.63999938964844,200.06996154785156,7985200
2019-12-02,202.1300048828125,202.17999267578125,198.0500030517578,199.6999969482422,198.14505004882812,11503400
2019-12-03,197.60000610351562,198.92999267578125,195.0800018310547,198.82000732421875,197.27191162109375,11595300
2019-12-04,200.0,200.02999877929688,198.0500030517578,198.7100067138672,197.16278076171875,8456300
2019-12-05,199.86000061035156,201.2899932861328,198.2100067138672,199.36000061035156,197.80770874023438,9740400
2019-12-06,200.5,201.57000732421875,200.05999755859375,201.0500030517578,199.4845428466797,12270600
2019-12-09,200.64999389648438,203.13999938964844,200.2100067138672,201.33999633789062,199.77227783203125,11954800
2019-12-10,201.66000366210938,202.0500030517578,200.14999389648438,200.8699951171875,199.30596923828125,9475700
2019-12-11,200.27999877929688,202.6300048828125,200.27999877929688,202.25999450683594,200.68511962890625,8036800
2019-12-12,202.35000610351562,203.66000366210938,194.10000610351562,196.75,195.21803283691406,23734800
2019-12-13,196.39999389648438,196.8000030517578,193.1699981689453,194.11000061035156,192.5985870361328,18798000
2019-12-16,195.27000427246094,199.1199951171875,194.80999755859375,197.9199981689453,196.37892150878906,14911500
2019-12-17,198.83999633789062,199.0,196.1300048828125,198.38999938964844,196.8452606201172,10175700
2019-12-18,200.08999633789062,204.3000030517578,200.08999633789062,202.5,200.92327880859375,23274400
2019-12-19,202.77999877929688,206.3000030517578,202.50999450683594,206.05999755859375,204.4555206298828,16514600
2019-12-20,207.47999572753906,207.7100067138672,203.42999267578125,206.3000030517578,204.69366455078125,27306900
2019-12-23,206.6999969482422,208.58999633789062,205.67999267578125,206.17999267578125,204.57460021972656,13348900
2019-12-24,206.3000030517578,206.7899932861328,205.0,205.1199951171875,203.5228729248047,6046300
2019-12-26,205.57000732421875,207.82000732421875,205.30999755859375,207.7899932861328,206.1720733642578,9350700
2019-12-27,208.6699981689453,208.92999267578125,206.58999633789062,208.10000610351562,206.47967529296875,10284200
2019-12-30,207.86000061035156,207.89999389648438,203.89999389648438,204.41000366210938,202.81838989257812,10524300
2019-12-31,204.0,205.55999755859375,203.60000610351562,205.25,203.65185546875,8953500
2020-01-02,206.75,209.7899932861328,206.27000427246094,209.77999877929688,208.1465606689453,12077100
2020-01-03,207.2100067138672,210.39999389648438,206.9499969482422,208.6699981689453,207.0452117919922,11188400
2020-01-06,206.6999969482422,212.77999877929688,206.52000427246094,212.60000610351562,210.9446258544922,17058900
2020-01-07,212.82000732421875,214.5800018310547,211.75,213.05999755859375,211.4010467529297,14912400
2020-01-08,213.0,216.24000549316406,212.61000061035156,215.22000122070312,213.5442352294922,13475000
2020-01-09,217.5399932861328,218.3800048828125,216.27999877929688,218.3000030517578,216.60025024414062,12642800
2020-01-10,219.1999969482422,219.8800048828125,217.4199981689453,218.05999755859375,216.36207580566406,12119400
2020-01-13,219.60000610351562,221.97000122070312,219.2100067138672,221.91000366210938,220.18212890625,14463400
2020-01-14,221.61000061035156,222.3800048828125,218.6300048828125,219.05999755859375,217.3543243408203,13288900
2020-01-15,220.61000061035156,221.67999267578125,220.13999938964844,221.14999389648438,219.42803955078125,10036500
2020-01-16,222.57000732421875,222.6300048828125,220.38999938964844,221.77000427246094,220.04319763183594,10015300
2020-01-17,222.02999877929688,222.2899932861328,220.52999877929688,222.13999938964844,220.4103240966797,15905900
2020-01-21,222.16000366210938,222.3699951171875,219.1199951171875,221.44000244140625,219.71578979492188,14275800
2020-01-22,222.30999755859375,222.75,221.27999877929688,221.32000732421875,219.59674072265625,12212800
2020-01-23,220.75,221.49000549316406,219.27000427246094,219.75999450683594,218.0488739013672,11195000
2020-01-24,220.8000030517578,221.77999877929688,216.11000061035156,217.94000244140625,216.24305725097656,11905800
2020-01-27,213.10000610351562,216.05999755859375,212.5,214.8699951171875,213.19692993164062,13810700
2020-01-28,216.13999938964844,218.74000549316406,213.52000427246094,217.7899932861328,216.09420776367188,13413800
2020-01-29,221.44000244140625,224.1999969482422,218.4499969482422,223.22999572753906,221.49185180664062,33181300
2020-01-30,206.52999877929688,211.42999267578125,204.75,209.52999877929688,207.89852905273438,48775500
2020-01-31,208.42999267578125,208.69000244140625,201.05999755859375,201.91000366210938,200.33786010742188,31359900
2020-02-03,203.44000244140625,205.13999938964844,202.5,204.19000244140625,202.60012817382812,15495600
2020-02-04,206.6199951171875,210.60000610351562,205.1999969482422,209.8300018310547,208.1962127685547,19628900
2020-02-05,212.50999450683594,212.72999572753906,208.7100067138672,210.11000061035156,208.47402954101562,12538200
2020-02-06,210.47000122070312,211.19000244140625,209.33999633789062,210.85000610351562,209.208251953125,10567500
2020-02-07,210.3000030517578,212.82000732421875,209.92999267578125,212.3300018310547,210.67672729492188,12242500
2020-02-10,211.52000427246094,213.8000030517578,210.66000366210938,213.05999755859375,211.4010467529297,11856400
2020-02-11,210.19000244140625,210.86000061035156,206.50999450683594,207.19000244140625,205.5767364501953,25030800
2020-02-12,207.85000610351562,211.22000122070312,207.39999389648438,210.75999450683594,209.11892700195312,13813700
2020-02-13,209.52000427246094,214.3300018310547,209.17999267578125,213.13999938964844,211.4804229736328,15396600
2020-02-14,214.0,214.92999267578125,212.64999389648438,214.17999267578125,212.51231384277344,10741700
2020-02-18,213.5500030517578,217.97999572753906,213.39999389648438,217.8000030517578,216.10414123535156,15609200
2020-02-19,217.99000549316406,218.32000732421875,216.11000061035156,217.49000549316406,215.79652404785156,12135100
2020-02-20,216.52000427246094,218.77000427246094,212.9499969482422,214.5800018310547,212.90919494628906,13109200
2020-02-21,213.47999572753906,214.24000549316406,208.8300018310547,210.17999267578125,208.54345703125,14092300
2020-02-24,201.8000030517578,203.64999389648438,198.1699981689453,200.72000122070312,199.15711975097656,23080100
2020-02-25,202.25,203.5,195.9499969482422,196.77000427246094,195.23785400390625,21433500
2020-02-26,197.19000244140625,201.2100067138672,195.49000549316406,197.1999969482422,195.66452026367188,16524500
2020-02-27,191.82000732421875,195.8800048828125,189.5,189.75,188.2725372314453,21682600
2020-02-28,182.6999969482422,192.74000549316406,181.82000732421875,192.47000122070312,190.97134399414062,32568900
2020-03-02,194.02999877929688,196.57000732421875,188.85000610351562,196.44000244140625,194.91046142578125,24949000
2020-03-03,196.22000122070312,197.24000549316406,183.97000122070312,185.88999938964844,184.4425811767578,27984100
2020-03-04,189.1699981689453,191.8300018310547,186.38999938964844,191.75999450683594,190.26687622070312,23062500
2020-03-05,186.77999877929688,188.99000549316406,183.88999938964844,185.1699981689453,183.72817993164062,19333400
2020-03-06,178.3300018310547,183.77999877929688,176.25999450683594,181.08999633789062,179.67996215820312,24559600
2020-03-09,169.60000610351562,175.0,165.19000244140625,169.5,168.1802215576172,29949000
2020-03-10,174.6699981689453,178.2899932861328,169.5,178.19000244140625,176.80255126953125,24517800
2020-03-11,174.00999450683594,175.8800048828125,167.66000366210938,170.24000549316406,168.91444396972656,20373900
2020-03-12,159.5399932861328,166.60000610351562,154.33999633789062,154.47000122070312,153.26724243164062,43266300
2020-03-13,163.52999877929688,170.7899932861328,157.60000610351562,170.27999877929688,168.95413208007812,35028600
2020-03-16,152.32000732421875,159.1300048828125,143.10000610351562,146.00999450683594,144.8731231689453,39120400
2020-03-17,150.74000549316406,153.94000244140625,140.0,149.4199981689453,148.2565460205078,34255600
2020-03-18,139.75,148.17999267578125,137.10000610351562,146.9600067138672,145.81570434570312,37553100
2020-03-19,146.6199951171875,159.92999267578125,144.8000030517578,153.1300048828125,151.93765258789062,39862300
2020-03-20,156.02000427246094,159.27000427246094,148.0,149.72999572753906,148.5641632080078,32568400
2020-03-23,149.66000366210938,152.30999755859375,142.25,148.10000610351562,146.9468536376953,29830800
2020-03-24,155.2100067138672,161.30999755859375,152.57000732421875,160.97999572753906,159.72654724121094,30440400
2020-03-25,158.9199981689453,162.99000549316406,153.05999755859375,156.2100067138672,154.9936981201172,35184300
2020-03-26,158.25,164.0,157.02000427246094,163.33999633789062,162.06817626953125,26556800
2020-03-27,158.1999969482422,160.08999633789062,154.75,156.7899932861328,155.5691375732422,24879900
2020-03-30,159.17999267578125,166.75,158.05999755859375,165.9499969482422,164.65786743164062,22515200
2020-03-31,165.47999572753906,170.92999267578125,164.1999969482422,166.8000030517578,165.50123596191406,23676300
2020-04-01,161.6199951171875,164.14999389648438,158.0399932861328,159.60000610351562,158.35731506347656,19507600
2020-04-02,159.10000610351562,161.35000610351562,155.9199981689453,158.19000244140625,156.95828247070312,20886300
2020-04-03,157.14999389648438,157.91000366210938,150.8300018310547,154.17999267578125,152.97947692871094,25983300
2020-04-06,160.14999389648438,166.1999969482422,158.50999450683594,165.5500030517578,164.26097106933594,28453600
2020-04-07,171.7899932861328,173.38999938964844,166.00999450683594,168.8300018310547,167.5154266357422,31411900
2020-04-08,171.25,175.0,167.74000549316406,174.27999877929688,172.9229736328125,21664200
2020-04-09,175.89999389648438,177.0800018310547,171.57000732421875,175.19000244140625,173.8258819580078,23534300
2020-04-13,173.6699981689453,175.0,169.4499969482422,174.7899932861328,173.4290313720703,19355400
2020-04-14,178.97999572753906,181.22999572753906,176.6199951171875,178.1699981689453,176.78269958496094,21011800
2020-04-15,175.19000244140625,178.19000244140625,172.82000732421875,176.97000122070312,175.59205627441406,17423000
2020-04-16,177.9499969482422,178.0500030517578,172.50999450683594,176.25,174.87767028808594,23593200
2020-04-17,179.1999969482422,180.27999877929688,176.66000366210938,179.24000549316406,177.84437561035156,20974800
2020-04-20,177.41000366210938,180.5,176.77000427246094,178.24000549316406,176.85215759277344,16110700
2020-04-21,175.25,175.3800048828125,168.33999633789062,170.8000030517578,169.47007751464844,24850500
2020-04-22,178.4499969482422,184.77999877929688,178.13999938964844,182.27999877929688,180.86070251464844,33242000
2020-04-23,184.0800018310547,187.0500030517578,183.14999389648438,185.1300048828125,183.68849182128906,21426600
2020-04-24,183.22999572753906,190.41000366210938,180.8300018310547,190.07000732421875,188.5900421142578,28792000
2020-04-27,192.66000366210938,193.75,187.41000366210938,187.5,186.04005432128906,29197800
2020-04-28,188.66000366210938,189.1999969482422,182.55999755859375,182.91000366210938,181.48577880859375,21731000
2020-04-29,190.92999267578125,196.91000366210938,190.0,194.19000244140625,192.677978515625,45954500
2020-04-30,206.9199981689453,209.69000244140625,201.57000732421875,204.7100067138672,203.11605834960938,46230100
2020-05-01,201.60000610351562,207.27999877929688,199.0500030517578,202.27000427246094,200.695068359375,30415600
2020-05-04,200.1999969482422,205.91000366210938,198.75999450683594,205.25999450683594,203.66177368164062,19250700
2020-05-05,207.02000427246094,210.3800048828125,206.5,207.07000732421875,205.4576873779297,21071200
2020-05-06,208.1199951171875,211.60000610351562,206.66000366210938,208.47000122070312,206.84678649902344,21857000
2020-05-07,211.16000366210938,211.60000610351562,209.0399932861328,211.25999450683594,209.6150360107422,15152000
2020-05-08,212.24000549316406,213.2100067138672,210.85000610351562,212.35000610351562,210.6965789794922,12506000
2020-05-11,210.88999938964844,215.0,210.3699951171875,213.17999267578125,211.52008056640625,12911900
2020-05-12,213.2899932861328,215.27999877929688,210.0,210.10000610351562,208.46408081054688,14704600
2020-05-13,209.42999267578125,210.77999877929688,202.11000061035156,205.10000610351562,203.50303649902344,20684600
2020-05-14,202.55999755859375,206.92999267578125,200.69000244140625,206.80999755859375,205.19972229003906,17178900
2020-05-15,205.27000427246094,211.33999633789062,204.1199951171875,210.8800048828125,209.23802185058594,19383200
2020-05-18,212.14999389648438,214.63999938964844,210.94000244140625,213.19000244140625,211.53001403808594,20151900
2020-05-19,213.27000427246094,220.49000549316406,212.8300018310547,216.8800048828125,215.19131469726562,31843200
2020-05-20,223.5,231.33999633789062,223.19000244140625,229.97000122070312,228.1793670654297,50162900
2020-05-21,234.72000122070312,237.1999969482422,231.1999969482422,231.38999938964844,229.5883331298828,47782600
2020-05-22,231.50999450683594,235.99000549316406,228.74000549316406,234.91000366210938,233.08091735839844,33925600
2020-05-26,239.77000427246094,240.89999389648438,231.6699981689453,232.1999969482422,230.39198303222656,33178300
2020-05-27,229.07000732421875,230.55999755859375,221.1300048828125,229.13999938964844,227.3558349609375,34697600
2020-05-28,224.3000030517578,231.6300048828125,224.0,225.4600067138672,223.70448303222656,29377200
2020-05-29,225.1999969482422,227.49000549316406,222.8800048828125,225.08999633789062,223.33737182617188,23241500
2020-06-01,224.58999633789062,232.44000244140625,223.5,231.91000366210938,230.10426330566406,18223800
2020-06-02,230.94000244140625,233.0,226.55999755859375,232.72000122070312,230.907958984375,20919000
2020-06-03,232.11000061035156,232.64999389648438,228.52999877929688,230.16000366210938,228.36788940429688,15380300
2020-06-04,229.55999755859375,231.6300048828125,224.61000061035156,226.2899932861328,224.5280303955078,17041500
2020-06-05,226.7100067138672,231.35000610351562,225.30999755859375,230.77000427246094,228.97314453125,16750400
2020-06-08,229.02999877929688,231.5500030517578,227.41000366210938,231.39999389648438,229.5982208251953,15466500
2020-06-09,231.52000427246094,239.77000427246094,230.41000366210938,238.6699981689453,236.8116455078125,27462900
2020-06-10,240.9600067138672,241.2100067138672,235.27999877929688,236.72999572753906,234.88671875,20720700
2020-06-11,229.94000244140625,232.88999938964844,223.5500030517578,224.42999267578125,222.68251037597656,26708200
2020-06-12,229.89999389648438,231.66000366210938,224.5,228.5800018310547,226.80018615722656,22091400
2020-06-15,225.08999633789062,233.77000427246094,224.8000030517578,232.5,230.68966674804688,15340300
2020-06-16,237.13999938964844,238.4600067138672,233.0,235.64999389648438,233.8151397705078,15236700
2020-06-17,235.0,237.58999633789062,231.72999572753906,235.52999877929688,233.69606018066406,19578100
2020-06-18,234.99000549316406,236.13999938964844,232.14999389648438,235.94000244140625,234.10289001464844,15782500
2020-06-19,237.7899932861328,240.8300018310547,235.5500030517578,238.7899932861328,236.93069458007812,30081300
2020-06-22,238.55999755859375,240.6999969482422,236.91000366210938,239.22000122070312,237.3573455810547,18917800
2020-06-23,241.27999877929688,245.19000244140625,239.86000061035156,242.24000549316406,240.3538360595703,24017900
2020-06-24,241.1999969482422,243.22000122070312,232.67999267578125,234.02000427246094,232.1977996826172,20834900
2020-06-25,234.6199951171875,237.3000030517578,232.74000549316406,235.67999267578125,233.84490966796875,18704300
2020-06-26,232.63999938964844,233.08999633789062,215.39999389648438,216.0800018310547,214.39752197265625,76343900
2020-06-29,209.75,220.75,207.11000061035156,220.63999938964844,218.92201232910156,58514300
2020-06-30,220.58999633789062,227.5,218.47000122070312,227.07000732421875,225.3019561767578,33927100
2020-07-01,228.5,239.0,227.55999755859375,237.5500030517578,235.70034790039062,43399700
2020-07-02,239.0,240.0,232.61000061035156,233.4199981689453,231.6024932861328,30633600
2020-07-06,233.75999450683594,240.39999389648438,232.27000427246094,240.27999877929688,238.40907287597656,26206200
2020-07-07,239.41000366210938,247.64999389648438,238.82000732421875,240.86000061035156,238.9845733642578,27887800
2020-07-08,238.11000061035156,246.99000549316406,236.58999633789062,243.5800018310547,241.6833953857422,29791300
2020-07-09,245.0,246.52999877929688,239.24000549316406,244.5,242.5962371826172,22174900
2020-07-10,243.69000244140625,245.49000549316406,239.32000732421875,245.07000732421875,243.1617889404297,22982700
2020-07-13,247.00999450683594,250.14999389648438,238.4199981689453,239.0,237.13906860351562,24674900
2020-07-14,236.75999450683594,240.3300018310547,232.02999877929688,239.72999572753906,237.86338806152344,23378100
2020-07-15,241.5500030517578,244.82000732421875,238.0500030517578,240.27999877929688,238.40907287597656,19133600
2020-07-16,238.0,241.75999450683594,236.3300018310547,240.92999267578125,239.0540313720703,18880700
2020-07-17,241.0,244.16000366210938,237.86000061035156,242.02999877929688,240.1454620361328,18152400
2020-07-20,240.05999755859375,246.0500030517578,235.63999938964844,245.4199981689453,243.50906372070312,20872200
2020-07-21,246.22000122070312,246.91000366210938,240.0800018310547,241.75,239.86766052246094,19364200
2020-07-22,240.25999450683594,241.89999389648438,238.1199951171875,239.8699951171875,238.00228881835938,15427900
2020-07-23,239.6300048828125,242.4199981689453,231.75,232.60000610351562,230.7888946533203,21771800
2020-07-24,230.19000244140625,233.49000549316406,226.89999389648438,230.7100067138672,228.91363525390625,18325800
2020-07-27,231.4600067138672,234.9499969482422,230.8300018310547,233.5,231.68185424804688,13163100
2020-07-28,234.6300048828125,234.9600067138672,229.8300018310547,230.1199951171875,228.32821655273438,14170100
2020-07-29,231.13999938964844,233.6999969482422,230.30999755859375,233.2899932861328,231.4735107421875,13588300
2020-07-30,230.22000122070312,234.88999938964844,229.0,234.5,232.67408752441406,20615300
2020-07-31,255.82000732421875,255.85000610351562,249.0,253.6699981689453,251.69483947753906,53005100
2020-08-03,252.64999389648438,255.39999389648438,250.3300018310547,251.9600067138672,249.99813842773438,23124900
2020-08-04,251.55999755859375,252.8000030517578,247.42999267578125,249.8300018310547,247.8847198486328,17183500
2020-08-05,250.19000244140625,252.27000427246094,247.77000427246094,249.1199951171875,247.1802520751953,13050100
2020-08-06,249.0399932861328,266.6000061035156,248.6699981689453,265.2799987792969,263.2144775390625,45241600
2020-08-07,264.0799865722656,278.8900146484375,263.42999267578125,268.44000244140625,266.349853515625,72766400
2020-08-10,268.0400085449219,273.8599853515625,259.69000244140625,263.0,260.95220947265625,30248800
2020-08-11,260.19000244140625,265.9200134277344,255.1300048828125,256.1300048828125,254.13568115234375,28238300
2020-08-12,258.9700012207031,263.8999938964844,258.1099853515625,259.8900146484375,257.86639404296875,21415700
2020-08-13,261.54998779296875,265.1600036621094,259.57000732421875,261.29998779296875,259.26544189453125,17374000
2020-08-14,262.30999755859375,262.6499938964844,258.67999267578125,261.239990234375,259.20587158203125,14792700
2020-08-17,262.5,264.1000061035156,259.3999938964844,261.1600036621094,259.12652587890625,13351100
2020-08-18,260.95001220703125,265.1499938964844,259.260009765625,262.3399963378906,260.2973327636719,18690400
2020-08-19,261.3900146484375,267.9100036621094,261.3500061035156,262.5899963378906,260.54534912109375,23291500
2020-08-20,261.5,269.6300048828125,261.4599914550781,269.010009765625,266.9153747558594,20299700
2020-08-21,268.69000244140625,270.489990234375,266.4200134277344,267.010009765625,264.9309997558594,15538600
2020-08-24,271.07000732421875,277.25,268.7699890136719,271.3900146484375,269.2768859863281,23685600
2020-08-25,272.4100036621094,283.0899963378906,270.260009765625,280.82000732421875,278.63348388671875,42127200
2020-08-26,284.0,304.6700134277344,284.0,303.9100036621094,301.54364013671875,69015200
2020-08-27,300.1600036621094,301.2300109863281,292.0199890136719,293.2200012207031,290.9368896484375,30301300
2020-08-28,295.0,297.2300109863281,290.9800109863281,293.6600036621094,291.3735046386719,17157400
2020-08-31,293.95001220703125,296.8800048828125,291.54998779296875,293.20001220703125,290.9170227050781,17345100
2020-09-01,294.7099914550781,301.489990234375,292.7099914550781,295.44000244140625,293.1396179199219,17295900
2020-09-02,298.8800048828125,303.6000061035156,293.04998779296875,302.5,300.1446228027344,24341400
2020-09-03,295.989990234375,297.6000061035156,283.6300048828125,291.1199951171875,288.8532409667969,32294100
2020-09-04,287.25,289.0,271.1400146484375,282.7300109863281,280.528564453125,30333700
2020-09-08,271.2799987792969,279.29998779296875,269.4200134277344,271.1600036621094,269.0487060546875,24864000
2020-09-09,275.7699890136719,278.4800109863281,271.3500061035156,273.7200012207031,271.5887451171875,22918800
2020-09-10,275.510009765625,279.1600036621094,267.0299987792969,268.0899963378906,266.0024719238281,24814700
2020-09-11,270.05999755859375,271.3900146484375,262.6400146484375,266.6099853515625,264.5340576171875,18913900
2020-09-14,270.95001220703125,276.6400146484375,265.70001220703125,266.1499938964844,264.0777282714844,24093800
2020-09-15,270.6700134277344,274.5199890136719,269.29998779296875,272.4200134277344,270.2988586425781,18478500
2020-09-16,267.2900085449219,272.44000244140625,261.7900085449219,263.5199890136719,261.4681396484375,29183400
2020-09-17,258.2799987792969,261.5,250.19000244140625,254.82000732421875,252.8358917236328,31281400
2020-09-18,258.3999938964844,259.20001220703125,250.0500030517578,252.52999877929688,250.56369018554688,28130800
2020-09-21,247.5399932861328,249.9499969482422,244.1300048828125,248.14999389648438,246.2178192138672,24709400
2020-09-22,253.30999755859375,255.32000732421875,248.22000122070312,254.75,252.7664337158203,30293100
2020-09-23,255.25999450683594,257.989990234375,248.14999389648438,249.02000427246094,247.08102416992188,19641300
2020-09-24,246.5,252.24000549316406,245.6199951171875,249.52999877929688,247.58706665039062,20006800
2020-09-25,249.39999389648438,255.75,246.61000061035156,254.82000732421875,252.8358917236328,18351300
2020-09-28,259.3999938964844,259.6000061035156,254.82000732421875,256.82000732421875,254.82032775878906,18826300
2020-09-29,257.80999755859375,263.3299865722656,256.8999938964844,261.7900085449219,259.75164794921875,20200200
2020-09-30,261.9800109863281,266.0799865722656,260.1000061035156,261.8999938964844,259.8607482910156,20142500
2020-10-01,265.3500061035156,268.3299865722656,264.79998779296875,266.6300048828125,264.5539245605469,20009800
2020-10-02,261.2099914550781,265.1499938964844,259.17999267578125,259.94000244140625,257.916015625,16367600
2020-10-05,262.20001220703125,264.8699951171875,260.8399963378906,264.6499938964844,262.58929443359375,12822300
2020-10-06,261.7799987792969,265.69000244140625,258.239990234375,258.6600036621094,256.64599609375,18696900
2020-10-07,259.2099914550781,260.17999267578125,254.82000732421875,258.1199951171875,256.1101379394531,23133400
2020-10-08,259.75,264.6199951171875,259.1499938964844,263.760009765625,261.706298828125,16312800
2020-10-09,264.5199890136719,264.75,262.1700134277344,264.45001220703125,262.3908996582031,14107800
2020-10-12,270.20001220703125,280.17999267578125,267.8699951171875,275.75,273.6029357910156,31019300
2020-10-13,277.5799865722656,279.1000061035156,273.3900146484375,276.1400146484375,273.9898681640625,18063300
2020-10-14,277.6199951171875,278.75,271.5,271.82000732421875,269.7035217285156,15577800
2020-10-15,267.6000061035156,269.0400085449219,263.6700134277344,266.7200012207031,264.64324951171875,15416100
2020-10-16,267.3800048828125,271.3699951171875,265.29998779296875,265.92999267578125,263.85931396484375,16622700
2020-10-19,265.5299987792969,268.54998779296875,259.8800048828125,261.3999938964844,259.3646240234375,13587000
2020-10-20,263.05999755859375,269.70001220703125,262.8800048828125,267.55999755859375,265.4766845703125,18763200
2020-10-21,279.55999755859375,283.04998779296875,276.3699951171875,278.7300109863281,276.5597229003906,28998600
2020-10-22,279.8699951171875,282.45001220703125,275.0400085449219,278.1199951171875,275.95440673828125,16720000
2020-10-23,278.79998779296875,285.239990234375,276.82000732421875,284.7900085449219,282.57257080078125,17535200
2020-10-26,283.1600036621094,285.2300109863281,274.260009765625,277.1099853515625,274.95233154296875,21322900
2020-10-27,278.760009765625,284.510009765625,276.30999755859375,283.2900085449219,281.084228515625,16287200
2020-10-28,278.7900085449219,278.7900085449219,267.260009765625,267.6700134277344,265.5858459472656,23121800
2020-10-29,276.54998779296875,283.6000061035156,273.7799987792969,280.8299865722656,278.64337158203125,32368100
2020-10-30,274.5,276.70001220703125,259.1000061035156,263.1099853515625,261.061279296875,47247800
2020-11-02,264.6000061035156,270.4700012207031,257.3399963378906,261.3599853515625,259.324951171875,27165700
2020-11-03,263.1600036621094,270.04998779296875,260.8800048828125,265.29998779296875,263.2342529296875,17961900
2020-11-04,281.0,288.94000244140625,278.6199951171875,287.3800048828125,285.1423645019531,35364400
2020-11-05,291.8999938964844,297.3800048828125,288.95001220703125,294.67999267578125,292.3855285644531,23823600
2020-11-06,293.95001220703125,294.6000061035156,288.05999755859375,293.4100036621094,291.12542724609375,13891000
2020-11-09,289.8699951171875,292.5799865722656,278.5299987792969,278.7699890136719,276.599365234375,25117700
2020-11-10,273.1000061035156,274.0,264.0,272.42999267578125,270.3087158203125,29067700
2020-11-11,273.4700012207031,278.3999938964844,272.4800109863281,276.4800109863281,274.3271789550781,14957000
2020-11-12,277.17999267578125,279.75,274.42999267578125,275.0799865722656,272.9381408691406,12899500
2020-11-13,277.7200012207031,277.760009765625,273.1000061035156,276.95001220703125,274.7935791015625,10391200
2020-11-16,275.04998779296875,279.4100036621094,274.6300048828125,278.9599914550781,276.7878723144531,12970400
2020-11-17,277.67999267578125,277.67999267578125,273.2900085449219,275.0,272.8587341308594,15040300
2020-11-18,274.5199890136719,277.3900146484375,271.8399963378906,271.9700012207031,269.8523254394531,12152900
2020-11-19,271.0199890136719,273.4700012207031,269.19000244140625,272.94000244140625,270.8147888183594,12963700
2020-11-20,272.55999755859375,273.0,269.4100036621094,269.70001220703125,267.60003662109375,18114700
2020-11-23,270.8900146484375,270.95001220703125,264.5299987792969,268.42999267578125,266.3399353027344,20990800
2020-11-24,268.489990234375,277.82000732421875,267.8699951171875,276.9200134277344,274.7637939453125,16930400
2020-11-25,278.1400146484375,280.17999267578125,272.6499938964844,275.5899963378906,273.44415283203125,12467000
2020-11-27,277.3900146484375,279.1300048828125,274.82000732421875,277.80999755859375,275.6468200683594,7808400
2020-11-30,276.0299987792969,277.70001220703125,271.010009765625,276.9700012207031,274.8133850097656,16693300
2020-12-01,279.1600036621094,289.29998779296875,278.9599914550781,286.54998779296875,284.31884765625,20738900
2020-12-02,285.3599853515625,291.7799987792969,280.8299865722656,287.5199890136719,285.2812194824219,17361600
2020-12-03,286.25,286.6499938964844,281.07000732421875,281.8500061035156,279.6554260253906,12921700
2020-12-04,280.29998779296875,283.4599914550781,279.29998779296875,279.70001220703125,277.52215576171875,10880300
2020-12-07,279.19000244140625,288.489990234375,278.20001220703125,285.5799865722656,283.3563232421875,13007700
2020-12-08,286.010009765625,286.42999267578125,281.54998779296875,283.3999938964844,281.1933288574219,10747700
2020-12-09,283.6600036621094,287.6300048828125,271.75,277.9200134277344,275.7559814453125,25189700
2020-12-10,275.5400085449219,278.7300109863281,271.8599853515625,277.1199951171875,274.9621887207031,20065100
2020-12-11,274.5299987792969,276.4800109863281,270.25,273.54998779296875,271.4200134277344,14391400
2020-12-14,273.3699951171875,277.2200012207031,271.55999755859375,274.19000244140625,272.0550537109375,16376900
2020-12-15,274.8299865722656,276.0799865722656,267.4700012207031,275.54998779296875,273.40447998046875,23979500
2020-12-16,274.760009765625,277.8599853515625,272.510009765625,275.6700134277344,273.5235595703125,15885000
2020-12-17,277.07000732421875,280.44000244140625,273.6099853515625,274.4800109863281,272.3427734375,16377800
2020-12-18,275.7699890136719,278.0,271.1400146484375,276.3999938964844,274.2478332519531,26693200
2020-12-21,272.9800109863281,274.6700134277344,267.7900085449219,272.7900085449219,270.66595458984375,16553700
2020-12-22,271.5,271.5,264.6300048828125,267.0899963378906,265.01025390625,17312900
2020-12-23,266.8900146484375,272.1700134277344,266.2300109863281,268.1099853515625,266.02239990234375,14329000
2020-12-24,268.8800048828125,270.3999938964844,266.20001220703125,267.3999938964844,265.31793212890625,6702000
2020-12-28,268.739990234375,277.29998779296875,265.6600036621094,277.0,274.84320068359375,23299700
2020-12-29,276.95001220703125,280.510009765625,276.2799987792969,276.7799987792969,274.6248779296875,16383000
2020-12-30,277.95001220703125,278.0799865722656,271.7099914550781,271.8699951171875,269.75311279296875,11803800
2020-12-31,272.0,277.0899963378906,269.80999755859375,273.1600036621094,271.0330810546875,12900400
2021-01-04,274.7799987792969,275.0,265.20001220703125,268.94000244140625,266.845947265625,15106100
2021-01-05,268.2900085449219,272.3999938964844,268.2099914550781,270.9700012207031,268.860107421875,9871600
2021-01-06,262.0,267.75,260.010009765625,263.30999755859375,261.259765625,24354100
2021-01-07,265.8999938964844,271.6099853515625,264.7799987792969,268.739990234375,266.6474609375,15789800
2021-01-08,268.30999755859375,268.95001220703125,263.17999267578125,267.57000732421875,265.4866027832031,18528300
2021-01-11,260.4800109863281,263.4700012207031,255.89999389648438,256.8399963378906,254.8401641845703,30412300
2021-01-12,256.6300048828125,259.7200012207031,250.3000030517578,251.08999633789062,249.1349334716797,26383500
2021-01-13,251.5500030517578,253.9499969482422,249.1999969482422,251.63999938964844,249.6806182861328,19528900
2021-01-14,253.39999389648438,255.02999877929688,244.61000061035156,245.63999938964844,243.7273712158203,29739400
2021-01-15,247.89999389648438,253.86000061035156,247.16000366210938,251.36000061035156,249.40283203125,24942900
2021-01-19,256.8999938964844,262.20001220703125,252.72000122070312,261.1000061035156,259.0669860839844,28028500
2021-01-20,268.92999267578125,270.32000732421875,263.6000061035156,267.4800109863281,265.3973388671875,25199900
2021-01-21,269.260009765625,273.6000061035156,267.489990234375,272.8699951171875,270.7453308105469,20838700
2021-01-22,272.010009765625,278.4700012207031,272.0,274.5,272.3626708984375,21954000
2021-01-25,278.1400146484375,280.1000061035156,271.510009765625,278.010009765625,275.8453369140625,19087000
2021-01-26,278.1400146484375,285.3900146484375,277.80999755859375,282.04998779296875,279.8538513183594,19373600
2021-01-27,282.5299987792969,283.45001220703125,268.1199951171875,272.1400146484375,270.0210266113281,35346200
2021-01-28,277.17999267578125,286.7900085449219,264.70001220703125,265.0,262.9366149902344,37758800
2021-01-29,265.29998779296875,266.55999755859375,254.85000610351562,258.3299865722656,256.318603515625,30389500
2021-02-01,259.5199890136719,264.1700134277344,254.91000366210938,262.010009765625,259.9698791503906,22914300
2021-02-02,264.0,268.8500061035156,263.2699890136719,267.0799865722656,265.0004577636719,17320800
2021-02-03,265.6199951171875,269.20001220703125,263.8399963378906,266.6499938964844,264.5736999511719,14223400
2021-02-04,267.010009765625,268.1600036621094,264.0,266.489990234375,264.4150085449219,16060000
2021-02-05,266.79998779296875,269.1700134277344,265.6700134277344,268.1000061035156,266.0124816894531,12454400
2021-02-08,268.75,269.8599853515625,265.0,266.5799865722656,264.5043029785156,13755200
2021-02-09,266.44000244140625,273.3900146484375,265.75,269.45001220703125,267.3520202636719,14613400
2021-02-10,272.45001220703125,273.79998779296875,267.7200012207031,271.8699951171875,269.75311279296875,14687200
2021-02-11,271.8900146484375,273.5799865722656,268.489990234375,270.3900146484375,268.28466796875,12828600
2021-02-12,270.5199890136719,271.17999267578125,268.3399963378906,270.5,268.393798828125,9097600
2021-02-16,270.79998779296875,276.6000061035156,270.04998779296875,273.9700012207031,271.8367614746094,15417200
2021-02-17,271.239990234375,273.9700012207031,269.5799865722656,273.57000732421875,271.4399108886719,12763200
2021-02-18,269.57000732421875,271.95001220703125,266.0299987792969,269.3900146484375,267.29241943359375,15249100
2021-02-19,269.8599853515625,270.2699890136719,260.1499938964844,261.55999755859375,259.5234069824219,25622600
2021-02-22,257.95001220703125,263.07000732421875,257.5299987792969,260.3299865722656,258.302978515625,17434900
2021-02-23,259.5,267.4599914550781,254.9600067138672,265.8599853515625,263.7898864746094,21924600
2021-02-24,262.3299865722656,266.3800048828125,258.3900146484375,264.30999755859375,262.2519836425781,15736100
2021-02-25,262.29998779296875,266.94000244140625,254.0399932861328,254.69000244140625,252.70687866210938,19053100
2021-02-26,256.4700012207031,265.54998779296875,256.4700012207031,257.6199951171875,255.6140899658203,26619500
2021-03-01,260.82000732421875,266.6499938964844,257.8999938964844,264.9100036621094,262.8473205566406,22157300
2021-03-02,265.7799987792969,266.7099914550781,258.6499938964844,259.0,256.98333740234375,15191700
2021-03-03,260.2900085449219,260.989990234375,255.10000610351562,255.41000366210938,253.42127990722656,15513500
2021-03-04,256.4700012207031,266.489990234375,253.5,257.6400146484375,255.63394165039062,31626500
2021-03-05,260.6700134277344,265.45001220703125,255.61000061035156,264.2799987792969,262.22222900390625,26820100
2021-03-08,265.54998779296875,265.5799865722656,255.0500030517578,255.30999755859375,253.32205200195312,18391800
2021-03-09,261.17999267578125,268.5299987792969,259.80999755859375,265.739990234375,263.6708068847656,22039700
2021-03-10,268.6400146484375,268.9700012207031,262.8699951171875,264.8999938964844,262.8373718261719,14210300
2021-03-11,268.1099853515625,277.8999938964844,267.82000732421875,273.8800048828125,271.74749755859375,21834000
2021-03-12,269.1400146484375,269.739990234375,264.0199890136719,268.3999938964844,266.3101806640625,20600200
2021-03-15,269.0799865722656,275.9599914550781,268.5,273.75,271.61846923828125,16844800
2021-03-16,276.0799865722656,282.1400146484375,274.79998779296875,279.2799987792969,277.3426208496094,22437700
2021-03-17,275.7099914550781,286.2300109863281,275.4100036621094,284.010009765625,282.0398254394531,21315000
2021-03-18,279.8699951171875,285.19000244140625,278.2799987792969,278.6199951171875,276.6872253417969,18728300
2021-03-19,281.2200012207031,292.79998779296875,281.20001220703125,290.1099853515625,288.0975036621094,38930500
2021-03-22,290.45001220703125,299.7099914550781,286.75,293.5400085449219,291.5037536621094,28273100
2021-03-23,293.1499938964844,298.0,289.8099975585937,290.6300048828125,288.61395263671875,23000900
2021-03-24,291.0,291.7200012207031,281.1600036621094,282.1400146484375,280.18280029296875,18675000
2021-03-25,280.9800109863281,288.0599975585937,277.75,278.739990234375,276.8064270019531,24505600
2021-03-26,278.29998779296875,284.5,277.7699890136719,283.0199890136719,281.0567321777344,17629200
2021-03-29,285.7699890136719,293.17999267578125,284.70001220703125,290.82000732421875,288.8026428222656,21718800
2021-03-30,289.8299865722656,292.4700012207031,286.70001220703125,288.0,286.0021667480469,17474500
2021-03-31,289.989990234375,296.5,288.6099853515625,294.5299987792969,292.4869384765625,19498200
2021-04-01,298.3999938964844,302.3999938964844,296.6000061035156,298.6600036621094,296.5882568359375,17616000
2021-04-05,300.8900146484375,310.7699890136719,300.67999267578125,308.9100036621094,306.7671203613281,28237000
2021-04-06,308.8399963378906,311.3500061035156,305.25,306.260009765625,304.1355285644531,17335200
2021-04-07,306.3399963378906,314.25,305.5,313.0899963378906,310.91815185546875,22855200
2021-04-08,314.8500061035156,315.8800048828125,310.04998779296875,313.0199890136719,310.8486328125,20894100
2021-04-09,311.3999938964844,314.739990234375,310.3299865722656,312.4599914550781,310.29248046875,15988600
2021-04-12,311.04998779296875,312.1499938964844,307.92999267578125,311.5400085449219,309.3788757324219,10881900
2021-04-13,312.2099914550781,314.42999267578125,309.32000732421875,309.760009765625,307.6112670898437,14036900
2021-04-14,307.29998779296875,308.0299987792969,301.95001220703125,302.82000732421875,300.7193908691406,17421400
2021-04-15,306.3399963378906,310.1400146484375,304.1000061035156,307.82000732421875,305.6846618652344,14558300
2021-04-16,308.1700134277344,308.95001220703125,304.6099853515625,306.17999267578125,304.0560302734375,13059200
2021-04-19,305.010009765625,307.70001220703125,300.5599975585937,302.239990234375,300.1434020996094,14553500
2021-04-20,301.989990234375,305.1000061035156,297.2099914550781,302.6499938964844,300.550537109375,16796400
2021-04-21,301.95001220703125,301.9800109863281,297.3900146484375,301.4700012207031,299.3787536621094,14863500
2021-04-22,301.3299865722656,302.9200134277344,296.0400085449219,296.5199890136719,294.46307373046875,16375400
2021-04-23,298.760009765625,302.5899963378906,297.1499938964844,301.1300048828125,299.0411376953125,17536800
2021-04-26,303.3399963378906,305.79998779296875,301.5599975585937,303.0400085449219,300.9378356933594,16172600
2021-04-27,304.2799987792969,305.3399963378906,301.1099853515625,303.57000732421875,301.4642028808594,15309300
2021-04-28,307.3599853515625,310.9200134277344,305.3699951171875,307.1000061035156,304.9696655273437,33907200
2021-04-29,330.1199951171875,331.8099975585937,321.6099853515625,329.510009765625,327.2242431640625,56526800
2021-04-30,326.1400146484375,329.82000732421875,324.5,325.0799865722656,322.8249816894531,26332400
2021-05-03,326.1700134277344,328.54998779296875,321.8399963378906,322.5799865722656,320.3423156738281,18719500
2021-05-04,320.0199890136719,322.19000244140625,313.1199951171875,318.3599853515625,316.15155029296875,24032600
2021-05-05,318.19000244140625,321.0599975585937,314.489990234375,315.0199890136719,312.8347473144531,15577600
2021-05-06,314.5199890136719,320.239990234375,313.2699890136719,320.0199890136719,317.8000793457031,19012200
2021-05-07,322.3800048828125,322.94000244140625,318.75,319.0799865722656,316.8665466308594,15916700
2021-05-10,314.3500061035156,314.5799865722656,304.8299865722656,305.9700012207031,303.8475646972656,24239200
2021-05-11,300.75,306.8399963378906,299.69000244140625,306.5299987792969,304.40362548828125,18920100
2021-05-12,301.1300048828125,304.9599914550781,298.19000244140625,302.54998779296875,300.45123291015625,24645500
2021-05-13,306.0799865722656,308.8599853515625,302.7699890136719,305.260009765625,303.1424865722656,18079200
2021-05-14,309.5400085449219,316.8500061035156,309.0799865722656,315.94000244140625,313.74835205078125,19245700
2021-05-17,313.54998779296875,315.67999267578125,311.5799865722656,315.4599914550781,313.27166748046875,15401300
2021-05-18,315.5899963378906,316.5,309.8099975585937,309.9599914550781,307.809814453125,14522400
2021-05-19,304.19000244140625,314.6600036621094,303.57000732421875,313.5899963378906,311.4146728515625,19106200
2021-05-20,313.5799865722656,319.25,313.1600036621094,318.6099853515625,316.3998718261719,17320200
2021-05-21,319.2900085449219,319.92999267578125,315.8099975585937,316.2300109863281,314.036376953125,13600900
2021-05-24,318.2099914550781,325.95001220703125,318.0299987792969,324.6300048828125,322.3780517578125,16445400
2021-05-25,327.0799865722656,329.17999267578125,324.79998779296875,327.7900085449219,325.5162048339844,16437000
2021-05-26,328.3500061035156,329.8299865722656,325.82000732421875,327.6600036621094,325.3870849609375,9686900
2021-05-27,328.0,333.7799987792969,326.760009765625,332.75,330.4417724609375,20477700
2021-05-28,331.0,332.8699951171875,328.3299865722656,328.7300109863281,326.4496459960937,12037400
2021-06-01,330.1499938964844,331.4200134277344,326.6400146484375,329.1300048828125,326.84686279296875,11765900
2021-06-02,330.3800048828125,331.8699951171875,327.1199951171875,329.1499938964844,326.8667297363281,11654300
2021-06-03,325.7799987792969,327.3800048828125,323.4800109863281,326.0400085449219,323.7782897949219,12610800
2021-06-04,325.8999938964844,332.4599914550781,325.17999267578125,330.3500061035156,328.0584411621094,13289400
2021-06-07,329.4800109863281,337.69000244140625,328.92999267578125,336.5799865722656,334.2451477050781,20136700
2021-06-08,336.70001220703125,338.29998779296875,332.239990234375,333.67999267578125,331.3652648925781,14580500
2021-06-09,335.739990234375,336.79998779296875,330.0,330.25,327.9591064453125,13727900
2021-06-10,330.7900085449219,333.94000244140625,328.54998779296875,332.4599914550781,330.1537780761719,13240200
2021-06-11,332.5799865722656,332.8299865722656,328.92999267578125,331.260009765625,328.9621276855469,13587900
2021-06-14,331.8999938964844,336.82000732421875,329.8099975585937,336.7699890136719,334.4338684082031,12250800
2021-06-15,336.989990234375,339.9200134277344,335.0299987792969,336.75,334.4140014648437,15795200
2021-06-16,336.70001220703125,337.54998779296875,328.7200012207031,331.0799865722656,328.7832946777344,17232200
2021-06-17,330.489990234375,337.9800109863281,330.1499938964844,336.510009765625,334.1756591796875,17794100
2021-06-18,334.5299987792969,336.1499938964844,329.0,329.6600036621094,327.3731994628906,23039500
2021-06-21,331.0899963378906,332.9200134277344,327.6499938964844,332.2900085449219,329.98492431640625,11337500
2021-06-22,332.69000244140625,339.9200134277344,332.6000061035156,339.0299987792969,336.6781616210937,15345300
2021-06-23,339.3500061035156,343.4200134277344,338.20001220703125,340.5899963378906,338.2273864746094,14817800
2021-06-24,341.8500061035156,344.8999938964844,341.7900085449219,343.17999267578125,340.7994079589844,12329100
2021-06-25,342.5899963378906,344.1199951171875,339.67999267578125,341.3699951171875,339.0019226074219,14594400
2021-06-28,342.4599914550781,358.1400146484375,341.7699890136719,355.6400146484375,353.1729431152344,29156100
2021-06-29,356.2699890136719,356.739990234375,349.04998779296875,351.8900146484375,349.4490051269531,21417300
2021-06-30,352.1700134277344,352.9200134277344,347.1700134277344,347.7099914550781,345.2979736328125,15107500
2021-07-01,346.82000732421875,354.6700134277344,346.5,354.3900146484375,351.9316711425781,17137000
2021-07-02,355.1000061035156,356.44000244140625,352.6199951171875,354.70001220703125,352.2395324707031,11521300
2021-07-06,356.5,358.7900085449219,349.17999267578125,352.7799987792969,350.33282470703125,13488500
2021-07-07,355.260009765625,356.489990234375,350.0,350.489990234375,348.0586853027344,14218900
2021-07-08,345.7300109863281,348.3299865722656,342.5599975585937,345.6499938964844,343.2522277832031,14406500
2021-07-09,345.32000732421875,350.7099914550781,345.2699890136719,350.4200134277344,347.9891967773437,13018700
2021-07-12,351.2300109863281,354.19000244140625,349.6400146484375,353.1600036621094,350.710205078125,10018600
2021-07-13,351.5,358.489990234375,348.79998779296875,352.0899963378906,349.6475830078125,11456000
2021-07-14,354.5599975585937,355.20001220703125,346.7300109863281,347.6300048828125,345.21856689453125,13894200
2021-07-15,349.2300109863281,349.2300109863281,340.2200012207031,344.4599914550781,342.0705261230469,14781600
2021-07-16,344.9100036621094,345.989990234375,340.1400146484375,341.1600036621094,338.7933959960937,11026100
2021-07-19,337.57000732421875,339.7900085449219,334.5400085449219,336.95001220703125,334.6126708984375,14372300
2021-07-20,338.79998779296875,343.45001220703125,334.5,341.6600036621094,339.2899475097656,11024300
2021-07-21,341.5,346.5199890136719,341.25,346.2300109863281,343.8282775878906,9279700
2021-07-22,346.67999267578125,351.5400085449219,345.2099914550781,351.19000244140625,348.7538146972656,12385400
2021-07-23,360.9100036621094,375.3299865722656,357.19000244140625,369.7900085449219,367.2248229980469,33694300
2021-07-26,369.5799865722656,374.4400024414063,368.2200012207031,372.4599914550781,369.8762512207031,14925200
2021-07-27,371.9100036621094,373.1499938964844,364.5499877929688,367.80999755859375,365.258544921875,15705400
2021-07-28,374.55999755859375,377.5499877929688,366.9299926757813,373.2799987792969,370.6906127929688,29676900
2021-07-29,361.0,365.5199890136719,356.739990234375,358.32000732421875,355.8343811035156,33413200
2021-07-30,354.0,360.7300109863281,352.94000244140625,356.29998779296875,353.82843017578125,15976200
2021-08-02,358.1000061035156,359.3999938964844,350.739990234375,351.95001220703125,349.50860595703125,13180400
2021-08-03,352.7300109863281,353.7699890136719,347.70001220703125,351.239990234375,348.8034973144531,12406100
2021-08-04,352.4200134277344,360.4800109863281,351.510009765625,358.9200134277344,356.43023681640625,14180600
2021-08-05,359.6400146484375,363.8999938964844,356.8999938964844,362.9700012207031,360.4521484375,10247200
2021-08-06,361.3999938964844,365.1499938964844,361.3999938964844,363.510009765625,360.9883728027344,8925000
2021-08-09,363.760009765625,365.7799987792969,360.75,361.6099853515625,359.1015319824219,7798900
2021-08-10,361.8299865722656,364.1000061035156,359.0400085449219,361.1300048828125,358.6248779296875,7469900
2021-08-11,362.1000061035156,362.3599853515625,357.8099975585937,359.9599914550781,357.4629821777344,8400300
2021-08-12,358.45001220703125,363.0,357.1099853515625,362.6499938964844,360.13433837890625,7170700
2021-08-13,362.9700012207031,364.6600036621094,361.4800109863281,363.1799926757813,360.6606750488281,7195700
2021-08-16,362.5199890136719,366.9500122070313,357.3800048828125,366.55999755859375,364.0171813964844,11222100
2021-08-17,362.9800109863281,364.6700134277344,355.07000732421875,358.45001220703125,355.9634704589844,12328700
2021-08-18,356.25,359.8599853515625,355.1499938964844,355.45001220703125,352.9842834472656,10042400
2021-08-19,351.3500061035156,357.57000732421875,351.0,355.1199951171875,352.6565856933594,12004500
2021-08-20,354.6000061035156,359.989990234375,353.3099975585937,359.3699951171875,356.8770751953125,8697700
2021-08-23,359.44000244140625,365.6900024414063,359.1000061035156,363.3500061035156,360.82952880859375,10942000
2021-08-24,363.6600036621094,367.9599914550781,361.8399963378906,365.510009765625,362.9745178222656,9235100
2021-08-25,365.6000061035156,370.8599853515625,365.3999938964844,368.3900146484375,365.8345642089844,9684500
2021-08-26,368.3800048828125,369.4400024414063,364.1300048828125,364.3800048828125,361.8523559570313,7888700
2021-08-27,365.1000061035156,373.739990234375,364.0799865722656,372.6300048828125,370.0451049804688,11219100
2021-08-30,372.55999755859375,381.489990234375,370.5199890136719,380.6600036621094,378.0194091796875,13547300
2021-08-31,379.9500122070313,382.760009765625,378.7999877929688,379.3800048828125,376.748291015625,12345400
2021-09-01,379.5899963378906,384.3299865722656,378.80999755859375,382.0499877929688,379.3997497558594,11567200
2021-09-02,381.5,381.75,374.05999755859375,375.2799987792969,372.6767272949219,14832900
2021-09-03,374.75,377.1600036621094,373.1099853515625,376.260009765625,373.6499633789063,7509600
2021-09-07,375.8800048828125,382.9599914550781,373.1499938964844,382.1799926757813,379.5288696289063,10793800
2021-09-08,380.1600036621094,380.8699951171875,374.7900085449219,377.5700073242188,374.9508666992188,11067200
2021-09-09,377.6400146484375,379.8299865722656,376.5700073242188,378.0,375.3778381347656,9098900
2021-09-10,381.3599853515625,383.7900085449219,378.260009765625,378.6900024414063,376.0630798339844,11549600
2021-09-13,381.6799926757813,381.75,374.3500061035156,376.510009765625,373.8982849121094,13026300
2021-09-14,377.3999938964844,378.5899963378906,375.1099853515625,376.5299987792969,373.91802978515625,8711600
2021-09-15,377.0,377.55999755859375,367.6700134277344,373.9200134277344,371.3262634277344,17940300
2021-09-16,372.7900085449219,373.55999755859375,369.7099914550781,373.05999755859375,370.4720764160156,11934200
2021-09-17,371.4100036621094,371.4100036621094,361.5899963378906,364.7200012207031,362.1900024414063,26299000
2021-09-20,359.29998779296875,361.0299987792969,349.79998779296875,355.70001220703125,353.23260498046875,19822800
2021-09-21,358.5,360.0400085449219,355.19000244140625,357.4800109863281,355.0002136230469,11751900
2021-09-22,347.2300109863281,349.8399963378906,340.69000244140625,343.2099914550781,340.8291931152344,43692900
2021-09-23,345.3599853515625,349.6700134277344,343.0,345.9599914550781,343.56011962890625,21806300
2021-09-24,343.239990234375,354.3500061035156,342.3699951171875,352.9599914550781,350.5115661621094,18801900
2021-09-27,349.8099975585937,355.1499938964844,347.0799865722656,353.5799865722656,351.12725830078125,15205800
2021-09-28,347.9700012207031,349.6000061035156,338.9200134277344,340.6499938964844,338.28692626953125,21710300
2021-09-29,343.1499938964844,345.2300109863281,338.8800048828125,339.6099853515625,337.254150390625,14452200
2021-09-30,340.45001220703125,342.79998779296875,338.1499938964844,339.3900146484375,337.0357360839844,16547100
2021-10-01,341.6099853515625,345.0199890136719,338.6400146484375,343.010009765625,340.6305847167969,14905300
2021-10-04,335.5299987792969,335.94000244140625,322.70001220703125,326.2300109863281,323.96697998046875,42885000
2021-10-05,328.5799865722656,335.17999267578125,326.1600036621094,332.9599914550781,330.6502685546875,35377900
2021-10-06,329.739990234375,334.3800048828125,325.79998779296875,333.6400146484375,331.3255920410156,26443000
2021-10-07,337.0,338.8399963378906,328.9800109863281,329.2200012207031,326.9362487792969,28307500
2021-10-08,331.510009765625,333.3999938964844,328.7099914550781,330.04998779296875,327.760498046875,15946100
2021-10-11,327.6300048828125,330.4599914550781,325.3099975585937,325.45001220703125,323.19244384765625,14708200
2021-10-12,323.0299987792969,324.3800048828125,317.3699951171875,323.7699890136719,321.5240478515625,31658700
2021-10-13,326.9700012207031,327.0,322.6600036621094,324.5400085449219,322.2887268066406,14761500
2021-10-14,328.3599853515625,330.5199890136719,327.1000061035156,328.5299987792969,326.25103759765625,14302200
2021-10-15,328.67999267578125,329.07000732421875,322.510009765625,324.760009765625,322.5071716308594,21596400
2021-10-18,328.95001220703125,335.8900146484375,327.5,335.3399963378906,333.0137634277344,21585000
2021-10-19,339.6499938964844,342.4599914550781,337.2799987792969,339.989990234375,337.63153076171875,18786300
2021-10-20,343.45001220703125,343.9800109863281,339.45001220703125,340.7799987792969,338.4161071777344,13639500
2021-10-21,340.2799987792969,342.3099975585937,337.79998779296875,341.8800048828125,339.5084228515625,16354400
2021-10-22,326.3500061035156,329.6300048828125,321.1099853515625,324.6099853515625,322.3582458496094,35224500
2021-10-25,320.29998779296875,329.5599975585937,319.7200012207031,328.69000244140625,326.4099426269531,38409000
2021-10-26,328.260009765625,330.2099914550781,309.6000061035156,315.8099975585937,313.6192626953125,65654000
2021-10-27,314.19000244140625,319.25,312.0599975585937,312.2200012207031,310.0541381835937,29971800
2021-10-28,312.989990234375,325.5199890136719,308.1099853515625,316.9200134277344,314.7215576171875,50806800
2021-10-29,320.19000244140625,326.0,319.6000061035156,323.57000732421875,321.325439453125,37059400
2021-11-01,326.0400085449219,333.45001220703125,326.0,329.9800109863281,327.6910400390625,31518900
2021-11-02,331.3800048828125,334.7900085449219,323.79998779296875,328.0799865722656,325.8041381835937,28353000
2021-11-03,327.489990234375,332.1499938964844,323.20001220703125,331.6199951171875,329.3196105957031,20786500
2021-11-04,334.010009765625,337.2699890136719,332.6499938964844,335.8500061035156,333.5202941894531,22495300
2021-11-05,340.3099975585937,346.7900085449219,339.6400146484375,341.1300048828125,338.7636108398437,26872800
2021-11-08,344.4200134277344,344.7900085449219,338.3399963378906,338.6199951171875,336.27105712890625,18342500
2021-11-09,340.0,341.3099975585937,334.4700012207031,335.3699951171875,333.0435485839844,17556700
2021-11-10,332.489990234375,333.19000244140625,325.510009765625,327.6400146484375,325.3672180175781,21872600
2021-11-11,329.82000732421875,332.4599914550781,327.0,327.739990234375,325.46649169921875,12376600
2021-11-12,330.17999267578125,341.8599853515625,329.7799987792969,340.8900146484375,338.5252990722656,25414300
2021-11-15,344.3399963378906,353.6499938964844,343.20001220703125,347.5599975585937,345.1490478515625,25076600
2021-11-16,343.8299865722656,346.6499938964844,340.8699951171875,342.9599914550781,340.5809631347656,18181100
2021-11-17,344.239990234375,347.29998779296875,340.1000061035156,340.7699890136719,338.4061279296875,13602800
2021-11-18,339.7200012207031,342.4599914550781,335.29998779296875,338.69000244140625,336.3405456542969,17487200
2021-11-19,342.20001220703125,352.1000061035156,339.8999938964844,345.29998779296875,342.9046936035156,26488500
2021-11-22,349.04998779296875,353.8299865722656,340.510009765625,341.010009765625,338.6445007324219,27116800
2021-11-23,338.92999267578125,341.3999938964844,333.5,337.25,334.9105834960937,17225000
2021-11-24,336.0,341.7799987792969,332.8099975585937,341.0599975585937,338.694091796875,13566200
2021-11-26,335.79998779296875,337.75,331.8999938964844,333.1199951171875,330.8092041015625,14750700
2021-11-29,336.8900146484375,340.6700134277344,335.3099975585937,338.0299987792969,335.68511962890625,16650900
2021-11-30,335.0,335.8099975585937,323.42999267578125,324.4599914550781,322.209228515625,25390000
2021-12-01,330.2900085449219,330.5,310.2900085449219,310.6000061035156,308.4454040527344,30329600
2021-12-02,311.3999938964844,314.6000061035156,307.20001220703125,310.3900146484375,308.2369079589844,24396200
2021-12-03,313.7300109863281,313.75,299.5,306.8399963378906,304.71148681640625,27471000
2021-12-06,308.1300048828125,320.1000061035156,306.3399963378906,317.8699951171875,315.6649475097656,21758300
2021-12-07,321.57000732421875,326.5400085449219,321.0,322.8099975585937,320.5707092285156,18794000
2021-12-08,325.0,332.75,323.07000732421875,330.5599975585937,328.26690673828125,19937700
2021-12-09,329.5400085449219,336.1300048828125,328.0,329.82000732421875,327.5321044921875,16879200
2021-12-10,332.5599975585937,335.0299987792969,326.3699951171875,329.75,327.4626159667969,14528000
2021-12-13,330.95001220703125,341.0899963378906,329.5899963378906,334.489990234375,332.1697082519531,22948700
2021-12-14,328.04998779296875,335.70001220703125,327.6499938964844,333.739990234375,331.4248962402344,20461000
2021-12-15,332.489990234375,342.1099853515625,323.9800109863281,341.6600036621094,339.2899475097656,24681300
2021-12-16,338.9800109863281,344.4599914550781,333.739990234375,334.8999938964844,332.57684326171875,22635000
2021-12-17,332.79998779296875,337.1099853515625,330.75,333.7900085449219,331.4745483398437,40012600
2021-12-20,329.7799987792969,329.8999938964844,322.5299987792969,325.45001220703125,323.19244384765625,17901800
2021-12-21,326.4100036621094,336.0,323.75,334.20001220703125,331.8817138671875,16116800
2021-12-22,333.79998779296875,334.510009765625,328.260009765625,330.45001220703125,328.15771484375,16764600
2021-12-23,330.1000061035156,336.6700134277344,328.3599853515625,335.239990234375,332.9144287109375,13987700
2021-12-27,338.8500061035156,347.8699951171875,338.010009765625,346.17999267578125,343.7785949707031,17795000
2021-12-28,346.6300048828125,352.7099914550781,345.20001220703125,346.2200012207031,343.8183288574219,16637600
2021-12-29,346.9100036621094,349.69000244140625,341.6400146484375,342.94000244140625,340.5610656738281,10747000
2021-12-30,344.0,347.2300109863281,343.2200012207031,344.3599853515625,341.97125244140625,10593300
2021-12-31,343.0199890136719,343.44000244140625,336.2699890136719,336.3500061035156,334.0167541503906,12870500
2022-01-03,338.29998779296875,341.0799865722656,337.19000244140625,338.5400085449219,336.1916198730469,14537900
2022-01-04,339.95001220703125,343.0899963378906,331.8699951171875,336.5299987792969,334.1955871582031,15998000
2022-01-05,333.0199890136719,335.760009765625,323.8399963378906,324.1700134277344,321.9212646484375,20564500
2022-01-06,322.82000732421875,339.1700134277344,322.7200012207031,332.4599914550781,330.1537780761719,27962800
2022-01-07,332.739990234375,337.0,328.8800048828125,331.7900085449219,329.4884338378906,14722000
2022-01-10,325.3099975585937,328.3399963378906,315.42999267578125,328.07000732421875,325.79425048828125,24942400
2022-01-11,326.7799987792969,334.6300048828125,325.2799987792969,334.3699951171875,332.050537109375,16226800
2022-01-12,335.17999267578125,336.3699951171875,330.0299987792969,333.260009765625,330.9482727050781,14104900
2022-01-13,334.9800109863281,335.6300048828125,325.760009765625,326.4800109863281,324.2152709960937,14797100
2022-01-14,321.7900085449219,332.7300109863281,321.2099914550781,331.8999938964844,329.59765625,16868500
2022-01-18,323.2900085449219,324.2099914550781,317.6400146484375,318.1499938964844,315.9430236816406,22645600
2022-01-19,319.5799865722656,327.1000061035156,319.3299865722656,319.5899963378906,317.373046875,20814700
2022-01-20,323.8999938964844,327.82000732421875,315.9800109863281,316.5599975585937,314.36407470703125,16925000
2022-01-21,314.8099975585937,318.3099975585937,303.0400085449219,303.1700134277344,301.06695556640625,28710700
2022-01-24,297.8399963378906,309.5299987792969,289.010009765625,308.7099914550781,306.5684814453125,38878100
2022-01-25,299.95001220703125,306.2300109863281,297.5799865722656,300.1499938964844,298.0679016113281,25108500
2022-01-26,307.010009765625,307.510009765625,290.8500061035156,294.6300048828125,292.586181640625,28348800
2022-01-27,297.75,301.7099914550781,294.260009765625,294.6400146484375,292.5961303710937,21629900
2022-01-28,295.6199951171875,301.8999938964844,293.0299987792969,301.7099914550781,299.6170654296875,21871600
2022-01-31,300.67999267578125,313.7900085449219,299.32000732421875,313.260009765625,311.08697509765625,21579500
2022-02-01,314.5599975585937,319.6600036621094,312.1199951171875,319.0,316.78717041015625,18023800
2022-02-02,327.82000732421875,328.0,316.8699951171875,323.0,320.7593688964844,58458300
2022-02-03,244.6499938964844,248.0,235.75,237.759994506836,236.1106872558593,188119900
2022-02-04,234.97000122070312,242.6100006103516,230.1100006103516,237.08999633789065,235.44534301757807,89342200
2022-02-07,237.6999969482422,238.3000030517578,224.009994506836,224.9100036621093,223.349853515625,88613800
2022-02-08,220.8500061035156,225.7700042724609,216.1499938964844,220.17999267578125,218.65261840820312,94729700
2022-02-09,224.1999969482422,233.3699951171875,222.2100067138672,232.0,230.39065551757807,86563300
2022-02-10,228.2700042724609,235.0,226.6999969482422,228.07000732421875,226.4879150390625,49310400
2022-02-11,228.4600067138672,230.4199981689453,218.7700042724609,219.5500030517578,218.0270233154297,46156900
2022-02-14,219.3099975585937,221.0,214.77999877929688,217.6999969482422,216.18983459472656,38184000
2022-02-15,220.47000122070312,221.1499938964844,215.0599975585937,221.0,219.4669342041016,42685500
2022-02-16,212.4100036621093,217.4600067138672,212.3600006103516,216.5399932861328,215.0378875732422,45817500
2022-02-17,214.0200042724609,217.5,207.1600036621093,207.7100067138672,206.2691650390625,38747500
2022-02-18,209.38999938964844,210.75,205.17999267578125,206.1600036621093,204.7299041748047,37128400
2022-02-22,202.33999633789065,207.47999572753903,200.0599975585937,202.0800018310547,200.6782073974609,39852400
2022-02-23,204.1600036621093,206.94000244140625,198.0500030517578,198.4499969482422,197.0733642578125,44481400
2022-02-24,191.0599975585937,208.3500061035156,190.22000122070312,207.6000061035156,206.1599273681641,49957200
2022-02-25,204.94000244140625,211.32000732421875,203.17999267578125,210.47999572753903,209.01991271972656,37627600
2022-02-28,207.67999267578125,213.1499938964844,206.8300018310547,211.02999877929688,209.56610107421875,34239800
2022-03-01,209.8699951171875,211.75,202.22000122070312,203.4900054931641,202.07843017578125,27094900
2022-03-02,204.77999877929688,209.1499938964844,202.0200042724609,208.1100006103516,206.66636657714844,29452100
2022-03-03,209.0200042724609,209.0800018310547,201.4199981689453,202.97000122070312,201.56202697753903,27263500
2022-03-04,202.3699951171875,205.88999938964844,198.7899932861328,200.0599975585937,198.6722106933593,32130900
2022-03-07,200.7899932861328,200.88999938964844,187.27999877929688,187.47000122070312,186.1695556640625,38560600
2022-03-08,187.8500061035156,196.6999969482422,186.1100006103516,190.2899932861328,188.9699859619141,37508100
2022-03-09,195.7400054931641,199.1000061035156,193.9199981689453,198.5,197.123046875,31894700
2022-03-10,194.83999633789065,196.27999877929688,191.07000732421875,195.2100067138672,193.85585021972656,24853000
2022-03-11,192.63999938964844,193.5599975585937,186.6699981689453,187.6100006103516,186.30856323242188,34694500
2022-03-14,187.02999877929688,192.2899932861328,185.82000732421875,186.6300048828125,185.3353729248047,31010500
2022-03-15,190.8000030517578,192.27999877929688,185.9100036621093,192.02999877929688,190.69790649414065,31721700
2022-03-16,194.6999969482422,203.72999572753903,194.5200042724609,203.6300048828125,202.21743774414065,40640300
2022-03-17,201.6999969482422,208.0399932861328,201.1100006103516,207.83999633789065,206.3982391357422,29499700
2022-03-18,206.6999969482422,216.8000030517578,206.0,216.4900054931641,214.9882202148437,52128000
2022-03-21,214.5,214.7100067138672,207.6300048828125,211.4900054931641,210.0229339599609,30142300
2022-03-22,211.3699951171875,219.4600067138672,210.17999267578125,216.6499938964844,215.14712524414065,31998800
2022-03-23,213.3300018310547,216.8000030517578,212.1600036621093,213.4600067138672,211.9792633056641,23717300
2022-03-24,215.0,220.6699981689453,214.7899932861328,219.57000732421875,218.046875,31502300
2022-03-25,220.509994506836,225.5,218.88999938964844,221.82000732421875,220.28126525878903,40039000
2022-03-28,222.1300048828125,224.0399932861328,219.5399932861328,223.58999633789065,222.0389862060547,26224100
2022-03-29,226.07000732421875,230.88999938964844,225.2899932861328,229.8600006103516,228.26548767089844,31417900
2022-03-30,228.9100036621093,231.1499938964844,226.7100067138672,227.8500061035156,226.2694396972656,25588000
2022-03-31,228.4499969482422,228.4900054931641,222.259994506836,222.3600006103516,220.81753540039065,24192300
2022-04-01,224.5500030517578,227.27999877929688,222.6999969482422,224.8500061035156,223.29025268554688,19544800
2022-04-04,225.97999572753903,234.3500061035156,225.8600006103516,233.88999938964844,232.2675323486328,28054800
2022-04-05,234.0800018310547,236.8600006103516,231.0200042724609,231.83999633789065,230.23175048828125,29727200
2022-04-06,226.9100036621093,228.9900054931641,221.4100036621093,223.3000030517578,221.75099182128903,28995100
2022-04-07,223.92999267578125,225.5200042724609,218.5599975585937,222.9499969482422,221.4034423828125,21037200
2022-04-08,222.3800048828125,225.1300048828125,220.02999877929688,222.3300018310547,220.7877197265625,18375700
2022-04-11,218.4199981689453,220.6100006103516,215.22000122070312,216.4600067138672,214.9584503173828,20516600
2022-04-12,220.2400054931641,222.02999877929688,213.1300048828125,214.13999938964844,212.65457153320312,20128800
2022-04-13,211.82000732421875,216.6100006103516,211.3300018310547,214.9900054931641,213.4986572265625,19231800
2022-04-14,214.88999938964844,214.9900054931641,210.0,210.17999267578125,208.7220001220703,18379500
2022-04-18,210.0,213.3800048828125,208.3000030517578,210.7700042724609,209.30792236328125,16580800
2022-04-19,210.5200042724609,218.42999267578125,209.0,217.3099975585937,215.8025360107422,20089900
2022-04-20,213.6100006103516,214.1600036621093,198.9199981689453,200.4199981689453,199.0297088623047,43036500
2022-04-21,201.6000061035156,202.97000122070312,185.5800018310547,188.07000732421875,186.765380859375,49954100
2022-04-22,190.3699951171875,192.72000122070312,183.2700042724609,184.1100006103516,182.8328552246093,36426800
2022-04-25,182.72999572753903,187.17999267578125,181.6600036621093,186.9900054931641,185.69287109375,29281100
2022-04-26,186.6300048828125,187.19000244140625,179.5,180.9499969482422,179.6947784423828,31747400
2022-04-27,174.42999267578125,181.2100067138672,169.0,174.9499969482422,173.73638916015625,71062900
2022-04-28,202.9199981689453,208.52999877929688,192.8999938964844,205.72999572753903,204.30288696289065,100890600
2022-04-29,204.4600067138672,212.47999572753903,199.8999938964844,200.47000122070312,199.0793609619141,49193400
2022-05-02,201.1699981689453,211.8800048828125,200.9900054931641,211.1300048828125,209.6654357910156,49915300
2022-05-03,210.4499969482422,214.8999938964844,208.08999633789065,212.02999877929688,210.55918884277344,41556300
2022-05-04,210.6499938964844,224.3000030517578,206.9600067138672,223.4100036621093,221.86024475097656,41375900
2022-05-05,218.7400054931641,220.1699981689453,206.1600036621093,208.27999877929688,206.835205078125,41129200
2022-05-06,207.33999633789065,209.3800048828125,201.0200042724609,203.7700042724609,202.3564910888672,34747200
2022-05-09,199.83999633789065,202.57000732421875,195.5800018310547,196.2100067138672,194.84890747070312,36303200
2022-05-10,199.509994506836,202.9600067138672,194.19000244140625,197.6499938964844,196.2789459228516,34452500
2022-05-11,196.3300018310547,200.6699981689453,188.2700042724609,188.7400054931641,187.4307403564453,31153400
2022-05-12,187.0599975585937,198.0500030517578,184.77999877929688,191.2400054931641,189.9134063720703,38262200
2022-05-13,192.5800018310547,199.88999938964844,191.27999877929688,198.6199951171875,197.24220275878903,24549800
2022-05-16,197.0500030517578,205.3699951171875,195.92999267578125,200.0399932861328,198.65234375,27112600
2022-05-17,202.1199951171875,205.4600067138672,198.3600006103516,202.6199951171875,201.2144470214844,24872700
2022-05-18,200.0,201.0,191.6300048828125,192.2400054931641,190.9064483642578,23960000
2022-05-19,191.1999969482422,195.2899932861328,189.6000061035156,191.2899932861328,189.9630584716797,24446900
2022-05-20,194.97000122070312,197.9100036621093,187.8699951171875,193.5399932861328,192.1974334716797,31465600
2022-05-23,195.19000244140625,196.9900054931641,191.2400054931641,196.22999572753903,194.8687744140625,25059200
2022-05-24,180.5500030517578,183.67999267578125,176.11000061035156,181.27999877929688,180.02249145507812,50406300
2022-05-25,180.3999938964844,185.4499969482422,179.32000732421875,183.8300018310547,182.5548095703125,28030200
2022-05-26,182.8800048828125,192.8300018310547,182.259994506836,191.6300048828125,190.3006896972656,23056500
2022-05-27,191.3600006103516,195.3300018310547,189.8000030517578,195.1300048828125,193.7764129638672,22562700
2022-05-31,194.88999938964844,197.6000061035156,192.009994506836,193.63999938964844,192.29673767089844,26131100
2022-06-01,196.509994506836,199.52999877929688,185.0,188.63999938964844,187.3314208984375,36623500
2022-06-02,188.4499969482422,200.94000244140625,187.72999572753903,198.8600006103516,197.4805450439453,31951600
2022-06-03,195.97999572753903,196.6100006103516,189.77999877929688,190.77999877929688,189.45657348632807,19465000
2022-06-06,193.9900054931641,196.9199981689453,188.3999938964844,194.25,192.90249633789065,30574200
2022-06-07,191.92999267578125,196.52999877929688,191.4900054931641,195.6499938964844,194.2928009033203,18828700
2022-06-08,194.6699981689453,202.02999877929688,194.4100036621093,196.63999938964844,195.27590942382807,22267200
2022-06-09,194.27999877929688,199.4499969482422,183.67999267578125,184.0,182.7236328125,23501600
2022-06-10,183.0399932861328,183.1000061035156,175.02000427246094,175.57000732421875,174.35211181640625,27450800
2022-06-13,170.58999633789062,172.5800018310547,164.02999877929688,164.25999450683594,163.1205291748047,31749300
2022-06-14,166.02999877929688,166.75,161.36000061035156,163.72999572753906,162.59422302246094,27244300
2022-06-15,167.1999969482422,172.16000366210938,163.97999572753906,169.35000610351562,168.17526245117188,30008300
2022-06-16,163.72000122070312,165.0800018310547,159.61000061035156,160.8699951171875,159.75405883789062,26944100
2022-06-17,161.67999267578125,165.89999389648438,159.89999389648438,163.74000549316406,162.60414123535156,31374200
2022-06-21,165.92999267578125,167.75999450683594,155.97000122070312,157.0500030517578,155.96055603027344,50724900
2022-06-22,158.3800048828125,160.7899932861328,155.44000244140625,155.85000610351562,154.76889038085938,47267800
2022-06-23,156.27000427246094,159.75,154.25,158.75,157.64877319335938,40499200
2022-06-24,161.72999572753906,170.25,161.3000030517578,170.16000366210938,168.97964477539062,68736000
2022-06-27,171.32000732421875,171.75,168.00999450683594,169.49000549316406,168.3142852783203,29174600
2022-06-28,169.89999389648438,171.3000030517578,160.61000061035156,160.67999267578125,159.56536865234375,27744500
2022-06-29,163.57000732421875,166.3300018310547,160.32000732421875,163.94000244140625,162.8027801513672,28595200
2022-06-30,162.14999389648438,165.22999572753906,158.49000549316406,161.25,160.1314239501953,35250600
2022-07-01,160.30999755859375,160.6199951171875,155.0,160.02999877929688,158.91990661621094,31423900
2022-07-05,158.13999938964844,168.25,157.02000427246094,168.19000244140625,167.0232696533203,28618600
2022-07-06,168.1999969482422,171.58999633789062,165.4600067138672,169.77000427246094,168.59234619140625,23085900
2022-07-07,169.4499969482422,172.72000122070312,167.77999877929688,172.19000244140625,170.99554443359375,24083400
2022-07-08,169.97999572753906,172.39999389648438,168.14999389648438,170.8800048828125,169.69464111328125,19249200
2022-07-11,167.07000732421875,167.49000549316406,161.91000366210938,162.8800048828125,161.75013732910156,21885600
2022-07-12,164.8000030517578,165.91000366210938,162.10000610351562,163.27000427246094,162.13742065429688,16639700
2022-07-13,160.16000366210938,164.97999572753906,159.61000061035156,163.49000549316406,162.3559112548828,16555100
2022-07-14,161.22000122070312,162.58999633789062,157.27999877929688,158.0500030517578,156.95364379882812,23765200
2022-07-15,160.5399932861328,164.97999572753906,159.82000732421875,164.6999969482422,163.5574951171875,23342800
2022-07-18,166.75,171.69000244140625,165.63999938964844,167.22999572753906,166.06996154785156,23574300
2022-07-19,170.3699951171875,176.49000549316406,169.50999450683594,175.77999877929688,174.5606231689453,25933700
2022-07-20,177.49000549316406,183.6000061035156,176.6999969482422,183.08999633789065,181.8199157714844,24784300
2022-07-21,180.6300048828125,183.8500061035156,178.8699951171875,183.1699981689453,181.8993682861328,27195800
2022-07-22,173.07000732421875,175.60000610351562,168.41000366210938,169.27000427246094,168.09580993652344,42583900
2022-07-25,169.0,170.57000732421875,164.80999755859375,166.64999389648438,165.49395751953125,26166300
2022-07-26,165.94000244140625,166.0,157.9499969482422,159.14999389648438,158.04598999023438,28468400
2022-07-27,162.58999633789062,170.8699951171875,162.02000427246094,169.5800018310547,168.4036407470703,43846600
2022-07-28,161.05999755859375,161.50999450683594,154.85000610351562,160.72000122070312,159.6051025390625,73214300
2022-07-29,157.69000244140625,160.13999938964844,155.1699981689453,159.10000610351562,157.99635314941406,42065400
2022-08-01,157.25,165.19000244140625,155.22999572753906,159.92999267578125,158.82058715820312,40596700
2022-08-02,158.30999755859375,162.24000549316406,158.00999450683594,160.19000244140625,159.0787811279297,27374500
2022-08-03,162.69000244140625,169.5399932861328,161.57000732421875,168.8000030517578,167.62905883789062,31721900
2022-08-04,168.3000030517578,172.14999389648438,166.8000030517578,170.57000732421875,169.3867950439453,23938200
2022-08-05,166.99000549316406,171.61000061035156,165.8000030517578,167.11000061035156,165.95077514648438,25832700
2022-08-08,168.0,177.50999450683594,167.1300048828125,170.25,169.06900024414062,27299100
2022-08-09,168.9499969482422,169.52999877929688,166.60000610351562,168.52999877929688,167.36093139648438,18655100
2022-08-10,175.99000549316406,180.47999572753903,173.9499969482422,178.33999633789062,177.1028594970703,30262100
2022-08-11,179.7100067138672,183.1000061035156,176.3699951171875,177.49000549316406,176.2587890625,24079100
2022-08-12,180.8099975585937,181.4600067138672,178.91000366210938,180.5,179.2478790283203,21274000
2022-08-15,178.9600067138672,181.44000244140625,178.1999969482422,180.88999938964844,179.6351776123047,15878700
2022-08-16,179.44000244140625,180.9900054931641,177.0399932861328,179.47000122070312,178.2250518798828,21156700
2022-08-17,176.75999450683594,178.13999938964844,174.1699981689453,174.85000610351562,173.63711547851562,20118100
2022-08-18,174.33999633789062,175.75999450683594,171.86000061035156,174.66000366210938,173.44842529296875,18844500
2022-08-19,170.1999969482422,172.32000732421875,167.0500030517578,167.9600067138672,166.79489135742188,26240800
2022-08-22,165.49000549316406,165.49000549316406,162.25999450683594,163.0500030517578,161.9189453125,19499700
2022-08-23,162.47999572753906,165.0500030517578,160.6999969482422,161.11000061035156,159.99240112304688,18111800
2022-08-24,160.60000610351562,165.4600067138672,159.77000427246094,163.25999450683594,162.1274871826172,20891500
2022-08-25,165.17999267578125,168.8800048828125,164.02000427246094,168.77999877929688,167.6091766357422,15550500
2022-08-26,168.47999572753906,170.9199981689453,161.6699981689453,161.77999877929688,160.6577606201172,24023600
2022-08-29,160.66000366210938,163.0500030517578,159.00999450683594,159.1699981689453,158.06585693359375,20052700
2022-08-30,160.35000610351562,161.66000366210938,155.91000366210938,157.16000366210938,156.06980895996094,19567900
2022-08-31,167.07000732421875,167.83999633789062,162.13999938964844,162.92999267578125,161.7997589111328,40953000
2022-09-01,163.5800018310547,167.36000061035156,160.35000610351562,165.36000061035156,164.21290588378906,30145700
2022-09-02,167.4499969482422,167.92999267578125,159.22000122070312,160.32000732421875,159.20791625976562,22634200
2022-09-06,160.10000610351562,161.69000244140625,157.69000244140625,158.5399932861328,157.4402313232422,19339800
2022-09-07,157.75999450683594,160.9600067138672,156.80999755859375,160.38999938964844,159.27740478515625,16831200
2022-09-08,158.7100067138672,162.22999572753906,157.74000549316406,162.05999755859375,160.93580627441406,22530800
2022-09-09,163.25,169.5399932861328,163.02000427246094,169.14999389648438,167.97662353515625,22086800
2022-09-12,167.38999938964844,171.38999938964844,167.27999877929688,168.9600067138672,167.7879638671875,23220400
2022-09-13,161.5399932861328,161.6300048828125,152.6699981689453,153.1300048828125,152.06776428222656,44444100
2022-09-14,153.3300018310547,153.5399932861328,149.0500030517578,151.47000122070312,150.41929626464844,43064200
2022-09-15,149.8000030517578,154.1999969482422,148.6999969482422,149.5500030517578,148.51260375976562,34606300
2022-09-16,148.0500030517578,148.5800018310547,144.2899932861328,146.2899932861328,145.27520751953125,40122800
2022-09-19,145.24000549316406,148.5800018310547,145.10000610351562,148.02000427246094,146.9932098388672,22169500
2022-09-20,145.77999877929688,148.83999633789062,145.22000122070312,146.08999633789062,145.0765838623047,23217400
2022-09-21,146.38999938964844,149.60000610351562,142.0,142.1199951171875,141.1341094970703,38338600
2022-09-22,141.5500030517578,144.5800018310547,140.8699951171875,142.82000732421875,141.82928466796875,34418500
2022-09-23,141.4199981689453,142.6199951171875,138.88999938964844,140.41000366210938,139.4359893798828,31710700
2022-09-26,140.1199951171875,142.24000549316406,136.19000244140625,136.3699951171875,135.4240264892578,30497000
2022-09-27,137.9199981689453,139.4199981689453,134.1199951171875,134.39999389648438,133.46766662597656,30826500
2022-09-28,134.6199951171875,142.02999877929688,134.27000427246094,141.61000061035156,140.62767028808594,32658500
2022-09-29,139.36000061035156,139.83999633789062,135.1999969482422,136.41000366210938,135.4637451171875,38985400
2022-09-30,136.0500030517578,140.99000549316406,135.5,135.67999267578125,134.7388153076172,33166400
2022-10-03,137.13999938964844,139.6199951171875,136.10000610351562,138.61000061035156,137.6484832763672,27723100
2022-10-04,140.49000549316406,142.38999938964844,139.33999633789062,140.27999877929688,139.30690002441406,34670700
2022-10-05,138.24000549316406,140.2100067138672,134.77999877929688,138.97999572753906,138.01589965820312,27979300
2022-10-06,137.72000122070312,141.4499969482422,136.60000610351562,139.07000732421875,138.1052703857422,36231100
2022-10-07,136.75999450683594,138.2899932861328,132.44000244140625,133.4499969482422,132.52426147460938,33214800
2022-10-10,133.5500030517578,136.11000061035156,131.8699951171875,133.7899932861328,132.86192321777344,24024000
2022-10-11,131.6199951171875,132.66000366210938,126.98999786376952,128.5399932861328,127.64832305908205,38481400
2022-10-12,128.32000732421875,129.6699981689453,126.25,127.5,126.61555480957033,34605200
2022-10-13,123.52999877929688,131.13999938964844,122.52999877929688,130.2899932861328,129.38619995117188,34325700
2022-10-14,131.0,131.7899932861328,126.5199966430664,126.76000213623048,125.88067626953124,23559400
2022-10-17,130.3000030517578,134.7899932861328,130.17999267578125,134.0399932861328,133.1101531982422,29612200
2022-10-18,137.08999633789062,137.83999633789062,131.39999389648438,132.8000030517578,131.8787841796875,25445000
2022-10-19,132.88999938964844,137.0,132.22000122070312,133.22999572753906,132.30581665039062,30691000
2022-10-20,132.92999267578125,136.77000427246094,131.30999755859375,131.52999877929688,130.61761474609375,26356300
2022-10-21,126.30999755859376,130.1199951171875,125.44000244140624,130.00999450683594,129.10812377929688,46348600
2022-10-24,127.25,133.47999572753906,124.56999969482422,129.72000122070312,128.82015991210938,63563400
2022-10-25,130.8800048828125,138.35000610351562,130.58999633789062,137.50999450683594,136.5561065673828,38433200
2022-10-26,131.67999267578125,135.5500030517578,128.52999877929688,129.82000732421875,128.91949462890625,82791500
2022-10-27,97.9800033569336,102.5,96.37999725341795,97.94000244140624,97.26061248779295,232316600
2022-10-28,99.58000183105467,100.8499984741211,97.51000213623048,99.1999969482422,98.51185607910156,95928300
2022-10-31,98.22000122070312,99.31999969482422,92.5999984741211,93.16000366210938,92.5137710571289,121361400
2022-11-01,94.33000183105467,97.48999786376952,93.5500030517578,95.1999969482422,94.53961181640624,110189600
2022-11-02,94.20999908447266,95.1999969482422,90.4800033569336,90.54000091552734,89.91194152832031,71821100
2022-11-03,90.08000183105467,90.45999908447266,88.41000366210938,88.91000366210938,88.2932357788086,60664000
2022-11-04,90.3499984741211,91.38999938964844,88.08999633789062,90.79000091552734,90.16019439697266,55638100
2022-11-07,94.77999877929688,96.87999725341795,93.0999984741211,96.72000122070312,96.049072265625,81987300
2022-11-08,95.91999816894533,97.8000030517578,94.79000091552734,96.47000122070312,95.8008041381836,52088300
2022-11-09,101.72000122070312,104.9000015258789,100.73999786376952,101.47000122070312,100.76612854003906,107677300
2022-11-10,107.12000274658205,112.75,104.61000061035156,111.87000274658205,111.0939712524414,80671000
2022-11-11,109.2300033569336,114.9000015258789,108.80999755859376,113.0199966430664,112.23599243164062,59961700
2022-11-14,110.98999786376952,116.2699966430664,110.8000030517578,114.22000122070312,113.42768096923828,53395000
2022-11-15,116.06999969482422,118.73999786376952,114.41000366210938,117.08000183105467,116.26783752441406,50670500
2022-11-16,114.5,116.08000183105467,112.66000366210938,113.2300033569336,112.44454956054688,33287800
2022-11-17,110.41000366210938,112.33000183105467,109.8000030517578,111.4499969482422,110.67688751220705,35093800
2022-11-18,113.8000030517578,114.31999969482422,110.62000274658205,112.0500030517578,111.27272033691406,33357700
2022-11-21,111.5199966430664,112.37000274658205,109.19000244140624,109.86000061035156,109.0979232788086,24351100
2022-11-22,109.86000061035156,111.62000274658205,108.31999969482422,111.44000244140624,110.66696166992188,29029000
2022-11-23,111.72000122070312,112.66999816894533,110.7300033569336,112.23999786376952,111.46138763427734,21343100
2022-11-25,111.3000030517578,112.7300033569336,111.0199966430664,111.41000366210938,110.63716888427734,12007600
2022-11-28,110.77999877929688,112.04000091552734,108.37999725341795,108.77999877929688,108.02539825439452,23309400
2022-11-29,109.54000091552734,110.94000244140624,108.54000091552734,109.45999908447266,108.70069122314452,23899200
2022-11-30,109.51000213623048,118.16000366210938,109.37999725341795,118.0999984741211,117.28075408935548,43348600
2022-12-01,119.1999969482422,121.1999969482422,118.4000015258789,120.44000244140624,119.60453033447266,36551400
2022-12-02,117.83000183105467,124.04000091552734,117.61000061035156,123.48999786376952,122.63337707519533,39950500
2022-12-05,121.75,124.66999816894533,121.3499984741211,122.43000030517578,121.58071899414062,35474900
2022-12-06,119.91000366210938,120.5500030517578,113.73999786376952,114.12000274658205,113.32836151123048,43689200
2022-12-07,113.76000213623048,115.87999725341795,112.87999725341795,113.93000030517578,113.13967895507812,29461100
2022-12-08,116.38999938964844,117.33999633789062,114.58999633789062,115.33000183105467,114.52997589111328,30619400
2022-12-09,115.3000030517578,117.54000091552734,113.87000274658205,115.9000015258789,115.09602355957033,26033400
2022-12-12,115.18000030517578,115.72000122070312,113.13999938964844,114.70999908447266,113.9142608642578,24747100
2022-12-13,122.12999725341795,123.3000030517578,118.63999938964844,120.1500015258789,119.31653594970705,44701100
2022-12-14,119.38999938964844,124.13999938964844,119.38999938964844,121.58999633789062,120.74654388427734,36922000
2022-12-15,118.33000183105467,118.62999725341795,114.01000213623048,116.1500015258789,115.34429168701172,34531000
2022-12-16,120.2300033569336,123.30999755859376,118.81999969482422,119.43000030517578,118.60153198242188,67064000
2022-12-19,116.83000183105467,117.8000030517578,114.33000183105467,114.4800033569336,113.68587493896484,29769900
2022-12-20,113.26000213623048,117.33000183105467,112.45999908447266,117.08999633789062,116.27777099609376,28742500
2022-12-21,116.6999969482422,120.33999633789062,115.62000274658205,119.76000213623048,118.92925262451172,20392800
2022-12-22,117.1999969482422,118.62000274658205,114.37999725341795,117.12000274658205,116.30755615234376,23618100
2022-12-23,116.02999877929688,118.18000030517578,115.54000091552734,118.04000091552734,117.22117614746094,17796600
2022-12-27,117.93000030517578,118.5999984741211,116.0500030517578,116.87999725341795,116.06922149658205,21392300
2022-12-28,116.25,118.1500015258789,115.51000213623048,115.62000274658205,114.8179702758789,19612500
2022-12-29,116.4000015258789,121.02999877929688,115.7699966430664,120.26000213623048,119.42578125,22366200
2022-12-30,118.16000366210938,120.41999816894533,117.73999786376952,120.33999633789062,119.50520324707033,19583800
2023-01-03,122.81999969482422,126.37000274658205,122.27999877929688,124.73999786376952,123.87470245361328,35528500
2023-01-04,127.37999725341795,129.0500030517578,125.8499984741211,127.37000274658205,126.48645782470705,32397100
2023-01-05,126.12999725341795,128.52000427246094,124.54000091552734,126.94000244140624,126.0594253540039,25447100
2023-01-06,128.97000122070312,130.3300018310547,126.04000091552734,130.02000427246094,129.1180877685547,27584500
2023-01-09,131.16000366210938,132.9499969482422,129.27999877929688,129.47000122070312,128.57186889648438,26649100
2023-01-10,127.2699966430664,133.44000244140625,127.1500015258789,132.99000549316406,132.0674591064453,28684400
2023-01-11,130.9600067138672,133.85000610351562,130.33999633789062,132.88999938964844,131.96817016601562,25423000
2023-01-12,133.44000244140625,137.67999267578125,131.75999450683594,136.7100067138672,135.76168823242188,30757700
2023-01-13,134.97000122070312,137.38999938964844,134.83999633789062,136.97999572753906,136.02976989746094,22423800
2023-01-17,136.17999267578125,136.75,134.25,135.36000061035156,134.42103576660156,21147600
2023-01-18,135.80999755859375,137.25,132.8000030517578,133.02000427246094,132.09727478027344,20215500
2023-01-19,132.49000549316406,137.4499969482422,132.13999938964844,136.14999389648438,135.2055206298828,28625200
2023-01-20,135.88999938964844,139.94000244140625,134.61000061035156,139.3699951171875,138.40321350097656,28688600
2023-01-23,139.2899932861328,143.75999450683594,138.66000366210938,143.27000427246094,142.2761688232422,27470100
2023-01-24,141.69000244140625,145.0,141.36000061035156,143.13999938964844,142.14703369140625,21970200
2023-01-25,141.22000122070312,143.1699981689453,140.30999755859375,141.5,140.5184326171875,26622000
2023-01-26,144.39999389648438,147.50999450683594,143.3000030517578,147.3000030517578,146.27821350097656,25482100
2023-01-27,148.24000549316406,153.19000244140625,147.38999938964844,151.74000549316406,150.68740844726562,35771900
2023-01-30,149.41000366210938,151.1199951171875,146.9499969482422,147.05999755859375,146.0398406982422,28040100
2023-01-31,147.9499969482422,149.8800048828125,147.52000427246094,148.97000122070312,147.9365997314453,29842100
2023-02-01,148.02999877929688,153.5800018310547,147.05999755859375,153.1199951171875,152.0578155517578,55661000
2023-02-02,183.3800048828125,197.1600036621093,180.1600036621093,188.7700042724609,187.46055603027344,150475700
2023-02-03,183.47000122070312,196.7700042724609,182.88999938964844,186.52999877929688,185.2360382080078,76809700
2023-02-06,186.52999877929688,190.6999969482422,185.5200042724609,186.0599975585937,184.76931762695312,42483800
2023-02-07,185.5800018310547,193.77999877929688,184.3999938964844,191.6199951171875,190.290756225586,47080700
2023-02-08,190.0,190.8300018310547,182.9199981689453,183.42999267578125,182.1575622558593,36139100
2023-02-09,186.1300048828125,186.6499938964844,177.27000427246094,177.9199981689453,176.68582153320312,37118800
2023-02-10,176.35000610351562,178.88999938964844,173.35000610351562,174.14999389648438,172.94190979003906,33433600
2023-02-13,178.22000122070312,181.0,175.82000732421875,179.42999267578125,178.18533325195312,31463200
2023-02-14,177.16000366210938,181.509994506836,175.8800048828125,179.47999572753906,178.23497009277344,24034600
2023-02-15,176.4199981689453,178.19000244140625,175.3300018310547,177.16000366210938,175.9310760498047,25308900
2023-02-16,172.75,175.85000610351562,171.7899932861328,172.44000244140625,171.2438201904297,25827500
2023-02-17,170.22000122070312,173.17999267578125,169.6999969482422,172.8800048828125,171.68075561523438,24171300
2023-02-21,174.30999755859375,178.1699981689453,171.8800048828125,172.0800018310547,170.88629150390625,34592600
2023-02-22,171.07000732421875,172.75999450683594,169.69000244140625,171.1199951171875,169.9329376220703,22433200
2023-02-23,172.0,173.69000244140625,169.3800048828125,172.0399932861328,170.84658813476562,20017800
2023-02-24,168.63999938964844,170.72000122070312,167.66000366210938,170.38999938964844,169.2080535888672,19791300
2023-02-27,171.8800048828125,173.1199951171875,169.05999755859375,169.5399932861328,168.3639373779297,19277000
2023-02-28,171.89999389648438,177.5500030517578,171.8699951171875,174.94000244140625,173.7264862060547,46051100
2023-03-01,174.58999633789062,177.85000610351562,173.0500030517578,173.4199981689453,172.21701049804688,30998400
2023-03-02,172.3800048828125,175.00999450683594,171.42999267578125,174.52999877929688,173.31930541992188,17352000
2023-03-03,178.9199981689453,186.6199951171875,177.0500030517578,185.25,183.9649353027344,45877700
2023-03-06,188.0,189.6600036621093,184.63999938964844,184.8999938964844,183.6173553466797,33209400
2023-03-07,189.0,190.3600006103516,184.009994506836,184.509994506836,183.2300567626953,36701500
2023-03-08,182.8699951171875,185.259994506836,181.33999633789065,184.97000122070312,183.6868896484375,19432400
2023-03-09,186.3500061035156,188.92999267578125,180.3000030517578,181.69000244140625,180.42965698242188,26582800
2023-03-10,181.009994506836,184.7700042724609,178.8000030517578,179.50999450683594,178.26475524902344,25665000
2023-03-13,177.9600067138672,183.77999877929688,174.82000732421875,180.8999938964844,179.64512634277344,24728000
2023-03-14,187.5800018310547,194.32000732421875,186.5599975585937,194.0200042724609,192.6740875244141,41642600
2023-03-15,192.9499969482422,197.77999877929688,190.83999633789065,197.75,196.3782501220703,42123600
2023-03-16,198.259994506836,205.759994506836,196.08999633789065,204.92999267578125,203.50840759277344,50447100
2023-03-17,200.5599975585937,201.8999938964844,195.42999267578125,195.6100006103516,194.25308227539065,50141100
2023-03-20,198.47999572753903,199.3600006103516,193.63999938964844,197.8099975585937,196.43780517578125,25186300
2023-03-21,203.1999969482422,203.5500030517578,197.9499969482422,202.1600036621093,200.7576599121093,31827000
2023-03-22,202.5,207.3699951171875,199.6699981689453,199.8099975585937,198.42393493652344,28477800
2023-03-23,202.83999633789065,207.8800048828125,202.1499938964844,204.27999877929688,202.8629608154297,27389700
2023-03-24,205.17999267578125,207.5800018310547,203.5500030517578,206.009994506836,204.5809326171875,27716400
2023-03-27,204.8099975585937,205.8600006103516,201.3600006103516,202.83999633789065,201.43292236328125,18527200
2023-03-28,200.1499938964844,201.02999877929688,197.8999938964844,200.67999267578125,199.28790283203125,19127300
2023-03-29,203.5599975585937,205.72000122070312,202.5399932861328,205.3500061035156,203.925537109375,18851100
2023-03-30,203.3800048828125,208.08999633789065,202.82000732421875,207.83999633789065,206.3982391357422,22608300
2023-03-31,207.2400054931641,212.1699981689453,206.7700042724609,211.94000244140625,210.4697723388672,25440300
2023-04-03,208.83999633789065,213.4900054931641,208.1999969482422,213.07000732421875,211.59197998046875,17924600
2023-04-04,213.38999938964844,216.2400054931641,212.5399932861328,214.72000122070312,213.23049926757807,21026400
2023-04-05,214.1499938964844,215.19000244140625,209.94000244140625,211.47999572753903,210.01300048828125,19396600
2023-04-06,209.25,216.94000244140625,208.6499938964844,216.1000061035156,214.60096740722656,26104400
2023-04-10,214.7100067138672,215.6600036621093,210.6600036621093,214.75,213.26031494140625,16106100
2023-04-11,215.47999572753903,216.0200042724609,213.4100036621093,213.8500061035156,212.3665466308593,16710100
2023-04-12,214.83999633789065,216.83999633789065,212.5800018310547,214.0,212.51551818847656,18972200
2023-04-13,215.72999572753903,221.1499938964844,215.69000244140625,220.3500061035156,218.8214569091797,23310400
2023-04-14,217.8800048828125,222.1100006103516,217.5500030517578,221.4900054931641,219.9535675048828,21591200
2023-04-17,219.7899932861328,220.97999572753903,217.1300048828125,218.8600006103516,217.34181213378903,15481900
2023-04-18,219.9100036621093,220.44000244140625,216.2100067138672,217.88999938964844,216.3785400390625,12281000
2023-04-19,213.47000122070312,217.3300018310547,212.92999267578125,215.6999969482422,214.20372009277344,15898100
2023-04-20,213.47999572753903,216.75,212.7700042724609,213.07000732421875,211.59197998046875,16475400
2023-04-21,210.2100067138672,213.4100036621093,209.5800018310547,212.88999938964844,211.4132080078125,17717200
2023-04-24,213.67999267578125,213.9199981689453,210.7100067138672,212.7899932861328,211.3139038085937,15750900
2023-04-25,210.82000732421875,211.259994506836,207.1300048828125,207.5500030517578,206.11024475097656,19198200
2023-04-26,212.5,214.1100006103516,208.8800048828125,209.3999938964844,207.9474334716797,41992700
2023-04-27,239.88999938964844,241.69000244140625,236.7700042724609,238.5599975585937,236.90513610839844,71196500
2023-04-28,239.009994506836,240.42999267578125,235.75,240.32000732421875,238.65293884277344,39554000
2023-05-01,238.6199951171875,244.0,236.4600067138672,243.17999267578125,241.4930877685547,29143900
2023-05-02,243.17999267578125,244.9199981689453,238.9900054931641,239.2400054931641,237.58042907714844,24350100
2023-05-03,239.47000122070312,241.75,232.75,237.02999877929688,235.3857421875,34463900
2023-05-04,236.0599975585937,238.1999969482422,232.92999267578125,233.5200042724609,231.9001007080078,17889400
2023-05-05,232.2400054931641,234.67999267578125,229.8500061035156,232.77999877929688,231.1652374267578,27000500
2023-05-08,231.4199981689453,235.6199951171875,230.2700042724609,233.2700042724609,231.6518402099609,16400500
2023-05-09,231.4600067138672,235.8800048828125,231.0800018310547,233.3699951171875,231.75115966796875,16865600
2023-05-10,236.1699981689453,236.75,230.72000122070312,233.0800018310547,231.4631500244141,19119000
2023-05-11,233.0500030517578,238.2100067138672,232.3000030517578,235.7899932861328,234.1543426513672,20449000
2023-05-12,236.7400054931641,236.9600067138672,231.4499969482422,233.8099975585937,232.1881103515625,16161400
2023-05-15,236.9199981689453,240.259994506836,235.3300018310547,238.8600006103516,237.2030639648437,20653200
2023-05-16,235.7899932861328,239.63999938964844,235.5200042724609,238.82000732421875,237.163330078125,18163800
2023-05-17,238.4499969482422,243.83999633789065,238.13999938964844,242.4900054931641,240.8078765869141,21193100
2023-05-18,241.3000030517578,247.08999633789065,241.19000244140625,246.8500061035156,245.1376495361328,22943300
2023-05-19,247.47000122070312,248.69000244140625,243.4100036621093,245.63999938964844,243.93603515625,21733600
2023-05-22,245.4100036621093,253.57000732421875,245.1199951171875,248.32000732421875,246.59744262695312,27738500
2023-05-23,246.8099975585937,251.6100006103516,246.6499938964844,246.7400054931641,245.02842712402344,17748100
2023-05-24,245.27999877929688,249.58999633789065,244.9499969482422,249.2100067138672,247.48126220703125,17724300
2023-05-25,253.3999938964844,255.6199951171875,249.1699981689453,252.69000244140625,250.93711853027344,22371400
2023-05-26,252.92999267578125,262.3099975585937,252.7100067138672,262.0400085449219,260.2222595214844,25727200
2023-05-30,265.25,268.6499938964844,261.2900085449219,262.5199890136719,260.6988830566406,23816500
2023-05-31,260.0,265.0,258.45001220703125,264.7200012207031,262.8836975097656,25473700
2023-06-01,265.8999938964844,274.0,265.8900146484375,272.6099853515625,270.71893310546875,25609500
2023-06-02,272.6600036621094,275.3500061035156,271.1199951171875,272.6099853515625,270.71893310546875,19416900
2023-06-05,270.29998779296875,275.57000732421875,269.5599975585937,271.3900146484375,269.5074157714844,20742900
2023-06-06,270.1400146484375,276.57000732421875,269.69000244140625,271.1199951171875,269.2392883300781,19419000
2023-06-07,271.6700134277344,274.25,262.79998779296875,263.6000061035156,261.7714538574219,26163600
2023-06-08,260.6199951171875,267.6499938964844,258.8800048828125,264.5799865722656,262.74462890625,20899400
2023-06-09,262.4800109863281,267.95001220703125,261.70001220703125,264.95001220703125,263.11212158203125,16949800
2023-06-12,267.1700134277344,271.75,265.3299865722656,271.04998779296875,269.1697692871094,15442500
2023-06-13,274.8800048828125,275.7200012207031,269.0899963378906,271.32000732421875,269.4378967285156,16164000
2023-06-14,271.8900146484375,274.989990234375,268.32000732421875,273.3500061035156,271.45379638671875,19175100
2023-06-15,272.29998779296875,283.989990234375,271.4200134277344,281.8299865722656,279.8749084472656,25973500
2023-06-16,284.75,287.8500061035156,280.1300048828125,281.0,279.0506896972656,43127700
2023-06-20,278.7300109863281,284.79998779296875,276.2200012207031,284.3299865722656,282.35760498046875,20701600
2023-06-21,283.5299987792969,284.0,278.3599853515625,281.6400146484375,279.6863098144531,20556200
2023-06-22,279.0799865722656,285.260009765625,277.7900085449219,284.8800048828125,282.9038391113281,17563100
2023-06-23,281.510009765625,289.6700134277344,278.95001220703125,288.7300109863281,286.7271423339844,51092000
2023-06-26,288.70001220703125,289.7900085449219,277.6000061035156,278.4700012207031,276.538330078125,24232700
2023-06-27,282.010009765625,289.3500061035156,280.6499938964844,287.04998779296875,285.0588073730469,26108300
2023-06-28,284.82000732421875,289.54998779296875,284.0599975585937,285.2900085449219,283.3110046386719,16722100
2023-06-29,284.5,286.57000732421875,280.69000244140625,281.5299987792969,279.5770568847656,15395700
2023-06-30,284.760009765625,289.04998779296875,284.4200134277344,286.9800109863281,284.98931884765625,19694900
2023-07-03,286.70001220703125,289.3999938964844,284.8500061035156,286.0199890136719,284.0359191894531,8629300
2023-07-05,287.6499938964844,298.1199951171875,286.3599853515625,294.3699951171875,292.3279724121094,33865500
2023-07-06,295.8900146484375,298.1199951171875,291.3099975585937,291.989990234375,289.9644775390625,47600500
2023-07-07,292.17999267578125,296.20001220703125,288.6600036621094,290.5299987792969,288.5146179199219,25586000
2023-07-10,295.54998779296875,298.1300048828125,287.04998779296875,294.1000061035156,292.05987548828125,37058300
2023-07-11,293.8999938964844,300.17999267578125,291.8999938964844,298.2900085449219,296.2207946777344,27585900
2023-07-12,301.75,309.45001220703125,300.1000061035156,309.3399963378906,307.19415283203125,36677100
2023-07-13,313.6199951171875,316.239990234375,310.2900085449219,313.4100036621094,311.2359619140625,30281000
2023-07-14,311.7900085449219,314.8800048828125,307.3599853515625,308.8699951171875,306.7273864746094,23054100
2023-07-17,307.5400085449219,311.7099914550781,304.7099914550781,310.6199951171875,308.4653015136719,25323100
2023-07-18,310.8800048828125,314.20001220703125,307.6199951171875,312.04998779296875,309.88531494140625,20731900
2023-07-19,313.0299987792969,318.67999267578125,310.5199890136719,316.010009765625,313.8179016113281,21763700
2023-07-20,313.5,315.5400085449219,302.2200012207031,302.5199890136719,300.4214782714844,23836900
2023-07-21,304.57000732421875,305.4599914550781,291.20001220703125,294.260009765625,292.21875,42139300
2023-07-24,295.7799987792969,297.5199890136719,288.29998779296875,291.6099853515625,289.58709716796875,24915700
2023-07-25,295.19000244140625,298.29998779296875,291.8599853515625,294.4700012207031,292.42730712890625,19585600
2023-07-26,301.19000244140625,301.7699890136719,291.8999938964844,298.57000732421875,296.4988708496094,47256900
2023-07-27,325.1199951171875,325.3500061035156,309.8399963378906,311.7099914550781,309.5476989746094,64229200
2023-07-28,316.8800048828125,326.20001220703125,314.25,325.4800109863281,323.2221984863281,39220300
2023-07-31,323.69000244140625,325.6600036621094,317.5899963378906,318.6000061035156,316.38995361328125,25799600
2023-08-01,317.5400085449219,324.1400146484375,314.6600036621094,322.7099914550781,320.47137451171875,22817900
2023-08-02,318.0,318.3900146484375,310.6499938964844,314.3099975585937,312.1297302246094,20461100
2023-08-03,309.92999267578125,315.95001220703125,309.92999267578125,313.19000244140625,311.0174255371094,15180200
2023-08-04,314.9599914550781,318.4100036621094,310.20001220703125,310.7300109863281,308.5744934082031,17612800
2023-08-07,313.2300109863281,317.07000732421875,310.4599914550781,316.5599975585937,314.36407470703125,16236500
2023-08-08,314.3999938964844,317.8900146484375,310.1099853515625,312.6400146484375,310.4712829589844,15183500
2023-08-09,312.8800048828125,313.6300048828125,302.8500061035156,305.2099914550781,303.09283447265625,19955800
2023-08-10,307.94000244140625,312.3399963378906,303.8699951171875,305.739990234375,303.6191101074219,14358900
2023-08-11,302.57000732421875,304.7200012207031,300.3599853515625,301.6400146484375,299.5475769042969,14046300
2023-08-14,300.9800109863281,306.2099914550781,298.25,306.19000244140625,304.06597900390625,15641900
2023-08-15,306.1400146484375,307.2300109863281,300.0299987792969,301.95001220703125,299.8554077148437,11623600
2023-08-16,300.20001220703125,301.0799865722656,294.2799987792969,294.2900085449219,292.2485656738281,18547700
2023-08-17,293.04998779296875,296.04998779296875,284.95001220703125,285.0899963378906,283.1123962402344,23950100
2023-08-18,279.0299987792969,285.69000244140625,274.3800048828125,283.25,281.28515625,35347900
2023-08-21,283.45001220703125,290.5,281.8500061035156,289.8999938964844,287.8890075683594,20181500
2023-08-22,292.54998779296875,292.8999938964844,286.75,287.6000061035156,285.60498046875,12980200
2023-08-23,288.5,297.3999938964844,287.6700134277344,294.239990234375,292.19891357421875,18287000
2023-08-24,298.5,299.4599914550781,286.6400146484375,286.75,284.7608337402344,18360900
2023-08-25,286.1300048828125,288.3900146484375,276.0299987792969,285.5,283.51953125,23701400
2023-08-28,288.0,291.45001220703125,285.79998779296875,290.260009765625,288.2464904785156,14239300
2023-08-29,288.5799865722656,299.1499938964844,288.17999267578125,297.989990234375,295.92291259765625,20844500
2023-08-30,297.1700134277344,298.2900085449219,293.42999267578125,295.1000061035156,293.0529479980469,17717000
2023-08-31,295.79998779296875,301.1000061035156,295.6600036621094,295.8900146484375,293.83746337890625,17229900
2023-09-01,299.3699951171875,301.739990234375,294.4700012207031,296.3800048828125,294.3240966796875,12842300
2023-09-05,297.0199890136719,301.3900146484375,295.510009765625,300.1499938964844,298.0679016113281,14956000
2023-09-06,301.7099914550781,303.29998779296875,295.6600036621094,299.1700134277344,297.0947265625,15418100
2023-09-07,298.0,307.04998779296875,292.2200012207031,298.6700134277344,296.59814453125,33748700
2023-09-08,299.2200012207031,305.25,296.7799987792969,297.8900146484375,295.8235778808594,17548000
2023-09-11,301.4100036621094,309.0400085449219,301.2799987792969,307.5599975585937,305.42645263671875,19489300
2023-09-12,306.3299865722656,308.6600036621094,300.2300109863281,301.6600036621094,299.56744384765625,13480400
2023-09-13,302.3599853515625,307.17999267578125,301.32000732421875,305.0599975585937,302.94384765625,13210900
2023-09-14,306.739990234375,312.8699951171875,305.0299987792969,311.7200012207031,309.5577087402344,19343100
2023-09-15,311.6099853515625,312.0,298.75,300.3099975585937,298.2267761230469,28131100
2023-09-18,298.19000244140625,303.6000061035156,297.79998779296875,302.54998779296875,300.45123291015625,14234200
2023-09-19,302.4800109863281,306.1700134277344,299.8099975585937,305.07000732421875,302.95379638671875,15924400
2023-09-20,305.04998779296875,308.0599975585937,299.42999267578125,299.6700134277344,297.5912170410156,19379500
2023-09-21,295.70001220703125,300.260009765625,293.2699890136719,295.7300109863281,293.6785583496094,21319600
2023-09-22,299.29998779296875,305.3800048828125,298.2699890136719,299.0799865722656,297.0053100585937,25369600
2023-09-25,295.6400146484375,300.95001220703125,293.70001220703125,300.8299865722656,298.7431945800781,18987000
2023-09-26,297.6600036621094,300.29998779296875,296.010009765625,298.9599914550781,296.8861083984375,19417200
2023-09-27,300.45001220703125,301.29998779296875,286.7900085449219,297.739990234375,295.6745910644531,36429800
2023-09-28,298.94000244140625,306.3299865722656,296.70001220703125,303.9599914550781,301.8514709472656,22167100
2023-09-29,307.3800048828125,310.6400146484375,299.3599853515625,300.2099914550781,298.1274719238281,25373700
2023-10-02,302.739990234375,307.17999267578125,301.6300048828125,306.82000732421875,304.6916198730469,16265600
2023-10-03,304.260009765625,306.7699890136719,299.6400146484375,300.94000244140625,298.8524169921875,17362300
2023-10-04,298.7300109863281,306.8999938964844,298.5,305.5799865722656,303.46026611328125,16880500
2023-10-05,304.6300048828125,306.2099914550781,299.5,304.7900085449219,302.6757507324219,19130000
2023-10-06,301.44000244140625,316.3099975585937,300.9100036621094,315.42999267578125,313.24188232421875,21803900
2023-10-09,312.5,320.3299865722656,311.82000732421875,318.3599853515625,316.15155029296875,22503700
2023-10-10,319.1199951171875,324.6600036621094,318.1600036621094,321.8399963378906,319.607421875,19038000
2023-10-11,323.010009765625,328.8399963378906,322.95001220703125,327.82000732421875,325.5460205078125,22036300
2023-10-12,328.0,330.5400085449219,322.69000244140625,324.1600036621094,321.9113464355469,20530500
2023-10-13,323.5299987792969,325.04998779296875,312.3699951171875,314.69000244140625,312.5070495605469,21341000
2023-10-16,318.6400146484375,321.82000732421875,315.5199890136719,321.1499938964844,318.9222412109375,16536100
2023-10-17,318.17999267578125,324.3999938964844,317.29998779296875,324.0,321.75244140625,16387800
2023-10-18,321.3900146484375,325.94000244140625,315.5599975585937,316.9700012207031,314.77117919921875,16851000
2023-10-19,319.8800048828125,321.8900146484375,311.75,312.8099975585937,310.6401062011719,18709200
2023-10-20,314.1400146484375,315.29998779296875,306.4700012207031,308.6499938964844,306.5088806152344,22312300
2023-10-23,309.5,317.3599853515625,307.260009765625,314.010009765625,311.83172607421875,17796800
2023-10-24,316.7799987792969,318.3500061035156,310.6300048828125,312.54998779296875,310.3818664550781,19525500
2023-10-25,310.0,310.8800048828125,298.8399963378906,299.5299987792969,297.4521789550781,42192500
2023-10-26,295.0,295.0,279.3999938964844,288.3500061035156,286.3497314453125,66684100
2023-10-27,294.4800109863281,299.3099975585937,292.9700012207031,296.7300109863281,294.671630859375,29596300
2023-10-30,299.0899963378906,309.3999938964844,299.04998779296875,302.6600036621094,300.5604858398437,28435100
2023-10-31,303.3099975585937,303.67999267578125,296.8599853515625,301.2699890136719,299.1800842285156,19434200
2023-11-01,301.8500061035156,312.739990234375,301.8500061035156,311.8500061035156,309.6867370605469,20434600
2023-11-02,317.29998779296875,318.82000732421875,308.3299865722656,310.8699951171875,308.7134704589844,21631800
2023-11-03,312.54998779296875,315.54998779296875,311.0199890136719,314.6000061035156,312.41766357421875,16764300
2023-11-06,315.9800109863281,318.3299865722656,314.45001220703125,315.79998779296875,313.6092529296875,12887700
2023-11-07,317.0599975585937,321.0,315.1199951171875,318.82000732421875,316.6083984375,14055600
2023-11-08,318.1400146484375,321.3299865722656,314.8800048828125,319.7799987792969,317.56170654296875,13609700
2023-11-09,319.4200134277344,324.17999267578125,318.79998779296875,320.54998779296875,318.3263854980469,16103100
2023-11-10,319.94000244140625,329.1000061035156,319.4599914550781,328.7699890136719,326.4893798828125,19096200
2023-11-13,326.20001220703125,332.3299865722656,325.70001220703125,329.19000244140625,326.9064636230469,16908900
2023-11-14,334.5400085449219,338.1000061035156,333.3299865722656,336.3099975585937,333.97705078125,17179400
2023-11-15,337.92999267578125,338.3999938964844,330.0199890136719,332.7099914550781,330.40203857421875,14531200
2023-11-16,329.3699951171875,334.5799865722656,326.3800048828125,334.19000244140625,331.87176513671875,18932600
2023-11-17,330.260009765625,335.5,329.3500061035156,335.0400085449219,332.71588134765625,14494400
2023-11-20,334.8900146484375,341.8699951171875,334.19000244140625,339.9700012207031,337.6116638183594,16960500
2023-11-21,338.3299865722656,339.8999938964844,335.8999938964844,336.9800109863281,334.6424560546875,12027900
2023-11-22,339.2099914550781,342.9200134277344,338.5799865722656,341.489990234375,339.12115478515625,10702700
2023-11-24,340.1300048828125,341.8599853515625,336.7699890136719,338.2300109863281,335.8837280273437,5467500
2023-11-27,336.17999267578125,339.8999938964844,334.20001220703125,334.70001220703125,332.3782653808594,15684500
2023-11-28,333.3999938964844,339.3800048828125,333.3999938964844,338.989990234375,336.63848876953125,12637200
2023-11-29,339.69000244140625,339.8999938964844,330.7799987792969,332.20001220703125,329.8955993652344,16024500
2023-11-30,331.8900146484375,333.5,322.3999938964844,327.1499938964844,324.8806457519531,23146400
2023-12-01,325.4800109863281,326.8599853515625,320.760009765625,324.82000732421875,322.5667724609375,15276400
2023-12-04,317.2900085449219,320.8599853515625,313.6600036621094,320.0199890136719,317.8000793457031,19037100
2023-12-05,318.9800109863281,321.8800048828125,315.3900146484375,318.2900085449219,316.08209228515625,16952100
2023-12-06,321.92999267578125,322.25,317.0400085449219,317.45001220703125,315.2478942871094,11294300
2023-12-07,317.7699890136719,328.239990234375,317.7699890136719,326.5899963378906,324.3244934082031,15905100
2023-12-08,323.0899963378906,333.1700134277344,323.0,332.75,330.4417724609375,14087400
2023-12-11,329.3999938964844,329.8900146484375,320.0,325.2799987792969,323.0235595703125,25802500
2023-12-12,324.6000061035156,334.4700012207031,324.5599975585937,334.2200012207031,331.90155029296875,18485500
2023-12-13,333.92999267578125,338.3699951171875,332.6400146484375,334.739990234375,332.41796875,16353300
2023-12-14,333.8500061035156,334.70001220703125,328.6400146484375,333.1700134277344,330.8588562011719,19607300
2023-12-15,331.989990234375,338.6600036621094,331.2200012207031,334.9200134277344,332.5967102050781,31776900
2023-12-18,337.4800109863281,347.5599975585937,337.0199890136719,344.6199951171875,342.2294006347656,18993900
2023-12-19,345.5799865722656,353.6000061035156,345.1199951171875,350.3599853515625,347.9295959472656,17729400
2023-12-20,348.6499938964844,354.9599914550781,347.7900085449219,349.2799987792969,346.8570861816406,16369900
2023-12-21,352.9800109863281,356.4100036621094,349.2099914550781,354.0899963378906,351.6336975097656,15289600
2023-12-22,355.5799865722656,357.20001220703125,351.2200012207031,353.3900146484375,350.9385986328125,11772800
2023-12-26,354.989990234375,356.9800109863281,353.45001220703125,354.8299865722656,352.3685913085937,9898600
2023-12-27,356.07000732421875,359.0,355.3099975585937,357.8299865722656,355.3477783203125,13207900
2023-12-28,359.70001220703125,361.8999938964844,357.8099975585937,358.32000732421875,355.8343811035156,11798800
2023-12-29,358.989990234375,360.0,351.82000732421875,353.9599914550781,351.504638671875,14987100
2024-01-02,351.32000732421875,353.1600036621094,340.010009765625,346.2900085449219,343.8878173828125,19042200
2024-01-03,344.9800109863281,347.95001220703125,343.17999267578125,344.4700012207031,342.0804443359375,15451100
2024-01-04,344.5,348.1499938964844,343.3999938964844,347.1199951171875,344.7120361328125,12099900
2024-01-05,346.989990234375,353.5,346.260009765625,351.95001220703125,349.50860595703125,13920700
2024-01-08,354.70001220703125,358.9800109863281,352.04998779296875,358.6600036621094,356.17205810546875,13890200
2024-01-09,356.3999938964844,360.6400146484375,355.3599853515625,357.42999267578125,354.9505615234375,13463900
2024-01-10,360.1700134277344,372.9400024414063,359.0799865722656,370.4700012207031,367.9000549316406,22117200
2024-01-11,372.1300048828125,372.7799987792969,362.9299926757813,369.6700134277344,367.1056518554688,17205400
2024-01-12,370.1600036621094,377.05999755859375,369.5400085449219,374.489990234375,371.8922119140625,19310000
2024-01-16,373.6499938964844,375.6099853515625,367.2300109863281,367.4599914550781,364.9109191894531,15306900
2024-01-17,366.2999877929688,368.5400085449219,358.6099853515625,368.3699951171875,365.8146667480469,12724800
2024-01-18,371.489990234375,376.8500061035156,370.9500122070313,376.1300048828125,373.5208740234375,16354300
2024-01-19,379.0,384.3599853515625,377.9700012207031,383.4500122070313,380.79010009765625,21670800
2024-01-22,387.9500122070313,390.3500061035156,381.1600036621094,381.7799987792969,379.1316833496094,17680500
2024-01-23,384.6199951171875,388.3800048828125,382.0799865722656,385.2000122070313,382.5279541015625,15506100
2024-01-24,390.0,396.1499938964844,387.80999755859375,390.7000122070313,387.9898071289063,15698500
2024-01-25,390.1700134277344,395.489990234375,385.6600036621094,393.1799926757813,390.4525451660156,15091100
2024-01-26,394.3500061035156,396.7900085449219,391.5899963378906,394.1400146484375,391.4058837890625,13163700
2024-01-29,394.989990234375,402.9299926757813,393.1000061035156,401.0199890136719,398.2381591796875,18742400
2024-01-30,403.5899963378906,406.3599853515625,399.5700073242188,400.05999755859375,397.2848205566406,18614700
2024-01-31,389.0,398.0,387.1000061035156,390.1400146484375,387.4336242675781,20180800
2024-02-01,393.9400024414063,400.5,393.0499877929688,394.7799987792969,392.0414733886719,29727100
2024-02-02,459.6000061035156,485.9599914550781,453.010009765625,474.989990234375,471.6950378417969,84707600
2024-02-05,469.8800048828125,471.8999938964844,459.2200012207031,459.4100036621094,456.2231140136719,40832400
2024-02-06,464.0,467.1199951171875,453.0,454.7200012207031,451.565673828125,21655200
2024-02-07,458.0,471.5199890136719,456.1799926757813,469.5899963378906,466.33251953125,23066000
2024-02-08,468.3200073242188,470.5899963378906,465.0299987792969,470.0,466.7397155761719,18815100
2024-02-09,472.9500122070313,473.5899963378906,467.4700012207031,468.1099853515625,464.8627624511719,18413100
2024-02-12,468.1900024414063,479.1499938964844,466.5799865722656,468.8999938964844,465.6473083496094,19382000
2024-02-13,456.8699951171875,467.8900146484375,455.0899963378906,460.1199951171875,456.92822265625,20916600
2024-02-14,467.9299926757813,474.1099853515625,466.0899963378906,473.2799987792969,469.9969177246094,16858400
2024-02-15,475.2799987792969,488.6199951171875,472.2200012207031,484.0299987792969,480.6723327636719,24212300
2024-02-16,478.1099853515625,478.9599914550781,469.2099914550781,473.3200073242188,470.0366516113281,23324600
2024-02-20,469.7200012207031,476.1799926757813,466.55999755859375,471.75,468.4775695800781,18015500
2024-02-21,466.5,469.0,461.7900085449219,468.0299987792969,465.2764892578125,12921800
2024-02-22,480.239990234375,489.989990234375,476.05999755859375,486.1300048828125,483.27001953125,21625800
2024-02-23,488.0499877929688,494.3599853515625,482.3500061035156,484.0299987792969,481.182373046875,18374300
2024-02-26,483.4700012207031,486.1400146484375,480.6000061035156,481.739990234375,478.9057922363281,12101400
2024-02-27,479.9800109863281,487.2699890136719,479.9200134277344,487.0499877929688,484.1845703125,10809600
2024-02-28,485.0,491.0499877929688,482.75,484.0199890136719,481.17236328125,12715500
2024-02-29,488.4400024414063,491.7000122070313,482.6099853515625,490.1300048828125,487.2464904785156,17732000
2024-03-01,492.1099853515625,504.25,491.8500061035156,502.2999877929688,499.3448181152344,16273600
2024-03-04,503.0,504.4200134277344,496.4200134277344,498.1900024414063,495.2590637207031,12324100
2024-03-05,495.0,495.5799865722656,487.8900146484375,490.2200012207031,487.3359375,15325300
2024-03-06,497.6300048828125,502.9700012207031,494.2900085449219,496.0899963378906,493.1714172363281,11757900
2024-03-07,503.2799987792969,519.8499755859375,501.3800048828125,512.1900024414062,509.1766662597656,18586400
2024-03-08,514.1900024414062,523.5700073242188,499.3500061035156,505.9500122070313,502.973388671875,18597100
2024-03-11,497.010009765625,497.3200073242188,476.0,483.5899963378906,480.7449340820313,20428300
2024-03-12,493.260009765625,502.30999755859375,484.7300109863281,499.75,496.8098754882813,15448200
2024-03-13,495.3900146484375,500.9800109863281,491.0299987792969,495.5700073242188,492.6544799804688,12090700
2024-03-14,500.260009765625,501.3500061035156,488.1600036621094,491.8299865722656,488.9364013671875,12620000
2024-03-15,489.010009765625,491.8299865722656,481.2999877929688,484.1000061035156,481.251953125,29153600
2024-03-18,491.9100036621094,497.4200134277344,486.80999755859375,496.9800109863281,494.05615234375,11755300
2024-03-19,488.1700134277344,496.6300048828125,481.2799987792969,496.239990234375,493.3204650878906,10903100
2024-03-20,499.5,508.2000122070313,495.1700134277344,505.5199890136719,502.5458984375,11711100
2024-03-21,514.7100219726562,515.0399780273438,506.010009765625,507.760009765625,504.7727661132813,9712500
2024-03-22,507.0,509.9700012207031,504.3399963378906,509.5799865722656,506.58203125,8120600
2024-03-25,505.7900085449219,507.2200012207031,500.239990234375,503.0199890136719,500.06060791015625,8380600
2024-03-26,505.1300048828125,510.0,495.2099914550781,495.8900146484375,492.9725646972656,11205400
2024-03-27,499.2999877929688,499.8900146484375,488.0700073242188,493.8599853515625,490.9544677734375,9989700
2024-03-28,492.8399963378906,492.8900146484375,485.1499938964844,485.5799865722656,482.7232666015625,15212800
2024-04-01,487.2000122070313,497.4299926757813,481.7799987792969,491.3500061035156,488.4592895507813,9247000
2024-04-02,485.1000061035156,497.5299987792969,484.6499938964844,497.3699951171875,494.4438781738281,11081000
2024-04-03,498.9299926757813,507.239990234375,498.75,506.739990234375,503.75872802734375,12099200
2024-04-04,516.4199829101562,530.0,510.5799865722656,510.9200134277344,507.9141845703125,26476300
2024-04-05,516.8599853515625,530.7000122070312,514.4099731445312,527.3400268554688,524.237548828125,19263300
2024-04-08,529.280029296875,531.489990234375,518.8900146484375,519.25,516.1951293945312,13260600
2024-04-09,522.22998046875,525.8699951171875,506.739990234375,516.9000244140625,513.8590698242188,10863800
2024-04-10,509.2900085449219,522.5599975585938,505.7999877929688,519.8300170898438,516.771728515625,11418500
2024-04-11,521.1099853515625,523.8599853515625,517.2899780273438,523.1599731445312,520.0821533203125,10369500
2024-04-12,517.75,520.1900024414062,509.3299865722656,511.8999938964844,508.8883666992188,11984500
2024-04-15,516.719970703125,518.530029296875,497.2799987792969,500.2300109863281,497.2870788574219,13512900
2024-04-16,498.1099853515625,504.7699890136719,497.1099853515625,499.760009765625,496.81982421875,9847900
2024-04-17,503.1000061035156,503.1600036621094,487.1400146484375,494.1700134277344,491.2626953125,12193700
2024-04-18,499.8200073242188,512.2100219726562,499.0400085449219,501.7999877929688,498.8478088378906,14808700
2024-04-19,502.7999877929688,502.7999877929688,475.7300109863281,481.0700073242188,478.2397766113281,25215400
2024-04-22,489.7200012207031,492.010009765625,473.3999938964844,481.7300109863281,478.89593505859375,17271100
2024-04-23,491.25,498.760009765625,488.9700012207031,496.1000061035156,493.1813659667969,15079200
2024-04-24,508.05999755859375,510.0,484.5799865722656,493.5,490.5966491699219,37772700
2024-04-25,421.3999938964844,445.7699890136719,414.5,441.3800048828125,438.7832946777344,82890700
2024-04-26,441.4599914550781,446.4400024414063,431.9599914550781,443.2900085449219,440.6820373535156,32691400
2024-04-29,439.55999755859375,439.760009765625,428.55999755859375,432.6199951171875,430.0747985839844,21502600
2024-04-30,431.0499877929688,439.6199951171875,429.7200012207031,430.1700134277344,427.6392517089844,18429500
2024-05-01,428.6000061035156,449.9599914550781,427.1099853515625,439.1900024414063,436.6061401367188,20344900
2024-05-02,438.8399963378906,443.9599914550781,432.2799987792969,441.6799926757813,439.0815124511719,15221300
2024-05-03,445.9299926757813,454.1700134277344,443.8500061035156,451.9599914550781,449.301025390625,16489100
2024-05-06,455.5799865722656,466.1600036621094,453.3399963378906,465.6799926757813,462.9403381347656,15094600
2024-05-07,466.2900085449219,471.5299987792969,461.30999755859375,468.239990234375,465.4852294921875,13406800
2024-05-08,463.5,475.5799865722656,463.0,472.6000061035156,469.8196105957031,11683900
2024-05-09,470.0,476.0799865722656,467.6300048828125,475.4200134277344,472.623046875,9437700
2024-05-10,477.0899963378906,477.5,469.6000061035156,476.2000122070313,473.3984069824219,10750000
2024-05-13,472.75,473.3500061035156,462.8500061035156,468.010009765625,465.256591796875,14668800
2024-05-14,463.3699951171875,472.5400085449219,460.0799865722656,471.8500061035156,469.0740356445313,10478600
2024-05-15,474.9800109863281,482.5,471.2000122070313,481.5400085449219,478.7070007324219,13100500
2024-05-16,475.0,477.6900024414063,472.75,473.2300109863281,470.4459228515625,16608200
2024-05-17,470.8299865722656,472.7999877929688,468.4200134277344,471.9100036621094,469.1336364746094,10807300
2024-05-20,469.9500122070313,473.2000122070313,467.0400085449219,468.8399963378906,466.0816955566406,11745100
2024-05-21,467.1199951171875,470.7000122070313,462.2699890136719,464.6300048828125,461.896484375,11742200
2024-05-22,467.8699951171875,473.7200012207031,465.6499938964844,467.7799987792969,465.0279235839844,10078600
2024-05-23,472.8800048828125,474.3599853515625,461.5400085449219,465.7799987792969,463.0397033691406,11747900
2024-05-24,467.6199951171875,479.8500061035156,466.2999877929688,478.2200012207031,475.4065551757813,12024300
2024-05-28,476.5799865722656,480.8599853515625,474.8399963378906,479.9200134277344,477.0965270996094,10175800
2024-05-29,474.6600036621094,479.8500061035156,473.7000122070313,474.3599853515625,471.5692443847656,9226200
2024-05-30,471.6700134277344,471.7300109863281,464.7099914550781,467.0499877929688,464.3022155761719,10719600
2024-05-31,465.7999877929688,469.1199951171875,454.4599914550781,466.8299865722656,464.0835266113281,16919800
2024-06-03,470.8599853515625,479.6000061035156,468.239990234375,477.489990234375,474.6808166503906,11279400
2024-06-04,477.0,478.8900146484375,473.2300109863281,476.989990234375,474.1837768554688,7088700
2024-06-05,484.4500122070313,496.6499938964844,483.9100036621094,495.05999755859375,492.1474609375,15690500
2024-06-06,492.9800109863281,502.8200073242188,490.8900146484375,493.760009765625,490.8551025390625,10667300
2024-06-07,495.9100036621094,498.9100036621094,490.1700134277344,492.9599914550781,490.059814453125,9380700
2024-06-10,493.8599853515625,502.6600036621094,493.4100036621094,502.6000061035156,499.6431274414063,11220900
2024-06-11,500.1600036621094,507.6000061035156,498.2699890136719,507.4700012207031,504.4844970703125,9673700
2024-06-12,513.989990234375,514.010009765625,504.4700012207031,508.8399963378906,505.8463745117188,11983200
2024-06-13,505.7099914550781,509.3599853515625,501.3599853515625,504.1000061035156,501.1343078613281,9954600
2024-06-14,502.6499938964844,507.1499938964844,500.75,504.1600036621094,501.6915588378906,10243300
2024-06-17,501.6700134277344,510.75,496.010009765625,506.6300048828125,504.14947509765625,11266600
2024-06-18,504.55999755859375,506.0,495.0199890136719,499.489990234375,497.0444030761719,13060400
2024-06-20,502.0,503.6700134277344,496.7699890136719,501.7000122070313,499.24359130859375,11801200
2024-06-21,503.4500122070313,503.4500122070313,492.3900146484375,494.7799987792969,492.35748291015625,22359200
2024-06-24,499.2000122070313,507.7999877929688,494.2900085449219,498.9100036621094,496.4672546386719,13525300
2024-06-25,497.0499877929688,510.7099914550781,495.5,510.6000061035156,508.1000061035156,12063200
2024-06-26,506.6499938964844,513.8099975585938,504.6799926757813,513.1199951171875,510.607666015625,8882300
2024-06-27,514.25,522.8800048828125,513.9000244140625,519.5599975585938,517.01611328125,10121200
2024-06-28,517.1500244140625,521.8800048828125,503.8399963378906,504.2200012207031,501.7512512207031,15855100
2024-07-01,504.9500122070313,506.5799865722656,493.1700134277344,504.6799926757813,502.208984375,10328200
2024-07-02,500.760009765625,510.5,499.4500122070313,509.5,507.00537109375,7739500
2024-07-03,506.3699951171875,511.2799987792969,506.0199890136719,509.9599914550781,507.463134765625,6005600
2024-07-05,511.6000061035156,540.8699951171875,511.6000061035156,539.9099731445312,537.2665405273438,21354100
2024-07-08,542.3499755859375,542.8099975585938,526.6500244140625,529.3200073242188,526.7283935546875,14917500
2024-07-09,533.75,537.47998046875,528.1900024414062,530.0,527.4050903320312,8753200
2024-07-10,530.7899780273438,538.8800048828125,528.3599853515625,534.6900024414062,532.072021484375,10983300
2024-07-11,530.8900146484375,535.4600219726562,508.3699951171875,512.7000122070312,510.1897277832031,16458300
2024-07-12,497.760009765625,508.0899963378906,494.2300109863281,498.8699951171875,496.4274291992188,19750500
2024-07-15,498.6300048828125,506.6799926757813,493.3699951171875,496.1600036621094,493.730712890625,12539200
2024-07-16,501.5,503.9500122070313,485.7900085449219,489.7900085449219,487.3919067382813,14075800
2024-07-17,479.1700134277344,479.1700134277344,459.1199951171875,461.989990234375,459.72802734375,28076600
2024-07-18,475.0,479.239990234375,464.5400085449219,475.8500061035156,473.5201721191406,19267200
2024-07-19,476.05999755859375,486.7099914550781,475.7099914550781,476.7900085449219,474.45556640625,15149400
2024-07-22,486.5799865722656,492.05999755859375,483.8999938964844,487.3999938964844,485.0135803222656,12023100
2024-07-23,489.8399963378906,495.2200012207031,487.7200012207031,488.6900024414063,486.2972717285156,9455500
2024-07-24,472.30999755859375,476.2999877929688,460.5799865722656,461.2699890136719,459.0115356445313,17649700
2024-07-25,463.260009765625,463.5499877929688,442.6499938964844,453.4100036621094,451.1900329589844,18240500
2024-07-26,464.2000122070313,469.7699890136719,459.4200134277344,465.7000122070313,463.41986083984375,14222400
2024-07-29,469.8800048828125,473.9599914550781,465.0199890136719,465.7099914550781,463.4298400878906,11339600
2024-07-30,467.0,472.7300109863281,456.7000122070313,463.1900024414063,460.9221496582031,11390400
2024-07-31,471.0199890136719,476.5,466.75,474.8299865722656,472.5050964355469,24285800
2024-08-01,521.0,527.1699829101562,492.1000061035156,497.739990234375,495.3029479980469,43083100
2024-08-02,489.0,501.1499938964844,476.1499938964844,488.1400146484375,485.75,24044700
2024-08-05,451.3500061035156,483.4800109863281,450.7999877929688,475.7300109863281,473.4007568359375,21396200
2024-08-06,479.0,502.55999755859375,478.6499938964844,494.0899963378906,491.6708068847656,20955000
2024-08-07,503.1300048828125,510.1499938964844,486.8599853515625,488.9200134277344,486.5261840820313,20105300
2024-08-08,497.5,509.9599914550781,494.7200012207031,509.6300048828125,507.1347961425781,16156800
2024-08-09,507.7099914550781,518.3400268554688,505.7000122070313,517.77001953125,515.2349243164062,13696600
2024-08-12,516.8599853515625,518.02001953125,509.1000061035156,515.9500122070312,513.4238891601562,9767400
2024-08-13,520.010009765625,531.5,518.1500244140625,528.5399780273438,525.9521484375,13743800
2024-08-14,528.0599975585938,534.0,523.1300048828125,526.760009765625,524.180908203125,11444200
2024-08-15,531.7899780273438,539.77001953125,526.7000122070312,537.3300170898438,534.6990966796875,13482100
2024-08-16,531.9000244140625,533.6599731445312,524.6599731445312,527.4199829101562,524.837646484375,14776700
2024-08-19,526.8699951171875,531.6599731445312,522.760009765625,529.280029296875,526.6885986328125,9879700
2024-08-20,528.3499755859375,531.0900268554688,525.8800048828125,526.72998046875,524.1510009765625,7944400
2024-08-21,527.1500244140625,539.4000244140625,526.9299926757812,535.1599731445312,532.539794921875,13423300
2024-08-22,537.0,544.22998046875,528.5900268554688,531.9299926757812,529.3255615234375,15708300
2024-08-23,536.9199829101562,539.8699951171875,525.0599975585938,528.0,525.414794921875,11323900
2024-08-26,527.5999755859375,528.0,514.9500122070312,521.1199951171875,518.568603515625,9584000
2024-08-27,518.97998046875,524.010009765625,515.3099975585938,519.0999755859375,516.558349609375,6282700
2024-08-28,517.6699829101562,521.0900268554688,512.4500122070312,516.780029296875,514.2498168945312,9106100
2024-08-29,519.0499877929688,527.2000122070312,515.6799926757812,518.219970703125,515.6826782226562,8317400
2024-08-30,521.3499755859375,523.5399780273438,515.2000122070312,521.3099975585938,518.7575073242188,9157500
2024-09-03,519.6400146484375,525.489990234375,508.6199951171875,511.760009765625,509.2543640136719,12459100
2024-09-04,506.0700073242188,516.5900268554688,504.0700073242188,512.739990234375,510.2295227050781,8335200
2024-09-05,511.7200012207031,521.6300048828125,511.1499938964844,516.8599853515625,514.329345703125,8640900
2024-09-06,521.8800048828125,524.5800170898438,498.25,500.2699890136719,497.8205871582031,14744500
2024-09-09,506.1600036621094,511.3299865722656,502.0799865722656,504.7900085449219,502.3184509277344,11047800
2024-09-10,508.1600036621094,514.1799926757812,500.0299987792969,504.7900085449219,502.3184509277344,9899000
2024-09-11,507.010009765625,513.1199951171875,495.6000061035156,511.8299865722656,509.3240051269531,10782500
2024-09-12,517.0499877929688,526.7100219726562,515.219970703125,525.5999755859375,523.0265502929688,11970500
2024-09-13,520.3400268554688,527.5800170898438,517.1099853515625,524.6199951171875,522.0513305664062,10321400
2024-09-16,524.5399780273438,534.0999755859375,517.4000244140625,533.280029296875,531.1752319335938,9527600
2024-09-17,537.5999755859375,542.0999755859375,530.5700073242188,536.3200073242188,534.2032470703125,11690800
2024-09-18,537.0700073242188,544.2000122070312,533.9000244140625,537.9500122070312,535.8268432617188,10323500
2024-09-19,550.0,562.0700073242188,546.52001953125,559.0999755859375,556.893310546875,15647000
2024-09-20,560.0,564.5,556.2999877929688,561.3499755859375,559.1344604492188,22066800
2024-09-23,569.5,573.97998046875,562.4099731445312,564.4099731445312,562.1823120117188,12830700
2024-09-24,566.6799926757812,567.75,554.1900024414062,563.3300170898438,561.1066284179688,12993000
2024-09-25,564.0499877929688,576.8800048828125,563.719970703125,568.3099975585938,566.0669555664062,16543400
2024-09-26,575.72998046875,577.4000244140625,562.3499755859375,567.8400268554688,565.5988159179688,14400800
2024-09-27,570.0999755859375,570.8400268554688,564.510009765625,567.3599853515625,565.1207275390625,9398400
2024-09-30,567.7000122070312,574.6799926757812,564.7999877929688,572.4400024414062,570.1806640625,12792300
2024-10-01,577.97998046875,583.0399780273438,570.0999755859375,576.469970703125,574.1946411132812,15259300
2024-10-02,574.8599853515625,576.0,569.3400268554688,572.8099975585938,570.5491943359375,6524700
2024-10-03,570.1500244140625,583.3599853515625,568.72998046875,582.77001953125,580.4698486328125,11581000
2024-10-04,583.72998046875,596.8499755859375,581.4299926757812,595.9400024414062,593.5879516601562,14169500
2024-10-07,598.219970703125,602.9500122070312,584.0399780273438,584.780029296875,582.4719848632812,12014200
2024-10-08,589.6900024414062,593.5599975585938,585.969970703125,592.8900146484375,590.5499877929688,7857400
2024-10-09,593.989990234375,594.3900146484375,581.6099853515625,590.510009765625,588.1793823242188,9529700
2024-10-10,587.5700073242188,590.22998046875,582.52001953125,583.8300170898438,581.5256958007812,7740400
2024-10-11,584.8300170898438,591.2100219726562,582.7100219726562,589.9500122070312,587.6216430664062,8587100
2024-10-14,594.219970703125,600.0999755859375,589.9600219726562,590.4199829101562,588.0896606445312,8252000
2024-10-15,590.1599731445312,590.6099853515625,580.1400146484375,586.27001953125,583.9560546875,9564200
2024-10-16,581.4000244140625,582.0800170898438,574.030029296875,576.7899780273438,574.513427734375,11268400
2024-10-17,583.3300170898438,584.969970703125,575.2000122070312,576.9299926757812,574.6528930664062,8701200
2024-10-18,581.0999755859375,583.969970703125,575.25,576.469970703125,574.1946411132812,7694300
2024-10-21,576.030029296875,577.239990234375,569.1099853515625,575.1599731445312,572.8899536132812,8171900
2024-10-22,574.2899780273438,583.530029296875,572.1199951171875,582.010009765625,579.7128295898438,8544500
2024-10-23,579.969970703125,585.0,562.5,563.6900024414062,561.4651489257812,14248400
2024-10-24,567.1300048828125,568.8800048828125,561.52001953125,567.780029296875,565.5391235351562,7184700
2024-10-25,573.9299926757812,581.2899780273438,571.719970703125,573.25,570.9874877929688,11337900
2024-10-28,582.0,583.75,574.1199951171875,578.1599731445312,575.8780517578125,10925100
2024-10-29,580.1500244140625,593.6699829101562,575.4000244140625,593.280029296875,590.9384155273438,13019100
2024-10-30,600.97998046875,601.2000122070312,589.3800048828125,591.7999877929688,589.4642333984375,26864900
2024-10-31,585.0,589.9000244140625,563.010009765625,567.5800170898438,565.3397827148438,26838400
2024-11-01,567.6099853515625,573.6699829101562,562.5599975585938,567.1599731445312,564.9215087890625,15303200
2024-11-04,564.0999755859375,568.6900024414062,557.8900146484375,560.6799926757812,558.4669799804688,12064600
2024-11-05,567.2999877929688,573.47998046875,566.6699829101562,572.4299926757812,570.1707153320312,9775400
2024-11-06,562.75,573.0,555.1699829101562,572.0499877929688,569.7921752929688,18305400
2024-11-07,576.8900146484375,594.7999877929688,575.2100219726562,591.7000122070312,589.3646850585938,14653700
2024-11-08,591.5399780273438,593.0999755859375,584.52001953125,589.3400268554688,587.0140380859375,9415700
2024-11-11,586.3599853515625,587.0,576.510009765625,583.1699829101562,580.8683471679688,10209100
2024-11-12,588.5399780273438,599.6599731445312,580.3800048828125,584.8200073242188,582.5117797851562,16287700
2024-11-13,582.6099853515625,585.6400146484375,575.1699829101562,580.0,577.7108764648438,10757600
2024-11-14,577.0,580.760009765625,573.010009765625,577.1599731445312,574.8820190429688,11053700
2024-11-15,571.219970703125,572.5700073242188,551.5,554.0800170898438,551.89306640625,17712900
2024-11-18,557.0399780273438,559.9000244140625,550.0900268554688,554.4000244140625,552.2118530273438,14327300
2024-11-19,551.8599853515625,561.4299926757812,550.5999755859375,561.0900268554688,558.87548828125,9522400
2024-11-20,562.9299926757812,566.3499755859375,554.2000122070312,565.52001953125,563.2879638671875,9797300
2024-11-21,569.52001953125,570.0,549.0499877929688,563.0900268554688,560.8676147460938,11154700
2024-11-22,563.5499877929688,563.8300170898438,554.5900268554688,559.1400146484375,556.9331665039062,9164000
2024-11-25,562.0999755859375,572.5900268554688,556.3900146484375,565.1099853515625,562.8795166015625,13599800
2024-11-26,566.0,577.5,565.2000122070312,573.5399780273438,571.2763061523438,10356600
2024-11-27,574.8900146484375,574.97998046875,564.0999755859375,569.2000122070312,566.9534301757812,7200200
2024-11-29,569.0,578.4600219726562,566.9000244140625,574.3200073242188,572.05322265625,7130500
2024-12-02,577.5,594.5,575.5700073242188,592.8300170898438,590.4901733398438,12522400
2024-12-03,595.0,614.2000122070312,591.25,613.6500244140625,611.22802734375,14907200
2024-12-04,612.9600219726562,617.780029296875,605.0999755859375,613.780029296875,611.357421875,14697000
2024-12-05,617.0800170898438,619.9000244140625,607.0499877929688,608.9299926757812,606.5266723632812,8081200
2024-12-06,610.0999755859375,629.7899780273438,608.530029296875,623.77001953125,621.30810546875,16935500
2024-12-09,623.9199829101562,626.4000244140625,606.1699829101562,613.5700073242188,611.1483154296875,11426000
2024-12-10,617.5599975585938,625.5900268554688,612.739990234375,619.3200073242188,616.8755493164062,10938900
2024-12-11,623.3699951171875,638.4000244140625,621.530029296875,632.6799926757812,630.182861328125,10837200
2024-12-12,631.5,636.6599731445312,627.2100219726562,630.7899780273438,628.3003540039062,7474700
2024-12-13,627.219970703125,631.0800170898438,616.8900146484375,620.3499755859375,617.9015502929688,8453300
2024-12-16,629.97998046875,631.1500244140625,618.5800170898438,624.239990234375,622.2777709960938,10885600
2024-12-17,626.1699829101562,632.3699951171875,616.5399780273438,619.4400024414062,617.4928588867188,12897800
2024-12-18,621.0,627.3599853515625,596.3200073242188,597.1900024414062,595.3128051757812,17075500
2024-12-19,610.3900146484375,611.52001953125,595.0,595.5700073242188,593.6978759765625,14958100
2024-12-20,590.5800170898438,603.1099853515625,580.0,585.25,583.4103393554688,48989400
2024-12-23,589.5999755859375,601.0900268554688,586.25,599.8499755859375,597.9644165039062,10205800
2024-12-24,602.719970703125,607.989990234375,599.280029296875,607.75,605.8395385742188,4726100
2024-12-26,605.47998046875,606.2999877929688,598.9400024414062,603.3499755859375,601.4534301757812,6081400
2024-12-27,599.4099731445312,601.8499755859375,589.7999877929688,599.8099975585938,597.9244995117188,8084200
2024-12-30,588.75,596.9400024414062,585.5800170898438,591.239990234375,589.3814086914062,7025900
2024-12-31,592.27001953125,593.969970703125,583.8499755859375,585.510009765625,583.6694946289062,6019500
2025-01-02,589.719970703125,604.9099731445312,587.8200073242188,599.239990234375,597.3563232421875,12682300
2025-01-03,604.760009765625,609.5,596.4099731445312,604.6300048828125,602.7294311523438,11436800
2025-01-06,611.8300170898438,630.989990234375,605.6199951171875,630.2000122070312,628.2190551757812,14560800
2025-01-07,631.7000122070312,632.0999755859375,608.22998046875,617.8900146484375,615.94775390625,12071500
2025-01-08,613.4000244140625,616.4400024414062,602.7899780273438,610.719970703125,608.8002319335938,10085800
2025-01-10,610.030029296875,629.9099731445312,597.3400268554688,615.8599853515625,613.924072265625,19256600
2025-01-13,607.0999755859375,608.969970703125,598.4500122070312,608.3300170898438,606.417724609375,10785000
2025-01-14,605.0700073242188,605.489990234375,588.5499877929688,594.25,592.3819580078125,13598000
2025-01-15,610.2100219726562,622.4600219726562,606.5,617.1199951171875,615.1800537109375,15524300
2025-01-16,611.5,616.25,609.7100219726562,611.2999877929688,609.37841796875,8355300
2025-01-17,624.0499877929688,624.969970703125,603.6699829101562,612.77001953125,610.8438110351562,17280600
2025-01-21,617.8300170898438,621.5,609.010009765625,616.4600219726562,614.522216796875,11674000
2025-01-22,623.2999877929688,633.7000122070312,619.4299926757812,623.5,621.5401000976562,12274000
2025-01-23,627.3599853515625,636.5999755859375,621.1500244140625,636.4500122070312,634.4493408203125,9910200
2025-01-24,636.4000244140625,652.0,634.2000122070312,647.489990234375,645.4546508789062,19065300
2025-01-27,626.6099853515625,663.8699951171875,625.0999755859375,659.8800048828125,657.8057250976562,28399200
2025-01-28,666.0,682.5800170898438,659.469970703125,674.3300170898438,672.2103881835938,20950100
2025-01-29,675.0,681.0499877929688,665.6699829101562,676.489990234375,674.363525390625,21377800
2025-01-30,696.8200073242188,710.7899780273438,676.0999755859375,687.0,684.8405151367188,29322900
2025-01-31,691.0,705.2999877929688,685.5800170898438,689.1799926757812,687.013671875,19303900
2025-02-03,675.9099731445312,704.0,675.25,697.4600219726562,695.267578125,21415700
2025-02-04,702.5,707.7100219726562,691.6099853515625,704.1900024414062,701.9764404296875,13826300
2025-02-05,703.5499877929688,718.1400146484375,699.010009765625,704.8699951171875,702.654296875,17778200
2025-02-06,705.8800048828125,718.9000244140625,703.5,711.989990234375,709.7518920898438,13080700
2025-02-07,716.7999877929688,725.010009765625,711.75,714.52001953125,712.2739868164062,16427100
2025-02-10,718.5599975585938,721.2000122070312,711.3300170898438,717.4000244140625,715.1448974609375,12904300
2025-02-11,713.3200073242188,723.6599731445312,710.0399780273438,719.7999877929688,717.5372924804688,12998000
2025-02-12,715.2999877929688,727.0999755859375,712.5999755859375,725.3800048828125,723.099853515625,12016500
2025-02-13,721.52001953125,729.0,718.0399780273438,728.5599975585938,726.2698974609375,12569100
2025-02-14,726.1400146484375,740.9099731445312,725.6199951171875,736.6699829101562,734.3543090820312,16901200
2025-02-18,736.0,737.0,706.4400024414062,716.3699951171875,714.1181030273438,21938700
2025-02-19,704.0999755859375,707.0,695.3900146484375,703.77001953125,701.5578002929688,17535500
2025-02-20,697.280029296875,705.6300048828125,693.6400146484375,694.8400268554688,692.65576171875,12587400
2025-02-21,696.5800170898438,703.8699951171875,682.3599853515625,683.5499877929688,681.4013671875,15660400
2025-02-24,686.280029296875,687.27001953125,662.4500122070312,668.1300048828125,666.02978515625,15677000
2025-02-25,665.969970703125,668.0,641.8599853515625,657.5,655.4332275390625,20579700
2025-02-26,659.6500244140625,683.010009765625,658.0,673.7000122070312,671.582275390625,14488700
2025-02-27,682.4500122070312,688.6500244140625,657.5700073242188,658.239990234375,656.1708374023438,12500000
2025-02-28,658.0399780273438,669.6300048828125,642.5999755859375,668.2000122070312,666.0995483398438,17534200
2025-03-03,673.6799926757812,681.25,650.8400268554688,655.0499877929688,652.990966796875,10843800
2025-03-04,645.510009765625,649.75,623.6500244140625,640.0,637.9882202148438,21495200
2025-03-05,641.0,659.5,637.6599731445312,656.469970703125,654.4064331054688,13770000
2025-03-06,648.0,650.5599975585938,624.1099853515625,627.9299926757812,625.9561157226562,13446500
2025-03-07,625.3699951171875,634.7899780273438,600.6099853515625,625.6599731445312,623.6932373046875,21375700
2025-03-10,608.0700073242188,610.1099853515625,586.8699951171875,597.989990234375,596.1102294921875,21999900
2025-03-11,595.0499877929688,614.9299926757812,593.3300170898438,605.7100219726562,603.8060302734375,17401500
2025-03-12,629.9000244140625,633.3300170898438,609.3499755859375,619.5599975585938,617.6124877929688,15747000
2025-03-13,620.25,620.5,586.510009765625,590.6400146484375,588.7833862304688,16480300
2025-03-14,602.7999877929688,608.8599853515625,594.780029296875,607.5999755859375,606.2288818359375,12364500
2025-03-17,607.4600219726562,613.0999755859375,598.0,604.9000244140625,603.5350341796875,15473900
2025-03-18,600.0499877929688,600.25,574.6599731445312,582.3599853515625,581.0458984375,20297700
2025-03-19,584.280029296875,592.3200073242188,574.77001953125,584.0599975585938,582.7420654296875,20537500
2025-03-20,582.760009765625,610.2000122070312,579.510009765625,586.0,584.6776123046875,24336500
2025-03-21,583.4199829101562,597.5399780273438,580.9500122070312,596.25,594.9044799804688,25015900
2025-03-24,614.969970703125,622.5399780273438,612.2000122070312,618.8499755859375,617.4535522460938,15741300
2025-03-25,626.760009765625,633.8800048828125,621.1799926757812,626.3099975585938,624.896728515625,15312500
2025-03-26,624.8900146484375,626.75,606.6099853515625,610.97998046875,609.601318359375,12609800
2025-03-27,602.0,614.25,600.0999755859375,602.5800170898438,601.2202758789062,10436500
2025-03-28,600.3099975585938,601.75,573.9199829101562,576.739990234375,575.4385986328125,17602800
2025-03-31,563.5,578.7000122070312,553.2999877929688,576.3599853515625,575.0594482421875,21124700
2025-04-01,570.8400268554688,589.9099731445312,570.0,586.0,584.6776123046875,12836600
2025-04-02,574.9099731445312,592.6599731445312,573.3599853515625,583.9299926757812,582.6123046875,13470800
2025-04-03,546.219970703125,552.5599975585938,530.2999877929688,531.6199951171875,530.4202880859375,34777500
2025-04-04,506.6199951171875,518.0,494.2000122070313,504.7300109863281,503.5910339355469,38589800
2025-04-07,485.1000061035156,539.3699951171875,481.8999938964844,516.25,515.0850830078125,36606100
2025-04-08,543.25,547.4299926757812,502.8599853515625,510.4500122070313,509.2981567382813,28034200
2025-04-09,509.2699890136719,587.8900146484375,502.1099853515625,585.77001953125,584.4481811523438,39216600
2025-04-10,575.489990234375,581.2999877929688,535.2999877929688,546.2899780273438,545.0573120117188,28173500
2025-04-11,535.510009765625,547.4000244140625,528.5900268554688,543.5700073242188,542.3434448242188,17642300
2025-04-14,556.1699829101562,557.77001953125,528.280029296875,531.47998046875,530.2806396484375,14130900
2025-04-15,532.1099853515625,537.9400024414062,517.5,521.52001953125,520.3432006835938,15558700
2025-04-16,508.510009765625,513.3699951171875,495.6300048828125,502.30999755859375,501.176513671875,18735100
2025-04-17,505.25,507.2999877929688,498.010009765625,501.4800109863281,500.348388671875,14593500
2025-04-21,491.3299865722656,493.5,479.7999877929688,484.6600036621094,483.56634521484375,16166000
2025-04-22,491.8699951171875,506.8800048828125,486.3599853515625,500.2799987792969,499.1510925292969,17399400
2025-04-23,528.530029296875,535.3400268554688,516.52001953125,520.27001953125,519.0960083007812,18173900
2025-04-24,518.72998046875,533.9000244140625,517.5,533.1500244140625,531.9469604492188,13910000
2025-04-25,546.7999877929688,549.8599853515625,536.25,547.27001953125,546.0350952148438,17098900
2025-04-28,555.6400146484375,558.489990234375,540.5900268554688,549.739990234375,548.49951171875,15179000
2025-04-29,546.0,556.5700073242188,544.1199951171875,554.4400024414062,553.1889038085938,11835000
2025-04-30,538.4000244140625,549.0999755859375,529.5,549.0,547.7611694335938,29244000
2025-05-01,592.0800170898438,592.9500122070312,570.5,572.2100219726562,570.9188232421875,31159000
2025-05-02,583.4600219726562,604.3400268554688,578.3300170898438,597.02001953125,595.6728515625,24739300
2025-05-05,591.219970703125,603.2100219726562,588.0499877929688,599.27001953125,597.917724609375,13887700
2025-05-06,592.530029296875,596.030029296875,586.5800170898438,587.3099975585938,585.9847412109375,10600700
2025-05-07,590.3599853515625,603.0800170898438,586.6699829101562,596.8099975585938,595.4632568359375,13139100
2025-05-08,606.2899780273438,611.2999877929688,596.6199951171875,598.010009765625,596.6605834960938,14622800
2025-05-09,603.719970703125,606.969970703125,591.7100219726562,592.489990234375,591.1530151367188,10427300
2025-05-12,630.9199829101562,640.3900146484375,621.030029296875,639.4299926757812,637.987060546875,21965100
2025-05-13,645.5399780273438,660.9199829101562,642.8300170898438,656.030029296875,654.5496826171875,18570800
2025-05-14,661.2100219726562,662.6699829101562,654.3099975585938,659.3599853515625,657.8720703125,12348200
2025-05-15,654.280029296875,657.3099975585938,638.5800170898438,643.8800048828125,642.4270629882812,14341800
2025-05-16,637.9600219726562,640.4400024414062,626.1500244140625,640.3400268554688,638.8950805664062,18519000
2025-05-19,628.25,643.0,627.7999877929688,640.4299926757812,638.98486328125,9592400
2025-05-20,636.010009765625,639.3499755859375,632.260009765625,637.0999755859375,635.662353515625,6743500
2025-05-21,631.7899780273438,646.6099853515625,630.1699829101562,635.5,634.0659790039062,11464600
2025-05-22,634.0499877929688,643.25,630.7100219726562,636.5700073242188,635.133544921875,8228400
2025-05-23,624.0,632.4500122070312,622.6500244140625,627.0599975585938,625.6449584960938,8454100
2025-05-27,635.4099731445312,643.0800170898438,632.75,642.3200073242188,640.87060546875,9508400
2025-05-28,642.5999755859375,650.8800048828125,642.5499877929688,643.5800170898438,642.1277465820312,9042900
2025-05-29,651.6500244140625,653.3200073242188,639.5,645.0499877929688,643.5944213867188,8858800
2025-05-30,642.5,649.4099731445312,632.780029296875,647.489990234375,646.0289306640625,16241000
2025-06-02,644.3900146484375,673.260009765625,644.260009765625,670.9000244140625,669.3861083984375,15766300
2025-06-03,671.4500122070312,675.5800170898438,665.030029296875,666.8499755859375,665.3451538085938,11585000
2025-06-04,669.3200073242188,689.0,668.5700073242188,687.9500122070312,686.3976440429688,14031900
2025-06-05,691.6599731445312,694.3800048828125,682.25,684.6199951171875,683.0750732421875,13083100
2025-06-06,696.1699829101562,702.8099975585938,691.8699951171875,697.7100219726562,696.1356201171875,11728000
2025-06-09,698.4600219726562,705.1900024414062,693.9400024414062,694.0599975585938,692.4937744140625,12773200
2025-06-10,701.3499755859375,703.22998046875,691.5599975585938,702.4000244140625,700.8150024414062,10850100
2025-06-11,703.7100219726562,708.8699951171875,691.989990234375,694.1400146484375,692.5736083984375,9582500
2025-06-12,693.2999877929688,695.3800048828125,687.0,693.3599853515625,691.79541015625,7322700
2025-06-13,687.9500122070312,694.5700073242188,681.010009765625,682.8699951171875,681.3291015625,9274400
2025-06-16,699.3300170898438,707.1500244140625,693.510009765625,702.1199951171875,701.0746459960938,13720300
2025-06-17,702.0,705.969970703125,696.0599975585938,697.22998046875,696.19189453125,10066100
2025-06-18,698.1799926757812,701.5900268554688,694.9000244140625,695.77001953125,694.7340698242188,10068300
2025-06-20,700.75,701.8200073242188,678.6699829101562,682.3499755859375,681.3341064453125,22538600
2025-06-23,683.6900024414062,699.0499877929688,678.75,698.530029296875,697.4900512695312,11080100
2025-06-24,704.8900146484375,713.1900024414062,702.1099853515625,712.2000122070312,711.1396484375,13823200
2025-06-25,713.3200073242188,716.5800170898438,705.3800048828125,708.6799926757812,707.6248779296875,9320400
2025-06-26,714.3599853515625,728.219970703125,711.0499877929688,726.0900268554688,725.009033203125,13964800
2025-06-27,726.52001953125,735.4299926757812,725.8599853515625,733.6300048828125,732.5377197265625,18775700
2025-06-30,744.5499877929688,747.9000244140625,734.25,738.0900268554688,736.9910888671875,15402100
2025-07-01,736.8800048828125,737.75,715.3699951171875,719.219970703125,718.149169921875,13431200
2025-07-02,715.3300170898438,720.2999877929688,712.7999877929688,713.5700073242188,712.5076293945312,9336700
2025-07-03,726.6099853515625,729.030029296875,714.4199829101562,719.010009765625,717.9395141601562,8601700
2025-07-07,717.5999755859375,727.0,713.510009765625,718.3499755859375,717.2804565429688,9457100
2025-07-08,721.5700073242188,722.9099731445312,714.8099975585938,720.6699829101562,719.5970458984375,7770700
2025-07-09,722.719970703125,737.530029296875,722.719970703125,732.780029296875,731.6890258789062,11418000
2025-07-10,731.5499877929688,735.7999877929688,719.5999755859375,727.239990234375,726.1572265625,9913600
2025-07-11,722.5,725.1599731445312,709.7000122070312,717.510009765625,716.4417114257812,10873900
2025-07-14,717.5999755859375,728.0,716.5499877929688,720.9199829101562,719.8466796875,8939400
2025-07-15,723.9000244140625,724.469970703125,709.8200073242188,710.3900146484375,709.3323364257812,11529500
2025-07-16,713.3699951171875,713.969970703125,699.27001953125,702.9099731445312,701.8634643554688,13067600
2025-07-17,704.3900146484375,705.9000244140625,697.1099853515625,701.4099731445312,700.3656616210938,11803300
2025-07-18,702.1900024414062,704.7100219726562,691.6500244140625,704.280029296875,703.2314453125,12779800
2025-07-21,706.7999877929688,717.0,705.760009765625,712.969970703125,711.9085083007812,9404400
2025-07-22,716.1900024414062,716.5999755859375,701.4099731445312,704.8099975585938,703.7606811523438,8921100
2025-07-23,706.3699951171875,714.6300048828125,704.9299926757812,713.5800170898438,712.5176391601562,8771600
2025-07-24,717.0499877929688,723.6199951171875,714.0,714.7999877929688,713.7357177734375,10920800
2025-07-25,716.9199829101562,720.6500244140625,711.9000244140625,712.6799926757812,711.6189575195312,8271700
2025-07-28,715.2000122070312,724.739990234375,712.6799926757812,717.6300048828125,716.5615844726562,8715700
2025-07-29,720.0,724.469970703125,699.9099731445312,700.0,698.9578247070312,13267000
2025-07-30,708.0900268554688,708.5,691.2000122070312,695.2100219726562,694.1749877929688,27077300
2025-07-31,775.2000122070312,784.75,765.510009765625,773.4400024414062,772.2884521484375,38831100
2025-08-01,760.72998046875,766.0,745.3099975585938,750.010009765625,748.8933715820312,19028700
2025-08-04,760.0,776.8499755859375,758.4099731445312,776.3699951171875,775.2140502929688,15801700
2025-08-05,776.4500122070312,783.1300048828125,763.0,763.4600219726562,762.3233642578125,11640300
2025-08-06,770.0,773.6400146484375,760.4600219726562,771.989990234375,770.8406372070312,9733900
2025-08-07,773.489990234375,775.0,759.5499877929688,761.8300170898438,760.6957397460938,9019700
2025-08-08,762.75,769.9000244140625,758.5800170898438,769.2999877929688,768.1546630859375,7320800
2025-08-11,770.0800170898438,773.4600219726562,764.6699829101562,765.8699951171875,764.7296752929688,7612000
2025-08-12,773.0,793.6699829101562,772.4299926757812,790.0,788.8237915039062,14563100
2025-08-13,791.1500244140625,795.4600219726562,778.22998046875,780.0800170898438,778.9186401367188,8811800
2025-08-14,777.8800048828125,787.8099975585938,772.510009765625,782.1300048828125,780.9655151367188,8116200
2025-08-15,784.1500244140625,796.25,780.8200073242188,785.22998046875,784.0609130859375,13375400
2025-08-18,775.0900268554688,775.8099975585938,756.5599975585938,767.3699951171875,766.2274780273438,16513700
2025-08-19,767.1199951171875,767.1699829101562,749.3599853515625,751.47998046875,750.3611450195312,12286700
2025-08-20,747.5700073242188,750.2000122070312,731.0,747.719970703125,746.6067504882812,11898200
2025-08-21,744.7100219726562,745.5,733.1099853515625,739.0999755859375,737.9995727539062,8876300
2025-08-22,739.22998046875,756.9000244140625,734.3900146484375,754.7899780273438,753.6661987304688,10612700
2025-08-25,754.8200073242188,758.8800048828125,750.1300048828125,753.2999877929688,752.1784057617188,6861200
2025-08-26,750.7999877929688,754.8699951171875,747.9400024414062,754.0999755859375,752.9772338867188,7601800
2025-08-27,752.2999877929688,754.1500244140625,742.8400268554688,747.3800048828125,746.2672729492188,8315400
2025-08-28,744.0,753.0499877929688,740.7999877929688,751.1099853515625,749.99169921875,7468000
2025-08-29,745.280029296875,747.1400146484375,735.3499755859375,738.7000122070312,737.6001586914062,9070500
2025-09-02,726.0399780273438,736.0,721.72998046875,735.1099853515625,734.0155029296875,9350900
2025-09-03,736.0,740.25,733.989990234375,737.0499877929688,735.95263671875,7699300
2025-09-04,748.5700073242188,761.1599731445312,745.8200073242188,748.6500244140625,747.535400390625,11439100
2025-09-05,752.6199951171875,757.9500122070312,745.030029296875,752.4500122070312,751.3297729492188,9663400
2025-09-08,756.0,766.510009765625,752.02001953125,752.2999877929688,751.179931640625,13087800
2025-09-09,757.489990234375,766.2999877929688,753.4299926757812,765.7000122070312,764.5599975585938,10999000
2025-09-10,765.1300048828125,765.7000122070312,751.0,751.97998046875,750.8604125976562,12478300
2025-09-11,754.6500244140625,757.0999755859375,748.3699951171875,750.9000244140625,749.7820434570312,7923300
2025-09-12,748.72998046875,757.5700073242188,743.760009765625,755.5900268554688,754.465087890625,8248600
2025-09-15,757.469970703125,774.0700073242188,751.989990234375,764.7000122070312,763.5614624023438,10533800
2025-09-16,767.0,781.3599853515625,765.0999755859375,779.0,777.8401489257812,11782500
2025-09-17,779.989990234375,783.2899780273438,766.3099975585938,775.719970703125,774.5650634765625,9400900
2025-09-18,780.75,788.780029296875,773.3599853515625,780.25,779.0883178710938,10955000
2025-09-19,786.4199829101562,790.7999877929688,769.1900024414062,778.3800048828125,777.2210693359375,23696800
2025-09-22,781.8499755859375,785.72998046875,764.469970703125,765.1599731445312,764.5364379882812,11706900
2025-09-23,769.25,770.5999755859375,751.0700073242188,755.4000244140625,754.784423828125,10872600
2025-09-24,757.5,761.1099853515625,752.530029296875,760.6599731445312,760.0401000976562,8828200
2025-09-25,753.4500122070312,756.77001953125,744.5499877929688,748.9099731445312,748.2996826171875,10591100
2025-09-26,750.0,751.9299926757812,737.3499755859375,743.75,743.1439208984375,9696300
2025-09-29,748.719970703125,750.780029296875,739.1500244140625,743.4000244140625,742.794189453125,9246800
2025-09-30,742.25,742.969970703125,726.2999877929688,734.3800048828125,733.7815551757812,16226800
2025-10-01,721.489990234375,721.8499755859375,710.2000122070312,717.3400268554688,716.7554321289062,20419600
2025-10-02,722.5800170898438,727.77001953125,718.1400146484375,727.0499877929688,726.45751953125,11415300
2025-10-03,729.6300048828125,731.0,710.1799926757812,710.5599975585938,709.98095703125,16154300
2025-10-06,705.1900024414062,716.8800048828125,690.510009765625,715.6599731445312,715.0767822265625,21654700
2025-10-07,717.719970703125,718.5,705.75,713.0800170898438,712.4989013671875,12062900
2025-10-08,713.4500122070312,719.6500244140625,707.8099975585938,717.8400268554688,717.2550659179688,10790600
2025-10-09,718.280029296875,733.510009765625,712.4400024414062,733.510009765625,732.9122314453125,12717200
2025-10-10,730.9199829101562,735.27001953125,704.510009765625,705.2999877929688,704.7252197265625,16980100
2025-10-13,713.010009765625,719.9400024414062,707.6400146484375,715.7000122070312,715.1167602539062,9251800
2025-10-14,707.780029296875,715.5499877929688,699.3300170898438,708.6500244140625,708.072509765625,8829800
2025-10-15,717.0599975585938,723.9000244140625,709.510009765625,717.5499877929688,716.9652709960938,10246800
2025-10-16,717.5499877929688,725.489990234375,703.8800048828125,712.0700073242188,711.48974609375,9017000
2025-10-17,707.0800170898438,718.5399780273438,706.1199951171875,716.9199829101562,716.3357543945312,12232400
2025-10-20,721.1900024414062,733.77001953125,720.1799926757812,732.1699829101562,731.5733032226562,8900200
2025-10-21,736.02001953125,738.5,728.75,733.27001953125,732.6724853515625,7647300
2025-10-22,733.8300170898438,740.5999755859375,724.030029296875,733.4099731445312,732.8123168945312,8734500
2025-10-23,734.7000122070312,742.4099731445312,733.0999755859375,734.0,733.40185546875,9856000
2025-10-24,736.7899780273438,741.2100219726562,731.1500244140625,738.3599853515625,737.75830078125,9151300
2025-10-27,749.72998046875,755.75,748.010009765625,750.8200073242188,750.2081298828125,11321100
2025-10-28,752.6300048828125,758.4000244140625,745.52001953125,751.4400024414062,750.82763671875,12193800
2025-10-29,754.75,759.1599731445312,742.510009765625,751.6699829101562,751.0574340820312,26818600
2025-10-30,669.1500244140625,680.9600219726562,650.1699829101562,666.469970703125,665.9268798828125,88440100
2025-10-31,674.510009765625,674.8900146484375,645.5700073242188,648.3499755859375,647.8216552734375,56953200
2025-11-03,656.0,659.3300170898438,636.1799926757812,637.7100219726562,637.1903686523438,33003600
2025-11-04,628.0399780273438,641.739990234375,626.010009765625,627.3200073242188,626.8087768554688,27356600
2025-11-05,632.3099975585938,642.22998046875,626.5399780273438,635.9500122070312,635.4317626953125,20219900
2025-11-06,635.8499755859375,636.0,618.0,618.9400024414062,618.4356079101562,23628800
2025-11-07,616.489990234375,622.1300048828125,601.2000122070312,621.7100219726562,621.203369140625,29946800
2025-11-10,631.0900268554688,635.0,618.1099853515625,631.760009765625,631.2451782226562,19245000
2025-11-11,628.0,629.5599975585938,619.3900146484375,627.0800170898438,626.5690307617188,13302200
2025-11-12,628.1300048828125,628.989990234375,607.77001953125,609.010009765625,608.5137329101562,24493300
2025-11-13,613.0700073242188,617.6500244140625,603.0,609.8900146484375,609.3930053710938,20973800
2025-11-14,601.7899780273438,613.6799926757812,595.2000122070312,609.4600219726562,608.96337890625,20724100
2025-11-17,609.0399780273438,611.6900024414062,595.4000244140625,602.010009765625,601.5194091796875,16501300
2025-11-18,591.5999755859375,603.6599731445312,583.780029296875,597.6900024414062,597.2029418945312,25500600
2025-11-19,593.719970703125,595.3300170898438,581.25,590.3200073242188,589.8389282226562,24744700
2025-11-20,603.5,606.719970703125,583.3499755859375,589.1500244140625,588.669921875,20603000
2025-11-21,588.5,598.1199951171875,581.8599853515625,594.25,593.7657470703125,21052600
2025-11-24,598.719970703125,616.7000122070312,597.6300048828125,613.0499877929688,612.5504150390625,23554900
2025-11-25,624.0,637.0499877929688,618.2999877929688,636.219970703125,635.7014770507812,25213000
2025-11-26,637.6900024414062,638.3599853515625,631.6300048828125,633.6099853515625,633.0936279296875,15209500
2025-11-28,636.0800170898438,648.0499877929688,635.5,647.9500122070312,647.4219970703125,11033200
2025-12-01,639.5499877929688,645.3200073242188,637.760009765625,640.8699951171875,640.3477172851562,13029900
2025-12-02,642.3400268554688,647.8699951171875,638.0700073242188,647.0999755859375,646.5726318359375,11640900
2025-12-03,644.4099731445312,648.8499755859375,637.5499877929688,639.5999755859375,639.0787353515625,11134300
2025-12-04,676.0,676.0999755859375,660.0499877929688,661.530029296875,660.990966796875,29874600
2025-12-05,664.0,674.6900024414062,662.3900146484375,673.4199829101562,672.8712158203125,21207900
2025-12-08,669.3400268554688,676.7100219726562,665.0700073242188,666.7999877929688,666.256591796875,13161000
2025-12-09,663.77001953125,664.47998046875,653.3400268554688,656.9600219726562,656.4246826171875,12997100
2025-12-10,649.9500122070312,654.510009765625,643.4000244140625,650.1300048828125,649.6002197265625,16910900
2025-12-11,643.2899780273438,655.280029296875,640.7999877929688,652.7100219726562,652.1781005859375,13056700
2025-12-12,649.7999877929688,711.0,638.6099853515625,644.22998046875,643.7050170898438,14016900
2025-12-15,645.7000122070312,653.0,638.7000122070312,647.510009765625,647.510009765625,15549100
2025-12-16,643.5,662.5399780273438,643.2000122070312,657.1500244140625,657.1500244140625,14309100
2025-12-17,655.6099853515625,661.22998046875,649.2000122070312,649.5,649.5,15598500
2025-12-18,657.030029296875,670.5599975585938,656.4600219726562,664.4500122070312,664.4500122070312,20260300
2025-12-19,666.4199829101562,671.0,658.1799926757812,658.77001953125,658.77001953125,49977100
2025-12-22,661.6500244140625,673.5800170898438,656.6500244140625,661.5,661.5,15659400
2025-12-23,660.0499877929688,666.0,658.25,664.9400024414062,664.9400024414062,8486800
2025-12-24,662.530029296875,668.1799926757812,662.2000122070312,667.5499877929688,667.5499877929688,5627500
2025-12-26,668.0599975585938,668.9500122070312,661.3200073242188,663.2899780273438,663.2899780273438,7133800
2025-12-29,658.010009765625,660.25,654.3900146484375,658.6900024414062,658.6900024414062,8506500
2025-12-30,658.6900024414062,672.219970703125,657.8400268554688,665.9500122070312,665.9500122070312,9187500
2025-12-31,664.75,665.0,659.4400024414062,660.0900268554688,660.0900268554688,7940400
2026-01-02,662.72998046875,664.3900146484375,643.5,650.4099731445312,650.4099731445312,13726500
2026-01-05,651.010009765625,664.5399780273438,647.75,658.7899780273438,658.7899780273438,12213700
2026-01-06,659.5700073242188,665.52001953125,651.9000244140625,660.6199951171875,660.6199951171875,11074400
2026-01-07,655.6400146484375,659.1500244140625,644.8099975585938,648.6900024414062,648.6900024414062,12846300
2026-01-08,645.8800048828125,647.0999755859375,635.719970703125,646.0599975585938,646.0599975585938,11921700
2026-01-09,645.4400024414062,654.9500122070312,642.8499755859375,653.0599975585938,653.0599975585938,11634900
2026-01-12,652.530029296875,653.969970703125,641.22998046875,641.969970703125,641.969970703125,14797200
2026-01-13,642.27001953125,642.27001953125,624.0999755859375,631.0900268554688,631.0900268554688,18030400
2026-01-14,626.5,628.4500122070312,614.8200073242188,615.52001953125,615.52001953125,15527900
2026-01-15,618.47998046875,624.1699829101562,614.22998046875,620.7999877929688,620.7999877929688,13076100
2026-01-16,624.1799926757812,629.0800170898438,620.0800170898438,620.25,620.25,17012500
2026-01-20,607.8800048828125,611.4000244140625,600.0,604.1199951171875,604.1199951171875,15169600
2026-01-21,606.739990234375,618.27001953125,600.0800170898438,612.9600219726562,612.9600219726562,14494700
2026-01-22,629.3499755859375,660.5700073242188,626.5499877929688,647.6300048828125,647.6300048828125,21394700
2026-01-23,644.77001953125,666.489990234375,644.4500122070312,658.760009765625,658.760009765625,22797700
2026-01-26,665.1300048828125,675.280029296875,661.2899780273438,672.3599853515625,672.3599853515625,16327400
2026-01-27,674.5900268554688,676.8200073242188,664.6599731445312,672.969970703125,672.969970703125,13297400
2026-01-28,674.5,677.6799926757812,666.0999755859375,668.72998046875,668.72998046875,25709600
2026-01-29,737.4299926757812,744.0,712.5499877929688,738.3099975585938,738.3099975585938,59852900
2026-01-30,727.5,732.1699829101562,713.5900268554688,716.5,716.5,23744600
2026-02-02,714.5999755859375,721.2999877929688,703.52001953125,706.4099731445312,706.4099731445312,14365200
2026-02-03,707.3699951171875,717.0,686.4099731445312,691.7000122070312,691.7000122070312,13760700
2026-02-04,687.72998046875,688.8300170898438,667.4600219726562,668.989990234375,668.989990234375,16882800
2026-02-05,663.5800170898438,681.5,653.5,670.2100219726562,670.2100219726562,17131800
2026-02-06,665.489990234375,671.989990234375,646.5,661.4600219726562,661.4600219726562,18159300
2026-02-09,663.1799926757812,683.3099975585938,658.780029296875,677.219970703125,677.219970703125,14837500
2026-02-10,677.5999755859375,680.6500244140625,669.7899780273438,670.719970703125,670.719970703125,10455800
2026-02-11,674.0,679.27001953125,657.0999755859375,668.6900024414062,668.6900024414062,14323800
2026-02-12,669.969970703125,676.0,645.280029296875,649.8099975585938,649.8099975585938,14960100
2026-02-13,645.0999755859375,651.4299926757812,634.5700073242188,639.77001953125,639.77001953125,12336400
2026-02-17,639.5,642.5999755859375,628.7999877929688,639.2899780273438,639.2899780273438,12674700
2026-02-18,633.7999877929688,645.0,628.1500244140625,643.219970703125,643.219970703125,14649200
2026-02-19,638.5700073242188,647.1900024414062,636.719970703125,644.780029296875,644.780029296875,10035700
2026-02-20,639.6900024414062,663.3499755859375,638.780029296875,655.6599731445312,655.6599731445312,14183500
2026-02-23,652.5399780273438,657.7000122070312,636.0,637.25,637.25,8605900
2026-02-24,633.0800170898438,641.1099853515625,628.97998046875,639.2999877929688,639.2999877929688,10135600
2026-02-25,642.530029296875,653.8800048828125,642.1400146484375,653.6900024414062,653.6900024414062,11330700
2026-02-26,650.5499877929688,661.0,647.5,657.010009765625,657.010009765625,10637700
2026-02-27,643.4500122070312,649.4400024414062,638.1199951171875,648.1799926757812,648.1799926757812,15703000
2026-03-02,637.1599731445312,659.9400024414062,634.5,653.5599975585938,653.5599975585938,9816100
2026-03-03,648.2899780273438,659.0399780273438,638.8400268554688,655.0800170898438,655.0800170898438,12263800
2026-03-04,657.9600219726562,672.77001953125,657.6699829101562,667.72998046875,667.72998046875,10810100
2026-03-05,661.9299926757812,670.7000122070312,650.3099975585938,660.5700073242188,660.5700073242188,13341400
2026-03-06,647.9000244140625,649.469970703125,636.1099853515625,644.8599853515625,644.8599853515625,13159400
2026-03-09,634.780029296875,647.75,626.780029296875,647.3900146484375,647.3900146484375,13489700
2026-03-10,653.5599975585938,660.2999877929688,649.0,654.0700073242188,654.0700073242188,9859300
2026-03-11,654.760009765625,659.1199951171875,648.3599853515625,654.8599853515625,654.8599853515625,8977200
2026-03-12,648.75,653.5,636.9000244140625,638.1799926757812,638.1799926757812,11617500
2026-03-13,623.27001953125,629.169921875,609.5499877929688,613.7100219726562,613.7100219726562,18758294
